-- phpMyAdmin SQL Dump
-- version 4.0.10deb1ubuntu0.1
-- http://www.phpmyadmin.net
--
-- Host: localhost
-- Generation Time: Aug 02, 2019 at 05:59 PM
-- Server version: 5.6.33-0ubuntu0.14.04.1
-- PHP Version: 5.6.13-1+deb.sury.org~trusty+3

SET SQL_MODE = "NO_AUTO_VALUE_ON_ZERO";
SET time_zone = "+00:00";


/*!40101 SET @OLD_CHARACTER_SET_CLIENT=@@CHARACTER_SET_CLIENT */;
/*!40101 SET @OLD_CHARACTER_SET_RESULTS=@@CHARACTER_SET_RESULTS */;
/*!40101 SET @OLD_COLLATION_CONNECTION=@@COLLATION_CONNECTION */;
/*!40101 SET NAMES utf8 */;

--
-- Database: `dimacorsa`
--

-- --------------------------------------------------------

--
-- Table structure for table `abonos_compras`
--

CREATE TABLE IF NOT EXISTS `abonos_compras` (
  `id` int(10) unsigned NOT NULL AUTO_INCREMENT,
  `user_id` int(10) unsigned NOT NULL,
  `tienda_id` int(10) unsigned NOT NULL,
  `metodo_pago_id` int(10) unsigned NOT NULL DEFAULT '1',
  `proveedor_id` int(10) unsigned NOT NULL,
  `monto` decimal(11,5) NOT NULL,
  `observaciones` varchar(255) COLLATE utf8_spanish_ci DEFAULT NULL,
  `created_at` timestamp NOT NULL DEFAULT '0000-00-00 00:00:00',
  `updated_at` timestamp NOT NULL DEFAULT '0000-00-00 00:00:00',
  PRIMARY KEY (`id`),
  KEY `abonos_compras_user_id_foreign` (`user_id`),
  KEY `abonos_compras_tienda_id_foreign` (`tienda_id`),
  KEY `abonos_compras_metodo_pago_id_foreign` (`metodo_pago_id`),
  KEY `abonos_compras_proveedor_id_foreign` (`proveedor_id`)
) ENGINE=InnoDB  DEFAULT CHARSET=utf8 COLLATE=utf8_spanish_ci AUTO_INCREMENT=16 ;

--
-- Dumping data for table `abonos_compras`
--

INSERT INTO `abonos_compras` (`id`, `user_id`, `tienda_id`, `metodo_pago_id`, `proveedor_id`, `monto`, `observaciones`, `created_at`, `updated_at`) VALUES
(1, 15, 1, 5, 39, '24882.59200', 'banrural 0012', '2019-07-08 22:22:03', '2019-07-08 22:22:03'),
(4, 15, 1, 5, 42, '1500.00000', '09/07/2019 ABONO A LA FACTURA No de Boleta 0105 ', '2019-07-09 21:30:12', '2019-07-09 21:30:12'),
(6, 15, 1, 1, 42, '1500.00000', '', '2019-07-09 21:36:05', '2019-07-09 21:36:05'),
(8, 15, 1, 1, 42, '500.00000', '', '2019-07-09 21:37:41', '2019-07-09 21:37:41'),
(9, 16, 1, 3, 39, '20000.00000', 'abono a factura pendiente con un cheque de Q20,000 con numero 00525 de banco industrial. 9/7/2019', '2019-07-09 21:39:10', '2019-07-09 21:39:10'),
(10, 15, 1, 3, 42, '4096.94800', 'cancelo deudas ', '2019-07-30 17:42:54', '2019-07-30 17:42:54'),
(11, 15, 1, 1, 49, '500000.00000', 'ABONO A DEUDA \r\n', '2019-07-30 21:37:37', '2019-07-30 21:37:37'),
(12, 15, 1, 3, 39, '300000.00000', 'abono a cuenta ', '2019-07-31 21:22:24', '2019-07-31 21:22:24'),
(13, 15, 1, 5, 40, '200000.00000', '', '2019-07-31 21:23:37', '2019-07-31 21:23:37'),
(15, 15, 1, 3, 51, '8550.00000', 'abono por deuda ', '2019-07-31 21:57:56', '2019-07-31 21:57:56');

-- --------------------------------------------------------

--
-- Table structure for table `abonos_ventas`
--

CREATE TABLE IF NOT EXISTS `abonos_ventas` (
  `id` int(10) unsigned NOT NULL AUTO_INCREMENT,
  `user_id` int(10) unsigned NOT NULL,
  `tienda_id` int(10) unsigned NOT NULL,
  `metodo_pago_id` int(10) unsigned NOT NULL DEFAULT '1',
  `cliente_id` int(10) unsigned NOT NULL,
  `caja_id` int(11) NOT NULL DEFAULT '0',
  `monto` decimal(8,2) NOT NULL DEFAULT '0.00',
  `observaciones` varchar(255) COLLATE utf8_spanish_ci DEFAULT NULL,
  `created_at` timestamp NOT NULL DEFAULT '0000-00-00 00:00:00',
  `updated_at` timestamp NOT NULL DEFAULT '0000-00-00 00:00:00',
  PRIMARY KEY (`id`),
  KEY `abonos_ventas_user_id_foreign` (`user_id`),
  KEY `abonos_ventas_tienda_id_foreign` (`tienda_id`),
  KEY `abonos_ventas_metodo_pago_id_foreign` (`metodo_pago_id`),
  KEY `abonos_ventas_cliente_id_foreign` (`cliente_id`)
) ENGINE=InnoDB  DEFAULT CHARSET=utf8 COLLATE=utf8_spanish_ci AUTO_INCREMENT=75 ;

--
-- Dumping data for table `abonos_ventas`
--

INSERT INTO `abonos_ventas` (`id`, `user_id`, `tienda_id`, `metodo_pago_id`, `cliente_id`, `caja_id`, `monto`, `observaciones`, `created_at`, `updated_at`) VALUES
(1, 15, 1, 1, 17, 7, '1000.00', '09/04/2019 abono a deuda ', '2019-07-09 22:46:40', '2019-07-09 22:46:40'),
(2, 16, 1, 5, 19, 1, '200.00', 'Abono de Q200.00 por medio de deposito bancario a Luis Julian , con boleta No. 0002345 9/7/2019', '2019-07-09 22:48:20', '2019-07-09 22:48:20'),
(3, 14, 1, 1, 22, 6, '2250.00', 'Cancelacion del monto toatal en eectivo de la deuda de Q2250.00', '2019-07-10 16:49:38', '2019-07-10 16:49:38'),
(4, 17, 1, 1, 24, 8, '2500.00', 'abono de vaillas', '2019-07-10 20:11:56', '2019-07-10 20:11:56'),
(5, 17, 1, 1, 24, 8, '10000.00', 'abono de diez mil en efectivo', '2019-07-10 20:13:24', '2019-07-10 20:13:24'),
(6, 17, 1, 1, 24, 8, '4800.00', NULL, '2019-07-10 20:15:46', '2019-07-10 20:15:46'),
(7, 16, 1, 1, 24, 7, '4000.00', 'abono de compra de costaneras de 2x4x3/16', '2019-07-10 20:29:14', '2019-07-10 20:29:14'),
(8, 17, 1, 1, 24, 8, '2500.00', NULL, '2019-07-10 20:30:17', '2019-07-10 20:30:17'),
(9, 17, 1, 1, 17, 7, '2985.00', 'Cancelara la cuenta en su totalidad por la compra a crédito', '2019-07-10 23:38:23', '2019-07-10 23:38:23'),
(10, 17, 1, 1, 19, 7, '1886.00', 'pago total de deuda', '2019-07-10 23:41:22', '2019-07-10 23:41:22'),
(11, 17, 1, 1, 19, 7, '2000.00', 'abono de tubo pvc', '2019-07-11 14:10:58', '2019-07-11 14:10:58'),
(12, 17, 1, 1, 19, 7, '100.00', 'Paga deuda total de 100', '2019-07-11 14:18:35', '2019-07-11 14:18:35'),
(13, 17, 1, 1, 26, 7, '15.00', 'pago total de 15 quetzales', '2019-07-11 14:26:09', '2019-07-11 14:26:09'),
(14, 17, 1, 1, 26, 7, '250.00', '', '2019-07-11 14:46:05', '2019-07-11 14:46:05'),
(15, 17, 1, 1, 26, 7, '100.00', 'paga totalidad de deuda', '2019-07-11 14:58:32', '2019-07-11 14:58:32'),
(16, 17, 1, 1, 16, 7, '4450.00', NULL, '2019-07-11 15:35:59', '2019-07-11 15:35:59'),
(17, 17, 1, 5, 1, 7, '8005.00', 'total  de deuda pago completo\r\n', '2019-07-11 15:41:50', '2019-07-11 15:41:50'),
(18, 17, 1, 1, 24, 7, '442.00', 'pago total de 442 exactos', '2019-07-11 15:44:04', '2019-07-11 15:44:04'),
(19, 17, 1, 3, 16, 7, '25000.00', 'Abono parcial a de 25000 ', '2019-07-11 16:22:47', '2019-07-11 16:22:47'),
(20, 17, 1, 1, 20, 7, '2305.50', '', '2019-07-11 17:52:54', '2019-07-11 17:52:54'),
(21, 17, 1, 1, 28, 7, '5000.00', 'abono', '2019-07-11 18:04:45', '2019-07-11 18:04:45'),
(22, 17, 1, 1, 26, 7, '550.00', 'pago 550 total en efectivo', '2019-07-11 20:11:32', '2019-07-11 20:11:32'),
(23, 17, 1, 1, 16, 7, '22000.00', 'abono de 22000', '2019-07-11 20:15:11', '2019-07-11 20:15:11'),
(24, 17, 1, 1, 16, 7, '100.00', 'Abono a la factura 100 y resta 500', '2019-07-11 20:26:06', '2019-07-11 20:26:06'),
(25, 17, 1, 1, 16, 7, '500.00', 'saldo deuda', '2019-07-11 20:27:50', '2019-07-11 20:27:50'),
(26, 17, 1, 3, 19, 7, '200.00', 'Cancelacion de 200 quetzales por credito .', '2019-07-12 14:57:55', '2019-07-12 14:57:55'),
(27, 17, 1, 1, 28, 7, '5500.00', 'Cancelación en su totalidad de la deuda en efectivo .', '2019-07-12 14:59:14', '2019-07-12 14:59:14'),
(28, 17, 1, 3, 17, 7, '300.00', 'Abono de 300 quetzales !', '2019-07-15 17:18:48', '2019-07-15 17:18:48'),
(29, 17, 1, 1, 17, 7, '387.00', 'Cancelación de pago que tenia atrasado de varios años y hasta hoy se recordó.', '2019-07-23 17:43:35', '2019-07-23 17:43:35'),
(30, 17, 1, 1, 19, 7, '225.00', '', '2019-07-23 17:49:03', '2019-07-23 17:49:03'),
(31, 17, 1, 1, 20, 7, '375.00', 'abono a deuda de factura atrasado', '2019-07-23 17:53:15', '2019-07-23 17:53:15'),
(33, 17, 1, 5, 1, 7, '2342.10', 'cancelo deuda ', '2019-07-24 18:12:21', '2019-07-24 18:12:21'),
(34, 16, 1, 1, 20, 6, '75.00', 'Pago de deuda ', '2019-07-26 22:26:53', '2019-07-26 22:26:53'),
(35, 16, 1, 1, 23, 6, '5876.00', 'Cancela la deuda el señor ludwin', '2019-07-26 22:28:44', '2019-07-26 22:28:44'),
(36, 16, 1, 1, 26, 6, '6080.50', 'Pago total de la deuda', '2019-07-26 22:30:45', '2019-07-26 22:30:45'),
(37, 16, 1, 5, 54, 6, '30400.00', 'Deposita y cancela la deuda en banco del sistema banrural con boleta No.3265984-2', '2019-07-26 22:33:52', '2019-07-26 22:33:52'),
(38, 16, 1, 1, 1, 6, '2877.00', 'cancela la deuda', '2019-07-26 22:34:52', '2019-07-26 22:34:52'),
(39, 16, 1, 1, 19, 6, '200.00', 'Cancelala deuda', '2019-07-26 22:35:46', '2019-07-26 22:35:46'),
(40, 16, 1, 1, 16, 6, '392.00', '', '2019-07-26 22:36:12', '2019-07-26 22:36:12'),
(41, 16, 1, 1, 39, 6, '2000.00', 'CDO hizo el pago total de la deuda', '2019-07-26 22:37:26', '2019-07-26 22:37:26'),
(42, 16, 1, 1, 34, 6, '1325.00', 'pago total de deuda', '2019-07-26 22:44:32', '2019-07-26 22:44:32'),
(43, 16, 1, 1, 59, 6, '1475.50', 'Cliente satisfecho cancela la deuda', '2019-07-26 22:48:29', '2019-07-26 22:48:29'),
(44, 16, 1, 4, 60, 6, '200.00', 'pago total de la deuda\r\n', '2019-07-26 22:49:14', '2019-07-26 22:49:14'),
(45, 16, 1, 3, 51, 6, '1000.00', 'Paga deuda con Cheque la totalidad de la deuda', '2019-07-26 22:51:56', '2019-07-26 22:51:56'),
(46, 16, 1, 5, 67, 6, '8000.00', 'pago según boleta banrual No. 897885 ', '2019-07-30 21:10:09', '2019-07-30 21:10:09'),
(48, 16, 1, 1, 45, 6, '325.00', '', '2019-07-30 21:13:42', '2019-07-30 21:13:42'),
(49, 16, 1, 3, 32, 6, '40000.00', 'pago con cheque banrural', '2019-07-30 21:14:52', '2019-07-30 21:14:52'),
(51, 19, 1, 1, 47, 7, '100.00', '', '2019-07-30 23:38:02', '2019-07-30 23:38:02'),
(52, 19, 1, 1, 1, 7, '34924.10', 'el cliente pagara la totalidad de la deuda\r\n', '2019-07-31 14:56:19', '2019-07-31 14:56:19'),
(53, 19, 1, 3, 46, 7, '140.00', 'pago total de deuda\r\n', '2019-07-31 14:58:38', '2019-07-31 14:58:38'),
(54, 19, 1, 1, 47, 7, '193.80', 'pago total de la deuda\r\n', '2019-07-31 14:59:26', '2019-07-31 14:59:26'),
(55, 19, 1, 1, 64, 7, '3800.00', '', '2019-07-31 15:00:36', '2019-07-31 15:00:36'),
(56, 19, 1, 1, 65, 7, '8436.00', '', '2019-07-31 15:01:12', '2019-07-31 15:01:12'),
(57, 19, 1, 1, 67, 7, '7795.00', 'pago total de la deuda\r\n', '2019-07-31 15:02:01', '2019-07-31 15:02:01'),
(58, 19, 1, 1, 16, 7, '1205.00', 'pago total de la deuda\r\n', '2019-07-31 15:02:45', '2019-07-31 15:02:45'),
(59, 19, 1, 1, 32, 7, '55500.00', 'pago total de la deuda\r\n', '2019-07-31 15:03:24', '2019-07-31 15:03:24'),
(60, 19, 1, 1, 99, 7, '214.00', 'pago total de la deuda\r\n', '2019-07-31 15:04:23', '2019-07-31 15:04:23'),
(61, 20, 1, 1, 135, 8, '300.00', '', '2019-07-31 21:20:28', '2019-07-31 21:20:28'),
(62, 20, 1, 1, 114, 8, '3000.00', '', '2019-07-31 21:48:52', '2019-07-31 21:48:52'),
(63, 20, 1, 1, 53, 8, '500.00', '', '2019-07-31 22:04:47', '2019-07-31 22:04:47'),
(64, 20, 1, 1, 135, 8, '300.00', '', '2019-07-31 22:46:34', '2019-07-31 22:46:34'),
(65, 15, 1, 3, 114, 6, '1000.00', 'Abona a la cuenta del saldo pendiente', '2019-08-01 15:59:20', '2019-08-01 15:59:20'),
(66, 15, 1, 1, 114, 6, '500.00', 'Abono a deuda pendiente ', '2019-08-01 16:23:39', '2019-08-01 16:23:39'),
(67, 15, 1, 1, 114, 6, '500.00', 'Pagara su deuda en total', '2019-08-01 18:27:31', '2019-08-01 18:27:31'),
(68, 15, 1, 1, 116, 6, '827.50', 'Pagara deuda total', '2019-08-01 18:28:45', '2019-08-01 18:28:45'),
(69, 15, 1, 1, 93, 6, '204.00', 'Paga  su deuda en un total', '2019-08-01 18:29:38', '2019-08-01 18:29:38'),
(70, 15, 1, 1, 115, 6, '554.10', 'Paga su deuda en total', '2019-08-01 18:30:03', '2019-08-01 18:30:03'),
(71, 15, 1, 1, 19, 6, '760.00', 'Paga su deuda en total', '2019-08-01 18:30:27', '2019-08-01 18:30:27'),
(72, 15, 1, 1, 168, 6, '2265.00', 'Paga de deuda en su total ', '2019-08-01 21:08:08', '2019-08-01 21:08:08'),
(73, 15, 1, 1, 1, 6, '715.50', 'Por pago de deuda en total', '2019-08-01 22:55:26', '2019-08-01 22:55:26'),
(74, 15, 1, 1, 71, 6, '751.00', 'Pago total de deuda ', '2019-08-01 23:10:09', '2019-08-01 23:10:09');

-- --------------------------------------------------------

--
-- Table structure for table `adelantos`
--

CREATE TABLE IF NOT EXISTS `adelantos` (
  `id` int(10) unsigned NOT NULL AUTO_INCREMENT,
  `cliente_id` int(10) unsigned NOT NULL,
  `tienda_id` int(10) unsigned NOT NULL DEFAULT '1',
  `user_id` int(10) unsigned NOT NULL,
  `caja_id` int(11) NOT NULL DEFAULT '0',
  `descripcion` text COLLATE utf8_spanish_ci NOT NULL,
  `saldo` decimal(8,2) NOT NULL DEFAULT '0.00',
  `total` decimal(8,2) NOT NULL DEFAULT '0.00',
  `completed` tinyint(1) NOT NULL DEFAULT '0',
  `created_at` timestamp NOT NULL DEFAULT '0000-00-00 00:00:00',
  `updated_at` timestamp NOT NULL DEFAULT '0000-00-00 00:00:00',
  PRIMARY KEY (`id`),
  KEY `adelantos_cliente_id_foreign` (`cliente_id`),
  KEY `adelantos_tienda_id_foreign` (`tienda_id`),
  KEY `adelantos_user_id_foreign` (`user_id`)
) ENGINE=InnoDB  DEFAULT CHARSET=utf8 COLLATE=utf8_spanish_ci AUTO_INCREMENT=17 ;

--
-- Dumping data for table `adelantos`
--

INSERT INTO `adelantos` (`id`, `cliente_id`, `tienda_id`, `user_id`, `caja_id`, `descripcion`, `saldo`, `total`, `completed`, `created_at`, `updated_at`) VALUES
(1, 21, 1, 15, 7, '', '0.00', '200.00', 1, '2019-07-10 16:10:24', '2019-07-10 16:10:24'),
(2, 22, 1, 14, 6, 'Dejando anticipo para 50 quintales de hierro , para que sea entregado la fecha 25/7/2019', '0.00', '2000.00', 1, '2019-07-10 16:13:09', '2019-07-10 16:13:09'),
(3, 23, 1, 16, 1, 'anticipo de compra de 100 tubo estructural de 4"', '0.00', '20000.00', 1, '2019-07-10 16:14:39', '2019-07-10 16:14:39'),
(4, 20, 1, 15, 7, 'adalanto por cemento ', '0.00', '670.00', 1, '2019-07-10 16:22:36', '2019-07-10 16:22:36'),
(5, 22, 1, 14, 6, 'Adelanto por costanera que al momento no hay en  existencia para entregar 30/7/2019\n', '0.00', '800.00', 1, '2019-07-10 16:24:11', '2019-07-10 16:24:11'),
(6, 24, 1, 17, 8, 'Abonara 700 quetzales por la compra que realizo la ultima vez.', '0.00', '700.00', 1, '2019-07-10 17:21:22', '2019-07-10 17:21:22'),
(7, 24, 1, 17, 8, 'adelanto en efectivo', '0.00', '500.00', 1, '2019-07-10 18:00:11', '2019-07-10 18:00:11'),
(8, 24, 1, 17, 8, 'abono de credito varilla corrugada 3/8"', '0.00', '3500.00', 1, '2019-07-10 20:02:28', '2019-07-10 20:02:28'),
(9, 19, 1, 17, 8, '300 por abonode varilla', '0.00', '300.00', 1, '2019-07-10 20:23:38', '2019-07-10 20:23:38'),
(10, 19, 1, 17, 7, 'Anticipo de 15000 por pedido de tuberia pvc 8"', '0.00', '15000.00', 1, '2019-07-11 20:52:30', '2019-07-11 20:52:30'),
(11, 29, 1, 17, 7, 'pago de 450 en totalidad a cancelar', '0.00', '450.00', 1, '2019-07-11 23:21:31', '2019-07-11 23:21:31'),
(12, 31, 1, 17, 7, 'Apartado de material por la cantidad de 2100 en efectivo ya que no tenemos en existencia ', '0.00', '2100.00', 1, '2019-07-12 16:54:04', '2019-07-12 16:54:04'),
(13, 24, 1, 17, 7, '1400 quetzales por apartado de materiales ya que en este momento no tenemos en existencia.', '0.00', '1400.00', 1, '2019-07-12 18:39:08', '2019-07-12 18:39:08'),
(14, 32, 1, 17, 7, '5000 cinco mil quetzales de dinero adelantado, en efectivo ya que no contamos con el material requerido en existencia.', '0.00', '5000.00', 1, '2019-07-15 17:08:56', '2019-07-15 17:08:56'),
(15, 73, 1, 15, 8, 'POR ADELANTO DE 15 VARILLAS DE HIERRO ', '0.00', '2000.00', 1, '2019-07-30 17:21:19', '2019-07-30 17:21:19'),
(16, 131, 1, 20, 8, 'Adelanto por 5 bolsas de cemento UGC.', '0.00', '1000.00', 1, '2019-07-31 20:53:10', '2019-07-31 20:53:10');

-- --------------------------------------------------------

--
-- Table structure for table `adelantos_detalle`
--

CREATE TABLE IF NOT EXISTS `adelantos_detalle` (
  `id` int(10) unsigned NOT NULL AUTO_INCREMENT,
  `adelanto_id` int(10) unsigned NOT NULL,
  `producto_id` int(11) NOT NULL DEFAULT '0',
  `descripcion` text COLLATE utf8_spanish_ci NOT NULL,
  `cantidad` int(10) unsigned NOT NULL,
  `precio` decimal(8,2) NOT NULL,
  `created_at` timestamp NOT NULL DEFAULT '0000-00-00 00:00:00',
  `updated_at` timestamp NOT NULL DEFAULT '0000-00-00 00:00:00',
  PRIMARY KEY (`id`),
  KEY `adelantos_detalle_adelanto_id_foreign` (`adelanto_id`)
) ENGINE=InnoDB DEFAULT CHARSET=utf8 COLLATE=utf8_spanish_ci AUTO_INCREMENT=1 ;

-- --------------------------------------------------------

--
-- Table structure for table `adelantos_pagos`
--

CREATE TABLE IF NOT EXISTS `adelantos_pagos` (
  `id` int(10) unsigned NOT NULL AUTO_INCREMENT,
  `adelanto_id` int(10) unsigned NOT NULL,
  `metodo_pago_id` int(10) unsigned NOT NULL,
  `monto` decimal(8,2) NOT NULL,
  `created_at` timestamp NOT NULL DEFAULT '0000-00-00 00:00:00',
  `updated_at` timestamp NOT NULL DEFAULT '0000-00-00 00:00:00',
  PRIMARY KEY (`id`),
  KEY `adelantos_pagos_adelanto_id_foreign` (`adelanto_id`),
  KEY `adelantos_pagos_metodo_pago_id_foreign` (`metodo_pago_id`)
) ENGINE=InnoDB  DEFAULT CHARSET=utf8 COLLATE=utf8_spanish_ci AUTO_INCREMENT=17 ;

--
-- Dumping data for table `adelantos_pagos`
--

INSERT INTO `adelantos_pagos` (`id`, `adelanto_id`, `metodo_pago_id`, `monto`, `created_at`, `updated_at`) VALUES
(1, 1, 3, '200.00', '2019-07-10 16:10:24', '2019-07-10 16:10:24'),
(2, 2, 1, '2000.00', '2019-07-10 16:13:09', '2019-07-10 16:13:09'),
(3, 3, 5, '20000.00', '2019-07-10 16:14:39', '2019-07-10 16:14:39'),
(4, 4, 1, '670.00', '2019-07-10 16:22:36', '2019-07-10 16:22:36'),
(5, 5, 1, '800.00', '2019-07-10 16:24:11', '2019-07-10 16:24:11'),
(6, 6, 1, '700.00', '2019-07-10 17:21:22', '2019-07-10 17:21:22'),
(7, 7, 1, '500.00', '2019-07-10 18:00:11', '2019-07-10 18:00:11'),
(8, 8, 1, '3500.00', '2019-07-10 20:02:28', '2019-07-10 20:02:28'),
(9, 9, 1, '300.00', '2019-07-10 20:23:38', '2019-07-10 20:23:38'),
(10, 10, 1, '15000.00', '2019-07-11 20:52:30', '2019-07-11 20:52:30'),
(11, 11, 1, '450.00', '2019-07-11 23:21:31', '2019-07-11 23:21:31'),
(12, 12, 1, '2100.00', '2019-07-12 16:54:04', '2019-07-12 16:54:04'),
(13, 13, 1, '1400.00', '2019-07-12 18:39:08', '2019-07-12 18:39:08'),
(14, 14, 1, '5000.00', '2019-07-15 17:08:56', '2019-07-15 17:08:56'),
(15, 15, 3, '2000.00', '2019-07-30 17:21:19', '2019-07-30 17:21:19'),
(16, 16, 4, '1000.00', '2019-07-31 20:53:10', '2019-07-31 20:53:10');

-- --------------------------------------------------------

--
-- Table structure for table `assigned_roles`
--

CREATE TABLE IF NOT EXISTS `assigned_roles` (
  `id` int(10) unsigned NOT NULL AUTO_INCREMENT,
  `user_id` int(10) unsigned NOT NULL,
  `role_id` int(10) unsigned NOT NULL,
  PRIMARY KEY (`id`),
  KEY `assigned_roles_user_id_foreign` (`user_id`),
  KEY `assigned_roles_role_id_foreign` (`role_id`)
) ENGINE=InnoDB  DEFAULT CHARSET=utf8 COLLATE=utf8_spanish_ci AUTO_INCREMENT=76 ;

--
-- Dumping data for table `assigned_roles`
--

INSERT INTO `assigned_roles` (`id`, `user_id`, `role_id`) VALUES
(1, 1, 1),
(52, 1, 2),
(54, 12, 2),
(57, 13, 3),
(58, 14, 3),
(59, 15, 3),
(61, 16, 3),
(63, 17, 3),
(66, 18, 3),
(67, 18, 2),
(70, 14, 2),
(71, 14, 1),
(73, 19, 3),
(74, 20, 3),
(75, 15, 2);

-- --------------------------------------------------------

--
-- Table structure for table `barcode`
--

CREATE TABLE IF NOT EXISTS `barcode` (
  `id` int(10) unsigned NOT NULL AUTO_INCREMENT,
  `tipo` varchar(255) COLLATE utf8_spanish_ci NOT NULL,
  `ancho` int(11) NOT NULL,
  `alto` int(11) NOT NULL,
  `letra` int(11) NOT NULL,
  `codigo` varchar(255) COLLATE utf8_spanish_ci NOT NULL,
  `created_at` timestamp NOT NULL DEFAULT '0000-00-00 00:00:00',
  `updated_at` timestamp NOT NULL DEFAULT '0000-00-00 00:00:00',
  PRIMARY KEY (`id`),
  UNIQUE KEY `barcode_id_unique` (`id`)
) ENGINE=InnoDB  DEFAULT CHARSET=utf8 COLLATE=utf8_spanish_ci AUTO_INCREMENT=2 ;

--
-- Dumping data for table `barcode`
--

INSERT INTO `barcode` (`id`, `tipo`, `ancho`, `alto`, `letra`, `codigo`, `created_at`, `updated_at`) VALUES
(1, 'code128', 2, 40, 15, '12345678910', '2017-04-24 23:00:28', '2017-04-24 23:00:28');

-- --------------------------------------------------------

--
-- Table structure for table `cajas`
--

CREATE TABLE IF NOT EXISTS `cajas` (
  `id` int(10) unsigned NOT NULL AUTO_INCREMENT,
  `tienda_id` int(10) unsigned NOT NULL,
  `user_id` int(11) NOT NULL,
  `nombre` varchar(255) COLLATE utf8_spanish_ci NOT NULL,
  `created_at` timestamp NOT NULL DEFAULT '0000-00-00 00:00:00',
  `updated_at` timestamp NOT NULL DEFAULT '0000-00-00 00:00:00',
  PRIMARY KEY (`id`),
  KEY `cajas_tienda_id_foreign` (`tienda_id`)
) ENGINE=InnoDB  DEFAULT CHARSET=utf8 COLLATE=utf8_spanish_ci AUTO_INCREMENT=9 ;

--
-- Dumping data for table `cajas`
--

INSERT INTO `cajas` (`id`, `tienda_id`, `user_id`, `nombre`, `created_at`, `updated_at`) VALUES
(1, 1, 0, 'Caja0', '2017-04-28 02:29:10', '2019-07-30 16:02:38'),
(6, 1, 15, 'CAJA 2', '2019-07-08 17:42:24', '2019-08-01 14:28:47'),
(7, 1, 0, 'Caja 3', '2019-07-08 17:42:37', '2019-07-31 20:36:00'),
(8, 1, 0, 'Caja 4', '2019-07-10 17:09:12', '2019-08-01 14:28:15');

-- --------------------------------------------------------

--
-- Table structure for table `categorias`
--

CREATE TABLE IF NOT EXISTS `categorias` (
  `id` int(10) unsigned NOT NULL AUTO_INCREMENT,
  `nombre` varchar(50) COLLATE utf8_spanish_ci NOT NULL,
  `created_at` timestamp NOT NULL DEFAULT '0000-00-00 00:00:00',
  `updated_at` timestamp NOT NULL DEFAULT '0000-00-00 00:00:00',
  PRIMARY KEY (`id`)
) ENGINE=InnoDB  DEFAULT CHARSET=utf8 COLLATE=utf8_spanish_ci AUTO_INCREMENT=97 ;

--
-- Dumping data for table `categorias`
--

INSERT INTO `categorias` (`id`, `nombre`, `created_at`, `updated_at`) VALUES
(87, 'NUEVO', '2019-07-05 21:18:26', '2019-07-05 21:18:26'),
(88, 'Hierros de Construcción', '2019-07-08 16:06:16', '2019-07-08 16:06:16'),
(89, 'Herramientas de construcción', '2019-07-08 16:14:38', '2019-07-08 16:14:38'),
(90, 'TUBERIA', '2019-07-08 17:19:17', '2019-07-08 17:19:17'),
(91, 'Tuberías', '2019-07-09 16:30:42', '2019-07-09 16:30:42'),
(92, 'Cemento sol', '2019-07-25 15:07:43', '2019-07-25 15:07:43'),
(93, 'CEMENTOS', '2019-07-25 16:58:20', '2019-07-25 16:58:20'),
(94, 'LÁMINA ALUZINC C26', '2019-07-25 22:55:58', '2019-07-25 22:55:58'),
(95, 'COSTANERA 8" X 2" X 1.50MM', '2019-07-25 23:00:42', '2019-07-25 23:00:42'),
(96, 'HERRAMIENTAS', '2019-07-30 22:44:20', '2019-07-30 22:44:20');

-- --------------------------------------------------------

--
-- Table structure for table `categoriasGastos`
--

CREATE TABLE IF NOT EXISTS `categoriasGastos` (
  `id` int(10) unsigned NOT NULL AUTO_INCREMENT,
  `nombre` varchar(50) COLLATE utf8_spanish_ci NOT NULL,
  `created_at` timestamp NOT NULL DEFAULT '0000-00-00 00:00:00',
  `updated_at` timestamp NOT NULL DEFAULT '0000-00-00 00:00:00',
  PRIMARY KEY (`id`)
) ENGINE=InnoDB DEFAULT CHARSET=utf8 COLLATE=utf8_spanish_ci AUTO_INCREMENT=1 ;

-- --------------------------------------------------------

--
-- Table structure for table `cierre_caja`
--

CREATE TABLE IF NOT EXISTS `cierre_caja` (
  `id` int(10) unsigned NOT NULL AUTO_INCREMENT,
  `tienda_id` int(10) unsigned NOT NULL,
  `user_id` int(10) unsigned NOT NULL,
  `caja_id` int(10) unsigned NOT NULL,
  `efectivo_esp` decimal(8,2) NOT NULL DEFAULT '0.00',
  `cheque_esp` decimal(8,2) NOT NULL DEFAULT '0.00',
  `tarjeta_esp` decimal(8,2) NOT NULL DEFAULT '0.00',
  `deposito_esp` decimal(8,2) NOT NULL DEFAULT '0.00',
  `efectivo` decimal(8,2) NOT NULL DEFAULT '0.00',
  `cheque` decimal(8,2) NOT NULL DEFAULT '0.00',
  `tarjeta` decimal(8,2) NOT NULL DEFAULT '0.00',
  `deposito` decimal(8,2) NOT NULL DEFAULT '0.00',
  `nota` text COLLATE utf8_spanish_ci,
  `fecha_inicial` timestamp NOT NULL DEFAULT '0000-00-00 00:00:00',
  `fecha_final` timestamp NOT NULL DEFAULT '0000-00-00 00:00:00',
  `created_at` timestamp NOT NULL DEFAULT '0000-00-00 00:00:00',
  `updated_at` timestamp NOT NULL DEFAULT '0000-00-00 00:00:00',
  PRIMARY KEY (`id`),
  KEY `cierre_caja_tienda_id_foreign` (`tienda_id`),
  KEY `cierre_caja_user_id_foreign` (`user_id`),
  KEY `cierre_caja_caja_id_foreign` (`caja_id`)
) ENGINE=InnoDB  DEFAULT CHARSET=utf8 COLLATE=utf8_spanish_ci AUTO_INCREMENT=1960 ;

--
-- Dumping data for table `cierre_caja`
--

INSERT INTO `cierre_caja` (`id`, `tienda_id`, `user_id`, `caja_id`, `efectivo_esp`, `cheque_esp`, `tarjeta_esp`, `deposito_esp`, `efectivo`, `cheque`, `tarjeta`, `deposito`, `nota`, `fecha_inicial`, `fecha_final`, `created_at`, `updated_at`) VALUES
(1, 1, 1, 2, '0.00', '0.00', '0.00', '0.00', '0.00', '0.00', '0.00', '0.00', NULL, '2017-04-28 14:45:29', '2017-04-28 14:45:29', '2017-04-28 14:45:29', '2017-04-28 14:45:29'),
(1919, 1, 15, 6, '0.00', '0.00', '0.00', '0.00', '0.00', '0.00', '0.00', '0.00', NULL, '2019-07-08 17:42:24', '2019-07-08 17:42:24', '2019-07-08 17:42:24', '2019-07-08 17:42:24'),
(1920, 1, 16, 7, '0.00', '0.00', '0.00', '0.00', '0.00', '0.00', '0.00', '0.00', NULL, '2019-07-08 17:42:37', '2019-07-08 17:42:37', '2019-07-08 17:42:37', '2019-07-08 17:42:37'),
(1921, 1, 15, 6, '2300.00', '0.00', '0.00', '0.00', '2300.00', '0.00', '0.00', '0.00', '', '2019-07-08 17:42:24', '2019-07-08 20:52:31', '2019-07-08 20:52:31', '2019-07-08 20:52:31'),
(1922, 1, 16, 8, '0.00', '0.00', '0.00', '0.00', '0.00', '0.00', '0.00', '0.00', NULL, '2019-07-10 17:09:12', '2019-07-10 17:09:12', '2019-07-10 17:09:12', '2019-07-10 17:09:12'),
(1923, 1, 17, 8, '1247.00', '0.00', '0.00', '0.00', '0.00', '0.00', '0.00', '0.00', 'entregue la totalidad en efectivo', '2019-07-10 17:09:12', '2019-07-10 18:47:59', '2019-07-10 18:47:59', '2019-07-10 18:47:59'),
(1924, 1, 15, 6, '8113.30', '0.00', '0.00', '0.00', '8113.30', '0.00', '0.00', '0.00', '', '2019-07-08 20:52:31', '2019-07-10 18:51:54', '2019-07-10 18:51:54', '2019-07-10 18:51:54'),
(1925, 1, 16, 7, '3457.50', '200.00', '1030.00', '0.00', '3457.50', '200.00', '1030.00', '0.00', '', '2019-07-08 17:42:37', '2019-07-10 18:57:54', '2019-07-10 18:57:54', '2019-07-10 18:57:54'),
(1926, 1, 16, 7, '0.00', '0.00', '0.00', '0.00', '0.00', '0.00', '0.00', '0.00', '', '2019-07-10 18:57:54', '2019-07-10 18:58:38', '2019-07-10 18:58:38', '2019-07-10 18:58:38'),
(1927, 1, 15, 6, '0.00', '0.00', '0.00', '0.00', '0.00', '0.00', '0.00', '0.00', '', '2019-07-10 18:51:54', '2019-07-10 20:39:01', '2019-07-10 20:39:01', '2019-07-10 20:39:01'),
(1928, 1, 17, 8, '23600.00', '0.00', '0.00', '0.00', '23600.00', '0.00', '0.00', '0.00', '', '2019-07-10 18:47:59', '2019-07-10 20:41:22', '2019-07-10 20:41:22', '2019-07-10 20:41:22'),
(1929, 1, 16, 7, '4000.00', '0.00', '0.00', '0.00', '4000.00', '0.00', '0.00', '0.00', '', '2019-07-10 18:58:38', '2019-07-10 20:42:31', '2019-07-10 20:42:31', '2019-07-10 20:42:31'),
(1930, 1, 14, 8, '0.00', '0.00', '0.00', '0.00', '0.00', '0.00', '0.00', '0.00', '', '2019-07-10 20:41:22', '2019-07-10 20:56:43', '2019-07-10 20:56:43', '2019-07-10 20:56:43'),
(1931, 1, 1, 6, '10556.50', '0.00', '2147.00', '0.00', '10556.50', '0.00', '2147.00', '0.00', '', '2019-07-10 20:39:01', '2019-07-10 21:58:54', '2019-07-10 21:58:54', '2019-07-10 21:58:54'),
(1932, 1, 17, 7, '92140.40', '25230.00', '2300.00', '8042.50', '92140.40', '25230.00', '2300.00', '8042.50', 'Cierre de caja normal', '2019-07-10 20:42:31', '2019-07-11 21:11:53', '2019-07-11 21:11:53', '2019-07-11 21:11:53'),
(1933, 1, 17, 7, '750.00', '0.00', '0.00', '0.00', '750.00', '0.00', '0.00', '0.00', 'corte normal', '2019-07-11 21:11:53', '2019-07-11 23:23:43', '2019-07-11 23:23:43', '2019-07-11 23:23:43'),
(1934, 1, 17, 7, '8239.50', '759.20', '0.00', '0.00', '8239.50', '759.20', '0.00', '0.00', '', '2019-07-11 23:23:43', '2019-07-12 15:50:01', '2019-07-12 15:50:01', '2019-07-12 15:50:01'),
(1935, 1, 17, 7, '337.50', '0.00', '0.00', '0.00', '337.50', '0.00', '0.00', '0.00', 'Caja normal en corte', '2019-07-12 15:50:01', '2019-07-12 16:03:32', '2019-07-12 16:03:32', '2019-07-12 16:03:32'),
(1936, 1, 17, 7, '1700.00', '0.00', '0.00', '0.00', '1700.00', '0.00', '0.00', '0.00', 'Corte realizado con normalidad', '2019-07-12 16:03:32', '2019-07-12 16:24:07', '2019-07-12 16:24:07', '2019-07-12 16:24:07'),
(1937, 1, 17, 7, '9675.00', '0.00', '0.00', '0.00', '9675.00', '0.00', '0.00', '0.00', 'Corte sin problemas todo con normalidad', '2019-07-12 16:24:07', '2019-07-12 16:58:23', '2019-07-12 16:58:23', '2019-07-12 16:58:23'),
(1938, 1, 17, 7, '18147.00', '0.00', '0.00', '0.00', '18147.00', '0.00', '0.00', '0.00', 'Todo el corte con normalidad', '2019-07-12 16:58:23', '2019-07-12 18:41:08', '2019-07-12 18:41:08', '2019-07-12 18:41:08'),
(1939, 1, 17, 7, '10924.40', '6589.00', '2600.00', '110.00', '10924.40', '6589.00', '2600.00', '110.00', 'Cierre en totalidad sin problemas', '2019-07-12 18:41:08', '2019-07-17 14:24:26', '2019-07-17 14:24:26', '2019-07-17 14:24:26'),
(1940, 1, 17, 8, '0.00', '0.00', '0.00', '0.00', '0.00', '0.00', '0.00', '0.00', '', '2019-07-10 20:56:43', '2019-07-24 21:52:14', '2019-07-24 21:52:14', '2019-07-24 21:52:14'),
(1941, 1, 17, 7, '3206.00', '0.00', '1615.00', '2702.10', '3206.00', '0.00', '1615.00', '2702.10', '', '2019-07-17 14:24:26', '2019-07-24 21:53:26', '2019-07-24 21:53:26', '2019-07-24 21:53:26'),
(1942, 1, 17, 6, '0.00', '0.00', '0.00', '0.00', '0.00', '0.00', '0.00', '0.00', '', '2019-07-10 21:58:54', '2019-07-24 21:54:11', '2019-07-24 21:54:11', '2019-07-24 21:54:11'),
(1943, 1, 16, 6, '176.90', '0.00', '0.00', '0.00', '176.90', '0.00', '0.00', '0.00', 'CIERRE CAJA 24 DE JULIO   5:40 PM', '2019-07-24 21:54:11', '2019-07-24 23:32:01', '2019-07-24 23:32:01', '2019-07-24 23:32:01'),
(1944, 1, 16, 6, '37085.60', '0.00', '0.00', '0.00', '37085.60', '0.00', '0.00', '0.00', 'Corte de ventas del día jueves 25 de julio', '2019-07-24 23:32:01', '2019-07-26 15:27:32', '2019-07-26 15:27:32', '2019-07-26 15:27:32'),
(1945, 1, 16, 6, '69613.40', '5000.00', '200.00', '30400.00', '69613.40', '5000.00', '200.00', '30400.00', '', '2019-07-26 15:27:32', '2019-07-26 22:57:38', '2019-07-26 22:57:38', '2019-07-26 22:57:38'),
(1946, 1, 16, 6, '22707.70', '0.00', '0.00', '0.00', '22707.70', '0.00', '0.00', '0.00', 'cierre de caja del día 29 de julio', '2019-07-26 22:57:38', '2019-07-29 22:41:39', '2019-07-29 22:41:39', '2019-07-29 22:41:39'),
(1947, 1, 19, 7, '377785.60', '608.00', '4217.50', '25.00', '377785.60', '608.00', '4217.50', '25.00', '', '2019-07-24 21:53:26', '2019-07-30 22:48:07', '2019-07-30 22:48:07', '2019-07-30 22:48:07'),
(1948, 1, 16, 6, '8927.00', '54541.20', '1620.00', '8000.00', '8927.00', '54541.20', '1620.00', '8000.00', '', '2019-07-29 22:41:39', '2019-07-30 22:52:23', '2019-07-30 22:52:23', '2019-07-30 22:52:23'),
(1949, 1, 15, 8, '0.00', '2000.00', '0.00', '0.00', '0.00', '2000.00', '0.00', '0.00', '', '2019-07-24 21:52:14', '2019-07-30 22:56:54', '2019-07-30 22:56:54', '2019-07-30 22:56:54'),
(1950, 1, 19, 7, '175.50', '0.00', '0.00', '0.00', '175.50', '0.00', '0.00', '0.00', '', '2019-07-30 22:48:07', '2019-07-30 22:57:31', '2019-07-30 22:57:31', '2019-07-30 22:57:31'),
(1951, 1, 15, 8, '762.00', '0.00', '0.00', '0.00', '762.00', '0.00', '0.00', '0.00', '', '2019-07-30 22:56:54', '2019-07-30 23:20:20', '2019-07-30 23:20:20', '2019-07-30 23:20:20'),
(1952, 1, 19, 7, '100.00', '0.00', '0.00', '0.00', '100.00', '0.00', '0.00', '0.00', '', '2019-07-30 22:57:31', '2019-07-30 23:39:23', '2019-07-30 23:39:23', '2019-07-30 23:39:23'),
(1953, 1, 19, 7, '243548.50', '5770.00', '3500.00', '4718.10', '243548.50', '5770.00', '3500.00', '4718.10', '', '2019-07-30 23:39:23', '2019-07-31 20:23:31', '2019-07-31 20:23:31', '2019-07-31 20:23:31'),
(1954, 1, 20, 8, '33157.00', '229.00', '2560.00', '0.00', '33157.00', '229.00', '2560.00', '0.00', '', '2019-07-30 23:20:20', '2019-07-31 22:25:37', '2019-07-31 22:25:37', '2019-07-31 22:25:37'),
(1955, 1, 20, 8, '0.00', '14700.00', '0.00', '0.00', '0.00', '14700.00', '0.00', '0.00', '', '2019-07-31 22:25:37', '2019-07-31 22:33:18', '2019-07-31 22:33:18', '2019-07-31 22:33:18'),
(1956, 1, 20, 8, '32800.00', '49869.00', '11103.00', '1000.00', '32800.00', '49869.00', '11103.00', '1000.00', '', '2019-07-31 22:33:18', '2019-07-31 22:40:40', '2019-07-31 22:40:40', '2019-07-31 22:40:40'),
(1957, 1, 20, 8, '300.00', '0.00', '0.00', '0.00', '300.00', '0.00', '0.00', '0.00', '', '2019-07-31 22:40:40', '2019-07-31 23:26:06', '2019-07-31 23:26:06', '2019-07-31 23:26:06'),
(1958, 1, 15, 6, '631749.60', '25462.50', '6246.50', '1500.00', '631749.60', '25462.50', '6246.50', '1500.00', 'El dia de hoy si cuadro', '2019-07-30 22:52:23', '2019-08-01 23:47:40', '2019-08-01 23:47:40', '2019-08-01 23:47:40'),
(1959, 1, 15, 6, '2429.00', '7278.00', '2621.50', '0.00', '2429.00', '7278.00', '2621.50', '0.00', '', '2019-08-01 23:47:40', '2019-08-02 00:12:25', '2019-08-02 00:12:25', '2019-08-02 00:12:25');

-- --------------------------------------------------------

--
-- Table structure for table `cierre_diario`
--

CREATE TABLE IF NOT EXISTS `cierre_diario` (
  `id` int(10) unsigned NOT NULL AUTO_INCREMENT,
  `user_id` int(10) unsigned NOT NULL,
  `tienda_id` int(10) unsigned NOT NULL,
  `efectivo_esp` decimal(8,2) NOT NULL,
  `cheque_esp` decimal(8,2) NOT NULL,
  `tarjeta_esp` decimal(8,2) NOT NULL,
  `deposito_esp` decimal(8,2) NOT NULL,
  `efectivo` decimal(8,2) NOT NULL,
  `cheque` decimal(8,2) NOT NULL,
  `tarjeta` decimal(8,2) NOT NULL,
  `deposito` decimal(8,2) NOT NULL,
  `nota` text COLLATE utf8_spanish_ci NOT NULL,
  `fecha_inicial` timestamp NOT NULL DEFAULT '0000-00-00 00:00:00',
  `fecha_final` timestamp NOT NULL DEFAULT '0000-00-00 00:00:00',
  `created_at` timestamp NOT NULL DEFAULT '0000-00-00 00:00:00',
  `updated_at` timestamp NOT NULL DEFAULT '0000-00-00 00:00:00',
  PRIMARY KEY (`id`),
  KEY `cierre_diario_user_id_foreign` (`user_id`),
  KEY `cierre_diario_tienda_id_foreign` (`tienda_id`)
) ENGINE=InnoDB  DEFAULT CHARSET=utf8 COLLATE=utf8_spanish_ci AUTO_INCREMENT=38 ;

--
-- Dumping data for table `cierre_diario`
--

INSERT INTO `cierre_diario` (`id`, `user_id`, `tienda_id`, `efectivo_esp`, `cheque_esp`, `tarjeta_esp`, `deposito_esp`, `efectivo`, `cheque`, `tarjeta`, `deposito`, `nota`, `fecha_inicial`, `fecha_final`, `created_at`, `updated_at`) VALUES
(1, 1, 1, '0.00', '0.00', '0.00', '0.00', '0.00', '0.00', '0.00', '0.00', '', '2017-04-24 23:00:26', '2017-04-24 23:00:26', '2017-04-24 23:00:26', '2017-04-24 23:00:26'),
(9, 16, 1, '2300.00', '0.00', '0.00', '0.00', '0.00', '0.00', '0.00', '0.00', '', '2017-04-24 23:00:26', '2019-07-08 20:55:37', '2019-07-08 20:55:37', '2019-07-08 20:55:37'),
(10, 16, 1, '13837.50', '200.00', '2050.50', '45200.00', '0.00', '0.00', '0.00', '0.00', '', '2019-07-08 20:55:37', '2019-07-10 19:01:55', '2019-07-10 19:01:55', '2019-07-10 19:01:55'),
(11, 18, 1, '27610.00', '0.00', '0.00', '0.00', '27610.00', '0.00', '0.00', '0.00', '', '2019-07-10 19:01:55', '2019-07-10 20:46:03', '2019-07-10 20:46:03', '2019-07-10 20:46:03'),
(12, 1, 1, '0.00', '0.00', '0.00', '0.00', '0.00', '0.00', '0.00', '0.00', '', '2019-07-10 20:46:03', '2019-07-10 20:47:01', '2019-07-10 20:47:01', '2019-07-10 20:47:01'),
(13, 1, 1, '0.00', '0.00', '0.00', '0.00', '0.00', '0.00', '0.00', '0.00', '', '2019-07-10 20:47:01', '2019-07-10 20:47:19', '2019-07-10 20:47:19', '2019-07-10 20:47:19'),
(14, 1, 1, '4.70', '0.00', '0.00', '0.00', '4.70', '0.00', '0.00', '0.00', '', '2019-07-10 20:47:19', '2019-07-10 20:53:34', '2019-07-10 20:53:34', '2019-07-10 20:53:34'),
(15, 1, 1, '0.00', '0.00', '0.00', '0.00', '0.00', '0.00', '0.00', '0.00', '', '2019-07-10 20:53:34', '2019-07-10 21:06:26', '2019-07-10 21:06:26', '2019-07-10 21:06:26'),
(16, 15, 1, '10556.50', '0.00', '2147.00', '0.00', '10556.50', '0.00', '2147.00', '0.00', '', '2019-07-10 21:06:26', '2019-07-10 22:34:37', '2019-07-10 22:34:37', '2019-07-10 22:34:37'),
(17, 15, 1, '92290.40', '25230.00', '2300.00', '8042.50', '92290.40', '25230.00', '2300.00', '8042.50', 'CIERRE DE CAJA CUADRADO \r\n', '2019-07-10 22:34:37', '2019-07-11 22:53:27', '2019-07-11 22:53:27', '2019-07-11 22:53:27'),
(18, 15, 1, '750.00', '0.00', '0.00', '0.00', '750.00', '0.00', '0.00', '0.00', 'EXACTO ', '2019-07-11 22:53:27', '2019-07-11 23:25:44', '2019-07-11 23:25:44', '2019-07-11 23:25:44'),
(19, 15, 1, '8239.50', '759.20', '0.00', '0.00', '8239.50', '759.20', '0.00', '0.00', '', '2019-07-11 23:25:44', '2019-07-12 15:54:45', '2019-07-12 15:54:45', '2019-07-12 15:54:45'),
(20, 15, 1, '337.50', '0.00', '0.00', '0.00', '337.50', '0.00', '0.00', '0.00', '', '2019-07-12 15:54:45', '2019-07-12 16:17:50', '2019-07-12 16:17:50', '2019-07-12 16:17:50'),
(21, 15, 1, '1700.00', '0.00', '0.00', '0.00', '1700.00', '0.00', '0.00', '0.00', '', '2019-07-12 16:17:50', '2019-07-12 16:33:57', '2019-07-12 16:33:57', '2019-07-12 16:33:57'),
(22, 15, 1, '9675.00', '0.00', '0.00', '0.00', '9675.00', '0.00', '0.00', '0.00', '', '2019-07-12 16:33:57', '2019-07-12 17:05:32', '2019-07-12 17:05:32', '2019-07-12 17:05:32'),
(23, 15, 1, '18468.50', '0.00', '0.00', '0.00', '18468.50', '0.00', '0.00', '0.00', '', '2019-07-12 17:05:32', '2019-07-12 21:08:59', '2019-07-12 21:08:59', '2019-07-12 21:08:59'),
(24, 15, 1, '10924.40', '6589.00', '2600.00', '110.00', '10924.40', '6589.00', '2600.00', '110.00', '', '2019-07-12 21:08:59', '2019-07-17 14:27:38', '2019-07-17 14:27:38', '2019-07-17 14:27:38'),
(25, 17, 1, '3248.30', '0.00', '1615.00', '2702.10', '3248.30', '0.00', '1615.00', '2702.10', '', '2019-07-17 14:27:38', '2019-07-24 21:56:08', '2019-07-24 21:56:08', '2019-07-24 21:56:08'),
(26, 15, 1, '176.90', '0.00', '0.00', '0.00', '176.90', '0.00', '0.00', '0.00', '', '2019-07-24 21:56:08', '2019-07-24 23:37:32', '2019-07-24 23:37:32', '2019-07-24 23:37:32'),
(27, 15, 1, '-157914.40', '0.00', '0.00', '0.00', '-157914.40', '0.00', '0.00', '0.00', '', '2019-07-24 23:37:32', '2019-07-26 15:32:42', '2019-07-26 15:32:42', '2019-07-26 15:32:42'),
(28, 15, 1, '69613.40', '5000.00', '200.00', '30400.00', '69613.40', '5000.00', '200.00', '30400.00', '', '2019-07-26 15:32:42', '2019-07-26 23:04:55', '2019-07-26 23:04:55', '2019-07-26 23:04:55'),
(29, 15, 1, '22707.70', '0.00', '0.00', '0.00', '22707.70', '0.00', '0.00', '0.00', 'COMPLETO ', '2019-07-26 23:04:55', '2019-07-29 23:10:51', '2019-07-29 23:10:51', '2019-07-29 23:10:51'),
(30, 15, 1, '-114710.80', '57149.20', '5837.50', '8025.00', '114710.80', '57149.20', '5837.50', '8025.00', '', '2019-07-29 23:10:51', '2019-07-30 23:21:49', '2019-07-30 23:21:49', '2019-07-30 23:21:49'),
(31, 1, 1, '0.00', '0.00', '0.00', '0.00', '0.00', '0.00', '0.00', '0.00', '', '2019-07-30 23:21:49', '2019-07-30 23:22:53', '2019-07-30 23:22:53', '2019-07-30 23:22:53'),
(32, 15, 1, '246609.00', '5770.00', '3500.00', '4718.10', '246609.00', '5770.00', '3500.00', '4718.10', '', '2019-07-30 23:22:53', '2019-07-31 20:32:58', '2019-07-31 20:32:58', '2019-07-31 20:32:58'),
(33, 15, 1, '32384.00', '14929.00', '2560.00', '0.00', '32384.00', '14929.00', '2560.00', '0.00', '', '2019-07-31 20:32:58', '2019-07-31 22:33:53', '2019-07-31 22:33:53', '2019-07-31 22:33:53'),
(34, 15, 1, '32800.00', '49869.00', '11103.00', '1000.00', '32800.00', '49869.00', '11103.00', '1000.00', '', '2019-07-31 22:33:53', '2019-07-31 22:42:09', '2019-07-31 22:42:09', '2019-07-31 22:42:09'),
(35, 15, 1, '300.00', '0.00', '0.00', '0.00', '300.00', '0.00', '0.00', '0.00', '', '2019-07-31 22:42:09', '2019-07-31 23:37:13', '2019-07-31 23:37:13', '2019-07-31 23:37:13'),
(36, 15, 1, '639458.60', '47070.50', '14948.00', '1500.00', '639458.60', '47070.50', '14948.00', '1500.00', 'SI CUADRO', '2019-07-31 23:37:13', '2019-08-02 00:15:40', '2019-08-02 00:15:40', '2019-08-02 00:15:40'),
(37, 15, 1, '0.00', '0.00', '0.00', '0.00', '0.00', '0.00', '0.00', '0.00', '', '2019-08-02 00:15:40', '2019-08-02 00:18:11', '2019-08-02 00:18:11', '2019-08-02 00:18:11');

-- --------------------------------------------------------

--
-- Table structure for table `clientes`
--

CREATE TABLE IF NOT EXISTS `clientes` (
  `id` int(10) unsigned NOT NULL AUTO_INCREMENT,
  `tipo_cliente_id` int(10) unsigned NOT NULL DEFAULT '1',
  `nombre` varchar(200) COLLATE utf8_spanish_ci NOT NULL,
  `direccion` varchar(255) COLLATE utf8_spanish_ci NOT NULL,
  `telefono` varchar(100) COLLATE utf8_spanish_ci NOT NULL,
  `nit` varchar(100) COLLATE utf8_spanish_ci NOT NULL,
  `email` varchar(100) COLLATE utf8_spanish_ci NOT NULL,
  `limite_credito` decimal(11,2) NOT NULL DEFAULT '0.00',
  `dias_credito` int(11) NOT NULL DEFAULT '30',
  `created_at` timestamp NOT NULL DEFAULT '0000-00-00 00:00:00',
  `updated_at` timestamp NOT NULL DEFAULT '0000-00-00 00:00:00',
  PRIMARY KEY (`id`),
  KEY `clientes_tipo_cliente_id_foreign` (`tipo_cliente_id`)
) ENGINE=InnoDB  DEFAULT CHARSET=utf8 COLLATE=utf8_spanish_ci AUTO_INCREMENT=183 ;

--
-- Dumping data for table `clientes`
--

INSERT INTO `clientes` (`id`, `tipo_cliente_id`, `nombre`, `direccion`, `telefono`, `nit`, `email`, `limite_credito`, `dias_credito`, `created_at`, `updated_at`) VALUES
(1, 1, 'Consumidor Final', 'Ciudad', '', '', '', '0.00', 30, '0000-00-00 00:00:00', '2019-07-30 22:54:05'),
(16, 1, 'Constructora de Oriente', 'Km 169.00 Ruta a Esquipulas', '52012832', '9545891', 'Constructoradeoriente@gmail.com', '0.00', 30, '2019-07-08 16:50:14', '2019-07-08 16:50:14'),
(17, 1, 'Idania rocio marin', 'Chiquimula', '55714776', '15377903', 'Idania_rocio@hotmail.com', '0.00', 30, '2019-07-08 16:50:24', '2019-07-08 16:50:24'),
(18, 1, 'Salvador Hernandez', 'Ciudad', '', '7911459', '', '0.00', 30, '2019-07-08 20:02:11', '2019-07-08 20:02:11'),
(19, 1, 'Luis Julian', 'Quezaltepeque', '49609996', '97799726', '', '0.00', 30, '2019-07-09 17:04:55', '2019-07-09 17:04:55'),
(20, 1, 'Maria jose', 'Chiquimula', '53401250', '989594', '', '0.00', 30, '2019-07-09 22:19:52', '2019-07-09 22:19:52'),
(21, 1, 'Dany', 'Chiquimula', '46574810', '587563', '', '0.00', 30, '2019-07-10 16:06:24', '2019-07-10 16:06:24'),
(22, 1, 'Dani Devito', 'Chiquimula', '25482548', '36598742', '', '0.00', 30, '2019-07-10 16:06:57', '2019-07-10 16:06:57'),
(23, 1, 'Ludwin Herrera', 'Chiquimula', '40811321', '25637851', 'Ludwin@gmail.com', '0.00', 30, '2019-07-10 16:09:34', '2019-07-10 16:09:34'),
(24, 1, 'Erick barahona', 'Zacapa', '36598771', '6265981', '', '0.00', 30, '2019-07-10 17:12:09', '2019-07-10 17:12:09'),
(25, 1, 'Eduardo Guerra', 'Ciudad', '564564654', '9545891', 'Eduardoguerras@gmail.com', '0.00', 30, '2019-07-10 17:14:15', '2019-07-10 17:14:15'),
(26, 1, 'Sergio Segura', 'El Progreso, Guastatoya', '65981254', '65984823', '', '0.00', 30, '2019-07-10 21:12:25', '2019-07-11 15:52:00'),
(27, 1, 'Juan López', 'Chiquimula', '45783298', '5648781', '', '0.00', 30, '2019-07-10 21:17:07', '2019-07-10 21:17:16'),
(28, 1, 'Otoniel Cardona', 'Chiquimula', '465464654654', '4545454654654', '', '0.00', 30, '2019-07-11 17:51:35', '2019-07-11 17:51:35'),
(29, 1, 'ANA MARTINEZ', 'CHIQUIMULA', '56981250', '15389669', '', '0.00', 30, '2019-07-11 22:55:51', '2019-07-11 22:55:51'),
(30, 1, 'Ricardo Carotti', 'San Jacinto ,Chiquimula', '23569812', '32659822', '', '0.00', 30, '2019-07-12 14:49:12', '2019-07-12 14:49:12'),
(31, 1, 'Jose Garcia', 'Esquipulas', '54632578', '36598712', '', '0.00', 30, '2019-07-12 16:53:16', '2019-07-12 16:53:16'),
(32, 1, 'Maria Jose Colindres', 'Chiquimula', '99887744', '651978464', '', '0.00', 30, '2019-07-15 17:08:27', '2019-07-17 14:50:22'),
(33, 1, 'AMILCAR', 'CHIQUIMULA', '', 'C/F', '', '0.00', 30, '2019-07-15 18:35:15', '2019-07-15 18:35:15'),
(34, 1, 'Fausto Salazar', 'Mexico', '54879635', '35695474', 'Fsalazar@yahoo.com', '0.00', 30, '2019-07-23 17:26:33', '2019-07-23 17:26:33'),
(35, 1, 'Ferretería el Buen Precio', 'Suchitepequez', '79425698', '12568791', 'Ferre-bprcio@hotmail.com', '0.00', 30, '2019-07-23 17:38:18', '2019-07-23 17:38:18'),
(36, 1, 'LUCAS', 'CHIQUIMULA', '', 'C/F', '', '0.00', 30, '2019-07-23 18:31:49', '2019-07-23 18:31:49'),
(37, 1, 'Susana Lopez Carrera', 'Chiquimula', '12564879', '32659842', '', '0.00', 30, '2019-07-24 17:10:15', '2019-07-24 17:10:15'),
(38, 1, 'Anibal Marroquin', 'Chiquimula Chiquimula', '25001200', '32659847', 'Lhwicho@gmail.com', '0.00', 30, '2019-07-24 17:13:30', '2019-07-24 17:13:30'),
(39, 1, 'CDO DATOS', 'CHIQUIMULA', '451236989', '12562154', '', '0.00', 30, '2019-07-24 18:21:28', '2019-07-24 18:21:28'),
(40, 1, 'CDO', 'CHQUIMULA', '', 'C/F', '', '0.00', 30, '2019-07-24 18:49:04', '2019-07-24 18:49:04'),
(41, 1, 'Pedro jose', 'Esquipulas', '', '124578891', '', '0.00', 30, '2019-07-24 21:20:45', '2019-07-24 21:20:45'),
(42, 1, 'Diego Forlan', 'Chiquimula', '12457896', '12457896', '', '0.00', 30, '2019-07-24 22:28:47', '2019-07-24 22:28:47'),
(43, 1, 'Florentina Perez', 'Esquipulas', '12854679', '45267844', '', '0.00', 30, '2019-07-24 22:30:20', '2019-07-24 22:30:20'),
(44, 1, 'Fermin Duarte', 'Brazil', '12369874', '45129655', '', '0.00', 30, '2019-07-24 22:31:58', '2019-07-24 22:31:58'),
(45, 1, 'Janneth Perez', 'Sao Paulo', '', '21659847', '', '0.00', 30, '2019-07-24 22:35:39', '2019-07-24 22:35:39'),
(46, 1, 'Irwin Castillo', 'Morales, Izabal', '', '1254874', '', '0.00', 30, '2019-07-24 22:46:18', '2019-07-24 22:46:18'),
(47, 1, 'Pollo Campero', 'Zacapa', '125489654', '45267894', 'Pollocamperistico@hotmail.com', '0.00', 30, '2019-07-24 22:48:48', '2019-07-24 22:48:48'),
(48, 1, 'Adal Recinos', 'Jutiapa', '45268975', '1245877', '', '0.00', 30, '2019-07-24 22:50:32', '2019-07-24 22:50:32'),
(49, 1, 'Flavio Sarceño', 'Chiquimula', '45251545', '1254872', '', '0.00', 30, '2019-07-25 14:18:31', '2019-07-25 14:18:31'),
(50, 1, 'Mauricio Cifuentes', 'CD Guatemala', '15487952', '1546262', '', '0.00', 30, '2019-07-25 14:26:25', '2019-07-25 14:26:25'),
(51, 1, 'Gladis de Julian', 'Coban', '52468546', '4856232', '', '0.00', 30, '2019-07-25 14:34:42', '2019-07-25 14:34:42'),
(52, 1, 'Mishel Contreras', 'Quiche', '45216788', '15465921', '', '0.00', 30, '2019-07-25 14:44:30', '2019-07-25 14:44:30'),
(53, 1, 'FAMACONSA', 'CHIQUIMULA', '12457896', '21365472', '', '0.00', 30, '2019-07-25 15:10:13', '2019-07-25 15:10:13'),
(54, 1, 'Silvia de Zamora', 'Esquipulas', '15462578', '1236542', 'Silvazam@hotmail.com', '0.00', 30, '2019-07-25 15:33:08', '2019-07-25 15:33:08'),
(55, 1, 'Sofia Quijada', 'El Progreso', '15426598', '1523657', '', '0.00', 30, '2019-07-25 15:35:57', '2019-07-25 15:35:57'),
(56, 1, 'Glenda Cadona', 'Jutiapa', '254687984', '2516482', '', '0.00', 30, '2019-07-25 15:37:18', '2019-07-25 15:37:18'),
(57, 1, 'Hugo Grijalva', 'Totonicapan', '45621547', '1356482', '', '0.00', 30, '2019-07-25 15:39:03', '2019-07-25 15:39:03'),
(58, 1, 'Mirna Cabrera', 'Ipala', '36598745', '1254562', '', '0.00', 30, '2019-07-25 18:44:03', '2019-07-25 18:44:03'),
(59, 1, 'Refufio Perez', 'Chiquimula', '54213698', '12354872', '', '0.00', 30, '2019-07-26 22:06:14', '2019-07-26 22:06:14'),
(60, 1, 'Pedro Ibañez', 'chiquimula', '21365497', '1245872', '', '0.00', 30, '2019-07-26 22:09:02', '2019-07-30 16:27:21'),
(61, 1, 'Mardoqueo Pelaez', 'Chiquimula', '356498', '3215492', '', '0.00', 30, '2019-07-26 22:11:56', '2019-07-26 22:11:56'),
(62, 1, 'Rony Machorro', 'Chiquimula', '12456987', '2154872', '', '0.00', 30, '2019-07-26 22:38:20', '2019-07-26 22:38:20'),
(63, 1, 'Romario Donis', 'Chiquimula', '12459687', '12454689745', '', '0.00', 30, '2019-07-26 22:55:19', '2019-07-26 22:55:19'),
(64, 1, 'THELMA ALDANA', 'PETEN', '12457896', '21245872', '', '0.00', 30, '2019-07-29 17:32:02', '2019-07-29 17:32:02'),
(65, 1, 'EDGARDO FRANCO', 'HUHUETENANGO', '12695349', '123656472', '', '0.00', 30, '2019-07-29 17:37:02', '2019-07-29 17:37:02'),
(66, 1, 'MAMFREDO ILLESCAS', 'MORALALES ,IZABAL', '134568945', '1549872', '', '0.00', 30, '2019-07-29 17:38:57', '2019-07-29 17:38:57'),
(67, 1, 'FRANCISCO TOLEDO', 'CHIQUIMULILLA', '36254987', '35164982', '', '0.00', 30, '2019-07-29 17:42:58', '2019-07-29 17:42:58'),
(68, 1, 'Timoteo Galiotti', 'Guatemala', '13265987', '1254872', '', '0.00', 30, '2019-07-29 22:30:18', '2019-07-29 22:30:18'),
(69, 1, 'Luis gutierrez', 'Chiquimula', '55005500', '73150215', '', '0.00', 30, '2019-07-30 16:16:43', '2019-07-30 22:37:11'),
(70, 1, 'Estuardo perez', 'Chiquimula', '50501515', '15021548', '', '0.00', 30, '2019-07-30 16:30:43', '2019-07-30 16:30:43'),
(71, 1, 'Lilian paiz', 'Chiquimula', '45452020', '15484785', '', '0.00', 30, '2019-07-30 16:35:15', '2019-07-30 16:35:15'),
(72, 1, 'Emanuel ramirez', 'Chiquimula', '40444408', '79879089', 'emanuelito4785@gmail.com', '0.00', 30, '2019-07-30 17:01:54', '2019-07-30 22:37:55'),
(73, 1, 'MARÍA DE LOS ANGELES', 'CHIQUIMULA', '79420985', '5698345', '', '0.00', 30, '2019-07-30 17:20:37', '2019-07-30 17:20:37'),
(74, 1, 'Lester sagastume', 'San jacinto', '45562525', '12548956', '', '0.00', 30, '2019-07-30 17:43:57', '2019-07-30 17:43:57'),
(75, 1, 'Cesar samayoa', 'Chiquimula', '458659966', '452655995', '', '0.00', 30, '2019-07-30 17:55:53', '2019-07-30 17:55:53'),
(76, 1, 'Milvia alveño', 'Zacapa', '454587879', '15445855', '', '0.00', 30, '2019-07-30 17:58:52', '2019-07-30 17:58:52'),
(77, 1, 'Victor ramirez', 'Chiquimula', '33576799', '73281581', '', '0.00', 30, '2019-07-30 18:01:02', '2019-07-30 18:01:02'),
(78, 1, 'Gilma jerez', 'El morral chiquimula', '1235645', '4526897', '', '0.00', 30, '2019-07-30 18:02:54', '2019-07-30 18:02:54'),
(79, 1, 'Marlon', 'Las escobas', '30154578', '45266589', '', '0.00', 30, '2019-07-30 18:05:49', '2019-07-30 18:05:49'),
(80, 1, 'Efrain perez', 'El estor', '12365985', '4562136', '', '0.00', 30, '2019-07-30 18:08:25', '2019-07-30 18:08:25'),
(81, 1, 'Emmanuel cortes', 'Chiquimula', '45212656', '45523566', '', '0.00', 30, '2019-07-30 18:11:46', '2019-07-30 18:11:46'),
(82, 1, 'Esau agustin', 'Chiquimula', '456325897', '1245856', '', '0.00', 30, '2019-07-30 18:13:49', '2019-07-30 18:13:49'),
(83, 1, 'Pedro vasquez', 'San jose la arada', '452165566', 'C/F', '', '0.00', 30, '2019-07-30 18:25:03', '2019-07-30 18:25:03'),
(84, 1, 'Lester hernesto', 'Chiquimula', '4521233688', '458789565', '', '0.00', 30, '2019-07-30 18:26:44', '2019-07-30 18:26:44'),
(85, 1, 'Sandra juarez', 'La pinera', '45887885', '12364589', '', '0.00', 30, '2019-07-30 18:34:36', '2019-07-30 18:34:36'),
(86, 1, 'Wilson oscar', 'Sabana grande', '1254547896', '1245655', '', '0.00', 30, '2019-07-30 18:38:01', '2019-07-30 18:38:01'),
(87, 1, 'Juan martinez', 'Chiquimula', '4536556689', '457898959', '', '0.00', 30, '2019-07-30 18:41:42', '2019-07-30 18:41:42'),
(88, 1, 'Daniela maroquin', 'Chiquimula', '1236547', '48898588', '', '0.00', 30, '2019-07-30 18:48:27', '2019-07-30 18:48:27'),
(89, 1, 'Ester polindres', 'San luis jilotepeques', '4525566', '7895456655', '', '0.00', 30, '2019-07-30 18:50:50', '2019-07-30 18:50:50'),
(90, 1, 'Oliver paz', 'Chiquimula', '4878955', '456321545', '', '0.00', 30, '2019-07-30 18:52:43', '2019-07-30 18:52:43'),
(91, 1, 'ADONIAS RAMIREZ', 'RESIDENCIALES CHIQUIMULA, CHIQUIMULA', '5632145879', '4585666574', '', '0.00', 30, '2019-07-30 21:08:58', '2019-07-30 21:08:58'),
(92, 1, 'JAVIER JACINTO', 'CHIQUIMULA', '123456987', '125548769', '', '0.00', 30, '2019-07-30 21:21:31', '2019-07-30 21:21:31'),
(93, 1, 'Danny Alvarez', 'Ciudad', '', 'C/F', '', '0.00', 30, '2019-07-30 21:22:38', '2019-07-30 21:22:38'),
(94, 1, 'WALTER SAGASTUME', 'LA PUENTE', '45554546', 'C/F', '', '0.00', 30, '2019-07-30 22:17:30', '2019-07-30 22:17:30'),
(95, 1, 'ESTUARDO MENDEZ', 'EL PROGRESO', '4562596', '1254877', '', '0.00', 30, '2019-07-30 22:19:07', '2019-07-30 22:19:07'),
(96, 1, 'ROMERO ROMERO', 'CAMOTAN', '4521584', '456321789', '', '0.00', 30, '2019-07-30 22:21:18', '2019-07-30 22:21:18'),
(97, 1, 'CLAUDIA VILLEDA', 'SAN JACINTO', '78965423', '1236557489', '', '0.00', 30, '2019-07-30 22:29:17', '2019-07-30 22:29:17'),
(98, 1, 'Omero Jaramillo', 'Chimaltenango', '', '1246987', '', '0.00', 30, '2019-07-31 14:10:07', '2019-07-31 14:10:07'),
(99, 1, 'Londres marquez', 'San juan hermita', '1254864656', '123654566', '', '0.00', 30, '2019-07-31 14:16:31', '2019-07-31 14:16:31'),
(100, 1, 'Lucia lorenzana', 'Mazatenago', '', '2154682', '', '0.00', 30, '2019-07-31 14:17:59', '2019-07-31 14:17:59'),
(101, 1, 'Arnoldo zepeda', 'San jose pinula', '25463218', '24568784', '', '0.00', 30, '2019-07-31 14:20:31', '2019-07-31 14:20:31'),
(102, 1, 'Matias lopez', 'La puente chiquuimula', '1456587565', '1455883635', '', '0.00', 30, '2019-07-31 14:22:45', '2019-07-31 14:22:45'),
(103, 1, 'Ivan Zamorano', 'Escuintla', '123457897', '12456987', '', '0.00', 30, '2019-07-31 14:36:34', '2019-07-31 14:36:34'),
(104, 1, 'Natananel borges', 'Quito, Peru', '13264879', '1254875', '', '0.00', 30, '2019-07-31 14:41:07', '2019-07-31 14:41:07'),
(105, 1, 'Ciomara gutierrez', 'Chiquimula', '3565966', '146569566', '', '0.00', 30, '2019-07-31 14:45:38', '2019-07-31 14:45:38'),
(106, 1, 'Norma sarmiento', 'El Progreso', '13254879', '1254682', '', '0.00', 30, '2019-07-31 14:46:58', '2019-07-31 14:46:58'),
(107, 1, 'Creaciones marvin', 'Concepcion las minas', '12457965', '1254894', '', '0.00', 30, '2019-07-31 14:48:23', '2019-07-31 14:48:23'),
(108, 1, 'Genesis agustin', 'Vhiquimula', '12345687', '145698872', '', '0.00', 30, '2019-07-31 14:48:53', '2019-07-31 14:48:53'),
(109, 1, 'Ana marroquin', 'Jutiapa', '13468579', '1256485', 'Anaconda@yahoo.com', '0.00', 30, '2019-07-31 14:50:13', '2019-07-31 14:50:13'),
(110, 1, 'Estuardo Marroquin', 'Villa Nueva', '123457896', '13265487', 'Mudesmarro@gmail.com', '0.00', 30, '2019-07-31 15:08:35', '2019-07-31 15:08:35'),
(111, 1, 'Lazaro martinez', 'San Jacinto', '124579', '1254851', '', '0.00', 30, '2019-07-31 15:21:59', '2019-07-31 15:21:59'),
(112, 1, 'Robinson Bosov', 'Guatemala', '12549875', '1245875', '', '0.00', 30, '2019-07-31 15:30:45', '2019-07-31 15:30:45'),
(113, 1, 'Douglas Cartagena', 'San marcos', '13598745', '1254831', '', '0.00', 30, '2019-07-31 15:59:46', '2019-07-31 15:59:46'),
(114, 1, 'Universidad Rafael Landivar', 'Zacapa', '12468579', '12365482', '', '0.00', 30, '2019-07-31 16:03:07', '2019-07-31 21:49:16'),
(115, 1, 'Andrea sagastum', 'Chiquimula', '48743687', '415236586', '', '0.00', 30, '2019-07-31 16:19:05', '2019-07-31 16:19:05'),
(116, 1, 'Omar lopez sanchez', 'Chiqumula', '1245656', '145236648', '', '0.00', 30, '2019-07-31 16:23:57', '2019-07-31 16:23:57'),
(117, 1, 'Maria Petronila', 'Chiquimulilla', '50401868', '8724221', 'guerrasotomariajose@gmail.com', '0.00', 30, '2019-07-31 16:39:20', '2019-08-01 22:27:27'),
(118, 1, 'Maritza colindres', 'Chiquimula', '45632984', '1526349', '', '0.00', 30, '2019-07-31 16:41:37', '2019-07-31 16:41:37'),
(119, 1, 'Rocio canales', 'Chiquimula', '55714896', '15379309', '', '0.00', 30, '2019-07-31 16:43:22', '2019-07-31 16:43:22'),
(120, 1, 'Dorita lemus', 'Chiquimula', '40965046', '1563976', '', '0.00', 30, '2019-07-31 16:48:14', '2019-07-31 16:48:14'),
(121, 1, 'Daniel Alvarez', 'Ciudad', '79421383', '1237890', '', '0.00', 30, '2019-07-31 16:48:54', '2019-07-31 16:48:54'),
(122, 1, 'Juanita lópez', 'Chiquimula', '50401868', '8545971', '', '0.00', 30, '2019-07-31 16:54:49', '2019-07-31 16:54:49'),
(123, 1, 'Maria lorenzo', 'Chiquimula', '50401868', '8545981', '', '0.00', 30, '2019-07-31 17:00:19', '2019-07-31 17:00:19'),
(124, 1, 'Maria jose', 'Chiquimula', '50401838', 'C/F', '', '0.00', 30, '2019-07-31 17:06:23', '2019-07-31 17:06:23'),
(125, 1, 'Ester lopez', 'Chiquimula', '215498', '4552656', '', '0.00', 30, '2019-07-31 17:10:58', '2019-07-31 17:10:58'),
(126, 1, 'Humbertp Ramirez', 'Quezalteque', '49609996', '97799726', 'Lh.julian@hotmail.com', '0.00', 30, '2019-07-31 17:28:55', '2019-07-31 17:28:55'),
(127, 1, 'Maria lucas', 'Chiquimula', '40984598', '8545982', '', '0.00', 30, '2019-07-31 17:43:36', '2019-07-31 17:43:36'),
(128, 1, 'Patronila Martínez', 'Chiquimula', '50401868', '8545981', '', '0.00', 30, '2019-07-31 18:14:00', '2019-07-31 18:14:00'),
(129, 1, 'Dulce Maria Canales', 'Chqiuimula', '55714776', '15377903', 'marielos.lg233@gmail.com', '0.00', 30, '2019-07-31 18:20:42', '2019-07-31 18:24:46'),
(130, 1, 'Maritza Gomez', 'Zacapa', '43295546', '456848', 'Maritzagomez@gmail.com', '0.00', 30, '2019-07-31 18:28:38', '2019-07-31 18:28:38'),
(131, 1, 'Marisol Lemus', 'Zacapa', '45689712', '6584159', 'Marisol_lemus@gmail.com', '0.00', 30, '2019-07-31 20:51:04', '2019-07-31 20:51:04'),
(132, 1, 'Delmy guera', 'Chiquimula', '73473239', '1256499', '', '0.00', 30, '2019-07-31 21:03:57', '2019-07-31 21:03:57'),
(133, 1, 'Corina lemus', 'Zacapa', '7973586', '15378969', '', '0.00', 30, '2019-07-31 21:05:53', '2019-07-31 21:05:53'),
(134, 1, 'Juana perez', 'Chiquimula', '50401868', 'C/F', '', '0.00', 30, '2019-07-31 21:06:48', '2019-07-31 21:06:48'),
(135, 1, 'Carmen pinto Flores', 'Chiquimula', '50401868', '8594481', '', '0.00', 30, '2019-07-31 21:15:50', '2019-07-31 21:18:05'),
(136, 1, 'Julian lopez', 'Chiquimula', '', '8545981', '', '0.00', 30, '2019-07-31 21:21:39', '2019-07-31 21:21:39'),
(137, 1, 'Juanita Linares', 'Ciudad', '12456987', '1245872', 'juamitalinares125@hotmail.com', '0.00', 30, '2019-07-31 21:54:18', '2019-07-31 21:57:03'),
(138, 1, 'Jaqueline alba guadalupe pinto flores', 'Chiquimula', '', 'C/F', '', '0.00', 30, '2019-07-31 22:28:47', '2019-07-31 22:28:47'),
(139, 1, 'Juan Perez Lpez', 'Chiquimula', '', 'C/F', '', '0.00', 30, '2019-07-31 22:30:14', '2019-07-31 22:30:14'),
(140, 1, 'Julio Linare4s', 'Ciudad', '13468549', '1256482', '', '0.00', 30, '2019-07-31 22:36:32', '2019-07-31 22:36:32'),
(141, 1, 'Leonel Sarmiento', 'Zaacapa', '135698745', '1256481', '', '0.00', 30, '2019-07-31 22:37:46', '2019-07-31 22:37:46'),
(142, 1, 'Anibal marroquin', 'Chiquimula', '12468579', '1325487', '', '0.00', 30, '2019-07-31 22:38:57', '2019-07-31 22:38:57'),
(143, 1, 'Ana Lucrecia Julian', 'Chiquimula', '50401888', '854595480', '', '0.00', 30, '2019-08-01 14:09:11', '2019-08-01 14:09:11'),
(144, 1, 'Pedro Lopez', '5ta calle final Zona 3', '48036980', 'N125478', '', '0.00', 30, '2019-08-01 14:12:14', '2019-08-01 14:12:14'),
(145, 1, 'Mario Perez', 'Ciudad', '56156768', '145289', '', '0.00', 30, '2019-08-01 14:19:33', '2019-08-01 14:19:33'),
(146, 1, 'Maria Mateo', 'Ciudad', '40506022', '45789', '', '0.00', 30, '2019-08-01 14:24:09', '2019-08-01 14:24:09'),
(147, 1, 'Marta Tun', '5ta calle final Zona 3', '214587', '124587', '', '0.00', 30, '2019-08-01 14:36:32', '2019-08-01 14:36:32'),
(148, 1, 'Alfredo guerra', 'Ciudad', '326584978556', '21508', '', '0.00', 30, '2019-08-01 14:41:33', '2019-08-01 14:41:33'),
(149, 1, 'Juanita Perez', 'Chiquimula', '50401868', '8545841', 'Guerrasoto@gmail.com', '0.00', 30, '2019-08-01 14:44:38', '2019-08-01 14:44:38'),
(150, 1, 'Pedre Jimenes', 'Xchiquimula', '50401868', '8545941', '', '0.00', 30, '2019-08-01 14:47:18', '2019-08-01 14:47:18'),
(151, 1, 'Dulce', 'Ciudad', '', 'C/F', '', '0.00', 30, '2019-08-01 14:55:15', '2019-08-01 14:55:15'),
(152, 1, 'Angelica maria', 'Zacapa', '12456987', '12546872', 'Guerrasotomarrajose@gmail.com', '0.00', 30, '2019-08-01 15:05:49', '2019-08-01 15:05:49'),
(153, 1, 'Abraham lopez', 'Ciudad', '12467985', '1254874', '', '0.00', 30, '2019-08-01 15:30:02', '2019-08-01 15:30:02'),
(154, 1, 'Luis lopez', 'Chiquimula', '1546749655', '1256565', '', '0.00', 30, '2019-08-01 15:44:55', '2019-08-01 15:44:55'),
(155, 1, 'Carlos morales', 'Ciudad', '13265987', '12658478', '', '0.00', 30, '2019-08-01 16:00:32', '2019-08-01 16:00:32'),
(156, 1, 'Jose lis gutierrez', 'Chiquimula', '654545', '124554656', '', '0.00', 30, '2019-08-01 16:27:03', '2019-08-01 16:27:03'),
(157, 1, 'Cleotilde marruecos', '5ta calle 3ave zona 1 chiquimula', '2355636', '1452655696', '', '0.00', 30, '2019-08-01 16:32:48', '2019-08-01 16:32:48'),
(158, 1, 'Ismael cordova', 'Chiquimula', '123565', '123654568', '', '0.00', 30, '2019-08-01 16:44:37', '2019-08-01 16:44:37'),
(159, 1, 'Roberto volaños', 'Chiquimula', '45451212', '123456987', '', '0.00', 30, '2019-08-01 16:48:42', '2019-08-01 16:48:42'),
(160, 1, 'Osman lopez', 'Sabana grande', '12345678', '45213663586', '', '0.00', 30, '2019-08-01 16:55:58', '2019-08-01 16:55:58'),
(161, 1, 'Enma rodas', 'Vhiquimula', '232135465', '12335665465', '', '0.00', 30, '2019-08-01 16:58:19', '2019-08-01 16:58:19'),
(162, 1, 'Marisoñl lopez', 'Chiquimula', '13365', '1223565', '', '0.00', 30, '2019-08-01 17:09:27', '2019-08-01 17:09:27'),
(163, 1, 'Juamnita perez lopez', 'Chiquimula', '2135655', '12545632215', '', '0.00', 30, '2019-08-01 17:17:46', '2019-08-01 17:17:46'),
(164, 1, 'Armando Ramirez', 'Zacapa', '132548785', '12564698', '', '0.00', 30, '2019-08-01 17:18:52', '2019-08-01 17:18:52'),
(165, 1, 'Geronimo diaz', 'San jacinto', '1234568', '1232254655', '', '0.00', 30, '2019-08-01 18:22:17', '2019-08-01 18:22:17'),
(166, 1, 'Estiven gomez', 'Chiquimula', '12345687', '1235465565', '', '0.00', 30, '2019-08-01 20:55:49', '2019-08-01 20:55:49'),
(167, 1, 'Juan lopoez martinez', 'San jacinto', '123654987', '123545549898', '', '0.00', 30, '2019-08-01 20:57:07', '2019-08-01 20:57:07'),
(168, 1, 'Damaris Perez', '5ta calle final Zona 3', '48975624', '4789567', '', '0.00', 30, '2019-08-01 21:06:05', '2019-08-01 21:06:05'),
(169, 1, 'Oliver castañedas', 'Chiquimula', '46556925', '123655465', '', '0.00', 30, '2019-08-01 21:10:44', '2019-08-01 21:10:44'),
(170, 1, 'Rosadelia martinez', 'Aldea la puente chiquimula', '1255855', '123456', '', '0.00', 30, '2019-08-01 21:12:45', '2019-08-01 21:12:45'),
(171, 1, 'Ismael juanaco', 'Camotan chiqumula', '45451212', 'C/F', '', '0.00', 30, '2019-08-01 21:14:30', '2019-08-01 21:14:30'),
(172, 1, 'Juancho curuc', 'Chiquimula', '', 'C/F', '', '0.00', 30, '2019-08-01 21:18:50', '2019-08-01 21:18:50'),
(173, 1, 'Sinforoso ramirez', 'Chiquimula', '50401868', '8545980', '', '0.00', 30, '2019-08-01 21:40:12', '2019-08-01 21:40:12'),
(174, 1, 'Lidia Juares', 'Chiquimula', '', '9545991', '', '0.00', 30, '2019-08-01 21:54:31', '2019-08-01 21:54:31'),
(175, 1, 'Edna sagastume', 'Chiquimula', '12124545', '12345656', '', '0.00', 30, '2019-08-01 22:41:50', '2019-08-01 22:41:50'),
(176, 1, 'Constructora universal de guatemala', 'Aldea el ingeniero km150 ruta interamericana', '79404005', '78452102', '', '0.00', 30, '2019-08-01 22:54:48', '2019-08-01 22:54:48'),
(177, 1, 'Karen de Guerra', 'Chiquimula', '50452053', '29912326', '', '0.00', 30, '2019-08-01 23:49:48', '2019-08-01 23:49:48'),
(178, 1, 'Jose adrian herrera', 'Residenciales canaan zona 3', '40811322', '23234001', '', '0.00', 30, '2019-08-02 00:02:58', '2019-08-02 00:02:58'),
(179, 1, 'Lorena gutierrez', 'Chiquimula', '', '8545981', '', '0.00', 30, '2019-08-02 14:37:41', '2019-08-02 14:37:41'),
(180, 1, 'Marlen lopez', 'Ciudad', '50401868', '4585980', '', '0.00', 30, '2019-08-02 14:44:36', '2019-08-02 14:44:36'),
(181, 1, 'Manolo contreras', 'Ciudad', '13265498', '1352642', '', '0.00', 30, '2019-08-02 15:13:33', '2019-08-02 15:13:33'),
(182, 1, 'Ricardo jerez', 'Aldea linda vista', '45125698', '7947253636', '', '0.00', 30, '2019-08-02 15:19:27', '2019-08-02 15:19:27');

-- --------------------------------------------------------

--
-- Table structure for table `cliente_contacto`
--

CREATE TABLE IF NOT EXISTS `cliente_contacto` (
  `id` int(10) unsigned NOT NULL AUTO_INCREMENT,
  `cliente_id` int(10) unsigned NOT NULL,
  `nombre` varchar(255) COLLATE utf8_spanish_ci NOT NULL,
  `apellido` varchar(255) COLLATE utf8_spanish_ci NOT NULL,
  `direccion` varchar(255) COLLATE utf8_spanish_ci NOT NULL,
  `telefono1` varchar(255) COLLATE utf8_spanish_ci NOT NULL,
  `telefono2` varchar(255) COLLATE utf8_spanish_ci NOT NULL,
  `celular` varchar(255) COLLATE utf8_spanish_ci NOT NULL,
  `correo` varchar(255) COLLATE utf8_spanish_ci NOT NULL,
  `numero` varchar(255) COLLATE utf8_spanish_ci NOT NULL,
  `preferido` int(11) NOT NULL,
  `created_at` timestamp NOT NULL DEFAULT '0000-00-00 00:00:00',
  `updated_at` timestamp NOT NULL DEFAULT '0000-00-00 00:00:00',
  PRIMARY KEY (`id`),
  KEY `cliente_contacto_cliente_id_foreign` (`cliente_id`)
) ENGINE=InnoDB DEFAULT CHARSET=utf8 COLLATE=utf8_spanish_ci AUTO_INCREMENT=1 ;

-- --------------------------------------------------------

--
-- Table structure for table `compras`
--

CREATE TABLE IF NOT EXISTS `compras` (
  `id` int(10) unsigned NOT NULL AUTO_INCREMENT,
  `proveedor_id` int(10) unsigned NOT NULL,
  `tienda_id` int(10) unsigned NOT NULL DEFAULT '1',
  `user_id` int(10) unsigned NOT NULL,
  `numero_documento` varchar(100) COLLATE utf8_spanish_ci NOT NULL,
  `fecha_documento` date NOT NULL,
  `saldo` decimal(11,5) NOT NULL DEFAULT '0.00000',
  `total` decimal(11,5) NOT NULL DEFAULT '0.00000',
  `completed` tinyint(1) NOT NULL DEFAULT '0',
  `canceled` tinyint(1) NOT NULL DEFAULT '0',
  `kardex` tinyint(1) NOT NULL DEFAULT '0',
  `nota` text COLLATE utf8_spanish_ci NOT NULL,
  `created_at` timestamp NOT NULL DEFAULT '0000-00-00 00:00:00',
  `updated_at` timestamp NOT NULL DEFAULT '0000-00-00 00:00:00',
  PRIMARY KEY (`id`),
  KEY `compras_proveedor_id_foreign` (`proveedor_id`),
  KEY `compras_tienda_id_foreign` (`tienda_id`),
  KEY `compras_user_id_foreign` (`user_id`)
) ENGINE=InnoDB  DEFAULT CHARSET=utf8 COLLATE=utf8_spanish_ci AUTO_INCREMENT=1003 ;

--
-- Dumping data for table `compras`
--

INSERT INTO `compras` (`id`, `proveedor_id`, `tienda_id`, `user_id`, `numero_documento`, `fecha_documento`, `saldo`, `total`, `completed`, `canceled`, `kardex`, `nota`, `created_at`, `updated_at`) VALUES
(959, 39, 1, 15, '190000017468', '2019-07-08', '0.00000', '24882.59200', 1, 0, 1, 'nota', '2019-07-08 16:00:27', '2019-07-08 16:24:24'),
(960, 39, 1, 16, '190000017469', '2019-06-04', '0.00000', '27992.57440', 1, 0, 1, 'nota', '2019-07-08 16:00:29', '2019-07-09 21:34:46'),
(961, 40, 1, 15, '1608404476', '2019-07-08', '0.00000', '7000.00000', 1, 0, 1, 'nota', '2019-07-08 17:16:34', '2019-07-08 17:22:50'),
(962, 41, 1, 16, '2831434118', '2019-07-08', '3222.00120', '3222.00120', 1, 0, 1, 'nota', '2019-07-08 17:19:14', '2019-07-08 17:28:45'),
(964, 40, 1, 15, '189001', '2019-07-08', '0.00000', '1499.99000', 1, 0, 1, 'nota', '2019-07-08 22:34:38', '2019-07-08 22:41:37'),
(965, 42, 1, 15, '17468', '2019-07-09', '0.00000', '7596.94800', 1, 0, 1, 'nota', '2019-07-09 16:27:40', '2019-07-09 21:37:16'),
(966, 43, 1, 16, '250', '2019-07-09', '11245.23000', '11245.23000', 1, 0, 1, 'nota', '2019-07-09 16:28:51', '2019-07-09 16:52:48'),
(967, 43, 1, 17, '3000', '2019-07-09', '815.00000', '815.00000', 1, 0, 1, 'nota', '2019-07-09 16:42:09', '2019-07-09 20:50:37'),
(968, 43, 1, 17, '2051', '2019-07-09', '54223.04000', '54223.04000', 1, 0, 1, 'nota', '2019-07-09 16:48:08', '2019-07-09 17:18:25'),
(971, 39, 1, 16, '1234567', '2019-07-10', '0.00000', '67592.00000', 1, 0, 1, 'nota', '2019-07-10 16:19:02', '2019-07-10 16:19:41'),
(972, 39, 1, 1, '4564', '2019-07-10', '0.00000', '2020.67659', 1, 0, 1, 'nota', '2019-07-10 16:59:10', '2019-07-10 17:10:41'),
(973, 44, 1, 15, '17469', '2019-07-10', '21070.00000', '21070.00000', 1, 0, 1, 'nota', '2019-07-10 17:15:56', '2019-07-10 17:20:12'),
(974, 45, 1, 15, '2831434119', '2019-07-10', '0.00000', '0.00000', 0, 0, 0, '', '2019-07-10 21:13:53', '2019-07-10 21:13:53'),
(975, 40, 1, 15, '28314560', '2019-07-10', '0.00000', '12300.50000', 1, 0, 1, 'nota', '2019-07-10 21:18:57', '2019-07-10 21:31:24'),
(976, 47, 1, 15, '193', '2019-07-25', '0.00000', '0.00000', 0, 0, 0, '', '2019-07-25 15:02:47', '2019-07-25 15:02:47'),
(977, 48, 1, 15, '00045', '2019-07-25', '0.00000', '0.00000', 0, 0, 0, '', '2019-07-25 15:19:36', '2019-07-25 15:19:36'),
(978, 48, 1, 15, '19358', '2019-07-25', '0.00000', '195000.00000', 1, 0, 1, 'nota', '2019-07-25 15:22:58', '2019-07-25 15:28:05'),
(979, 47, 1, 15, '00326', '2019-07-25', '0.00000', '0.00000', 0, 0, 0, '', '2019-07-25 15:29:41', '2019-07-25 15:29:41'),
(980, 49, 1, 15, '0026', '2019-07-25', '0.00000', '0.00000', 0, 0, 0, '', '2019-07-25 16:49:44', '2019-07-25 16:49:44'),
(981, 49, 1, 15, '123456789', '2019-07-25', '180000.00000', '680000.00000', 1, 0, 1, 'nota', '2019-07-25 16:56:28', '2019-07-25 16:59:07'),
(982, 50, 1, 15, '236459-3', '2019-07-25', '0.00000', '0.00000', 0, 0, 0, '', '2019-07-25 17:05:38', '2019-07-25 17:05:38'),
(983, 39, 1, 15, '369', '2019-07-25', '0.00000', '20880.00000', 1, 0, 1, 'nota', '2019-07-25 17:59:18', '2019-07-25 18:01:46'),
(984, 39, 1, 15, '387', '2019-07-25', '0.00000', '28748.80000', 1, 0, 1, 'nota', '2019-07-25 18:05:00', '2019-07-25 18:11:32'),
(985, 51, 1, 15, '7770', '2019-07-25', '0.00000', '28500.00000', 1, 0, 1, 'nota', '2019-07-25 18:17:09', '2019-07-25 18:20:15'),
(986, 39, 1, 15, '14812', '2019-07-25', '0.00000', '9216.00000', 1, 0, 1, 'nota', '2019-07-25 19:06:38', '2019-07-25 19:09:53'),
(987, 51, 1, 15, '77896', '2019-07-25', '8550.00000', '17100.00000', 1, 0, 1, 'nota', '2019-07-25 19:11:23', '2019-07-31 21:57:39'),
(988, 48, 1, 15, '45823', '2019-07-25', '0.00000', '0.00000', 0, 0, 0, '', '2019-07-25 22:45:36', '2019-07-25 22:45:36'),
(989, 52, 1, 15, '2369', '2019-07-30', '72.00000', '72.00000', 1, 0, 1, 'nota', '2019-07-30 16:07:26', '2019-07-30 16:15:22'),
(990, 42, 1, 15, '26354', '2019-07-30', '0.00000', '2100.00000', 1, 0, 1, 'nota', '2019-07-30 21:41:47', '2019-07-30 21:52:09'),
(991, 52, 1, 15, '13927678', '2019-07-30', '0.00000', '23.40000', 1, 0, 1, 'nota', '2019-07-30 21:58:23', '2019-07-30 22:10:04'),
(992, 52, 1, 15, '456392', '2019-07-30', '0.00000', '237.50000', 1, 0, 1, 'nota', '2019-07-30 22:40:58', '2019-07-30 22:45:40'),
(993, 40, 1, 15, '1233', '2019-07-31', '239255.49000', '424455.00000', 1, 0, 1, 'nota', '2019-07-31 14:34:14', '2019-07-31 14:41:19'),
(994, 42, 1, 15, '5689', '2019-07-31', '0.00000', '0.00000', 0, 0, 0, '', '2019-07-31 14:42:24', '2019-07-31 14:42:24'),
(995, 52, 1, 15, '78963', '2019-07-31', '0.00000', '119.50000', 1, 0, 1, 'nota', '2019-07-31 14:52:10', '2019-07-31 15:42:02'),
(996, 39, 1, 15, '8031', '2019-07-31', '90968.05099', '342990.00000', 1, 0, 1, 'nota', '2019-07-31 15:52:16', '2019-07-31 16:03:58'),
(997, 49, 1, 15, '1236-9', '2019-07-31', '0.00000', '34500.00000', 1, 0, 1, 'nota', '2019-07-31 21:07:38', '2019-07-31 21:10:58'),
(998, 39, 1, 15, '1236', '2019-07-31', '841630.00000', '841630.00000', 1, 0, 1, 'nota', '2019-07-31 21:11:36', '2019-07-31 21:17:18'),
(999, 42, 1, 15, '236', '2019-07-31', '0.00000', '1973.00000', 1, 0, 1, 'nota', '2019-07-31 21:31:47', '2019-07-31 21:41:34'),
(1000, 53, 1, 15, '4596', '2019-07-31', '5400.00000', '5400.00000', 1, 0, 1, 'nota', '2019-07-31 21:42:42', '2019-07-31 21:50:36'),
(1001, 52, 1, 15, '2386', '2019-08-01', '0.00000', '0.00000', 0, 0, 0, '', '2019-08-01 14:12:19', '2019-08-01 14:12:19'),
(1002, 51, 1, 15, '7895', '2019-08-01', '0.00000', '0.00000', 0, 0, 0, '', '2019-08-01 14:25:25', '2019-08-01 14:25:25');

-- --------------------------------------------------------

--
-- Table structure for table `cotizaciones`
--

CREATE TABLE IF NOT EXISTS `cotizaciones` (
  `id` int(10) unsigned NOT NULL AUTO_INCREMENT,
  `cliente_id` int(10) unsigned NOT NULL,
  `tienda_id` int(10) unsigned NOT NULL DEFAULT '1',
  `user_id` int(10) unsigned NOT NULL,
  `saldo` decimal(8,2) NOT NULL DEFAULT '0.00',
  `total` decimal(8,2) NOT NULL DEFAULT '0.00',
  `completed` tinyint(1) NOT NULL DEFAULT '0',
  `created_at` timestamp NOT NULL DEFAULT '0000-00-00 00:00:00',
  `updated_at` timestamp NOT NULL DEFAULT '0000-00-00 00:00:00',
  PRIMARY KEY (`id`),
  KEY `cotizaciones_cliente_id_foreign` (`cliente_id`),
  KEY `cotizaciones_tienda_id_foreign` (`tienda_id`),
  KEY `cotizaciones_user_id_foreign` (`user_id`)
) ENGINE=InnoDB  DEFAULT CHARSET=utf8 COLLATE=utf8_spanish_ci AUTO_INCREMENT=56 ;

--
-- Dumping data for table `cotizaciones`
--

INSERT INTO `cotizaciones` (`id`, `cliente_id`, `tienda_id`, `user_id`, `saldo`, `total`, `completed`, `created_at`, `updated_at`) VALUES
(2, 17, 1, 15, '0.00', '940.00', 0, '2019-07-08 16:50:28', '2019-07-08 16:53:58'),
(5, 20, 1, 1, '0.00', '2305.50', 0, '2019-07-09 22:24:36', '2019-07-09 22:25:50'),
(6, 25, 1, 1, '0.00', '45305.50', 0, '2019-07-10 17:14:18', '2019-07-10 17:14:43'),
(12, 53, 1, 1, '0.00', '47593.50', 0, '2019-07-30 15:33:43', '2019-07-30 15:33:51'),
(13, 69, 1, 19, '0.00', '47626.00', 0, '2019-07-30 16:16:53', '2019-07-30 16:17:45'),
(14, 19, 1, 19, '0.00', '47667.80', 0, '2019-07-30 16:38:29', '2019-07-30 16:39:57'),
(17, 92, 1, 19, '0.00', '52271.70', 0, '2019-07-30 21:21:32', '2019-07-30 21:22:03'),
(18, 71, 1, 19, '0.00', '53183.70', 0, '2019-07-30 21:37:43', '2019-07-30 21:39:36'),
(20, 69, 1, 19, '0.00', '55578.70', 0, '2019-07-30 22:36:08', '2019-07-30 22:36:35'),
(21, 72, 1, 19, '0.00', '57086.20', 0, '2019-07-30 22:38:23', '2019-07-30 22:38:56'),
(22, 72, 1, 19, '0.00', '59166.70', 0, '2019-07-31 14:09:54', '2019-07-31 14:10:53'),
(23, 72, 1, 19, '0.00', '62216.70', 0, '2019-07-31 14:50:08', '2019-07-31 14:50:54'),
(25, 120, 1, 15, '0.00', '85661.70', 0, '2019-07-31 16:48:19', '2019-07-31 16:51:30'),
(26, 121, 1, 17, '0.00', '86231.70', 0, '2019-07-31 16:48:57', '2019-07-31 16:53:41'),
(28, 124, 1, 15, '0.00', '110216.70', 0, '2019-07-31 17:06:25', '2019-07-31 17:08:26'),
(29, 129, 1, 20, '0.00', '111851.70', 0, '2019-07-31 18:20:51', '2019-07-31 18:24:10'),
(30, 130, 1, 20, '0.00', '113142.50', 0, '2019-07-31 18:28:40', '2019-07-31 18:30:12'),
(31, 136, 1, 19, '0.00', '118582.50', 0, '2019-07-31 21:21:42', '2019-07-31 21:22:10'),
(32, 16, 1, 17, '0.00', '141590.00', 0, '2019-07-31 21:27:08', '2019-07-31 21:28:55'),
(33, 137, 1, 17, '0.00', '157290.00', 0, '2019-07-31 21:54:23', '2019-07-31 21:55:10'),
(34, 139, 1, 17, '0.00', '168840.00', 0, '2019-07-31 22:30:19', '2019-07-31 22:31:20'),
(35, 147, 1, 19, '0.00', '171400.00', 0, '2019-08-01 14:36:40', '2019-08-01 14:38:47'),
(36, 149, 1, 19, '0.00', '177980.00', 0, '2019-08-01 14:44:41', '2019-08-01 14:45:46'),
(37, 148, 1, 17, '0.00', '209755.00', 0, '2019-08-01 14:49:10', '2019-08-01 14:50:08'),
(40, 25, 1, 19, '0.00', '0.00', 0, '2019-08-01 15:00:34', '2019-08-01 15:00:34'),
(43, 152, 1, 17, '0.00', '218585.00', 0, '2019-08-01 15:06:20', '2019-08-01 15:06:39'),
(44, 25, 1, 17, '0.00', '220985.00', 0, '2019-08-01 15:07:09', '2019-08-01 15:08:38'),
(45, 25, 1, 17, '0.00', '224573.00', 0, '2019-08-01 15:09:50', '2019-08-01 15:10:40'),
(47, 161, 1, 19, '0.00', '226994.50', 0, '2019-08-01 16:58:22', '2019-08-01 16:59:02'),
(48, 163, 1, 19, '0.00', '239894.50', 0, '2019-08-01 17:17:48', '2019-08-01 17:19:18'),
(49, 72, 1, 19, '0.00', '241701.50', 0, '2019-08-01 18:24:30', '2019-08-01 18:25:07'),
(50, 171, 1, 19, '0.00', '244069.40', 0, '2019-08-01 21:14:35', '2019-08-01 21:15:36'),
(51, 117, 1, 17, '0.00', '263069.40', 0, '2019-08-01 22:26:23', '2019-08-01 22:26:48'),
(52, 76, 1, 19, '0.00', '265573.50', 0, '2019-08-01 23:03:39', '2019-08-01 23:04:47'),
(53, 75, 1, 19, '0.00', '277689.00', 0, '2019-08-01 23:07:01', '2019-08-01 23:09:00'),
(54, 71, 1, 19, '0.00', '0.00', 0, '2019-08-02 14:15:20', '2019-08-02 14:15:20'),
(55, 71, 1, 19, '0.00', '0.00', 0, '2019-08-02 14:15:52', '2019-08-02 14:15:52');

-- --------------------------------------------------------

--
-- Table structure for table `descargas`
--

CREATE TABLE IF NOT EXISTS `descargas` (
  `id` int(10) unsigned NOT NULL AUTO_INCREMENT,
  `user_id` int(10) unsigned NOT NULL,
  `tienda_id` int(10) unsigned NOT NULL,
  `status` tinyint(1) NOT NULL DEFAULT '0',
  `kardex` tinyint(1) NOT NULL DEFAULT '0',
  `descripcion` varchar(255) COLLATE utf8_spanish_ci DEFAULT NULL,
  `created_at` timestamp NOT NULL DEFAULT '0000-00-00 00:00:00',
  `updated_at` timestamp NOT NULL DEFAULT '0000-00-00 00:00:00',
  PRIMARY KEY (`id`),
  KEY `descargas_user_id_foreign` (`user_id`),
  KEY `descargas_tienda_id_foreign` (`tienda_id`)
) ENGINE=InnoDB  DEFAULT CHARSET=utf8 COLLATE=utf8_spanish_ci AUTO_INCREMENT=80 ;

--
-- Dumping data for table `descargas`
--

INSERT INTO `descargas` (`id`, `user_id`, `tienda_id`, `status`, `kardex`, `descripcion`, `created_at`, `updated_at`) VALUES
(61, 1, 1, 0, 0, NULL, '2019-07-05 21:29:05', '2019-07-05 21:29:05'),
(62, 1, 1, 0, 0, NULL, '2019-07-08 14:51:53', '2019-07-08 14:51:53'),
(63, 15, 1, 1, 1, 'se utilizo para bodega autorizado por el Ing.Eduardo', '2019-07-08 16:59:16', '2019-07-08 17:04:34'),
(64, 16, 1, 0, 0, 'se usó para reparación de bodega autorizado por Karen Marin', '2019-07-08 16:59:38', '2019-07-08 17:30:49'),
(65, 16, 1, 0, 0, NULL, '2019-07-08 17:11:07', '2019-07-08 17:11:07'),
(66, 16, 1, 0, 0, NULL, '2019-07-08 17:27:25', '2019-07-08 17:27:25'),
(67, 16, 1, 1, 1, 'Para quien realice la salida del producto fue autorizado por lius julian', '2019-07-08 17:31:08', '2019-07-08 17:32:50'),
(68, 15, 1, 0, 0, NULL, '2019-07-09 21:53:08', '2019-07-09 21:53:08'),
(69, 16, 1, 0, 0, NULL, '2019-07-09 23:23:07', '2019-07-09 23:23:07'),
(70, 1, 1, 1, 1, 'se descargo para uso de tienda ,', '2019-07-10 17:16:47', '2019-07-10 17:18:57'),
(71, 1, 1, 0, 0, NULL, '2019-07-10 17:22:28', '2019-07-10 17:22:28'),
(72, 17, 1, 0, 0, NULL, '2019-07-10 18:11:21', '2019-07-10 18:11:21'),
(73, 17, 1, 0, 0, NULL, '2019-07-10 18:11:21', '2019-07-10 18:11:21'),
(74, 15, 1, 0, 0, NULL, '2019-07-10 22:58:42', '2019-07-10 22:58:42'),
(75, 15, 1, 0, 0, NULL, '2019-07-30 16:16:32', '2019-07-30 16:31:05'),
(76, 1, 1, 0, 0, NULL, '2019-07-30 16:17:33', '2019-07-30 16:17:33'),
(77, 15, 1, 1, 1, 'PARA  LA OFICINA POR AUTORIZACIÓN DEL ING.', '2019-07-30 16:17:35', '2019-07-30 16:18:58'),
(78, 15, 1, 0, 0, NULL, '2019-07-30 22:36:19', '2019-07-30 22:36:19'),
(79, 15, 1, 1, 1, 'para uso de las oficinas', '2019-07-31 22:12:51', '2019-07-31 22:14:15');

-- --------------------------------------------------------

--
-- Table structure for table `detalle_abonos_compra`
--

CREATE TABLE IF NOT EXISTS `detalle_abonos_compra` (
  `id` int(10) unsigned NOT NULL AUTO_INCREMENT,
  `abonos_compra_id` int(10) unsigned NOT NULL,
  `compra_id` int(10) unsigned NOT NULL,
  `monto` decimal(11,5) NOT NULL,
  `created_at` timestamp NOT NULL DEFAULT '0000-00-00 00:00:00',
  `updated_at` timestamp NOT NULL DEFAULT '0000-00-00 00:00:00',
  PRIMARY KEY (`id`),
  KEY `detalle_abonos_compra_abonos_compra_id_foreign` (`abonos_compra_id`),
  KEY `detalle_abonos_compra_compra_id_foreign` (`compra_id`)
) ENGINE=InnoDB  DEFAULT CHARSET=utf8 COLLATE=utf8_spanish_ci AUTO_INCREMENT=23 ;

--
-- Dumping data for table `detalle_abonos_compra`
--

INSERT INTO `detalle_abonos_compra` (`id`, `abonos_compra_id`, `compra_id`, `monto`, `created_at`, `updated_at`) VALUES
(1, 1, 959, '24882.59200', '2019-07-08 22:22:03', '2019-07-08 22:22:03'),
(2, 2, 965, '1500.00000', '2019-07-09 21:25:58', '2019-07-09 21:25:58'),
(3, 3, 960, '20000.00000', '2019-07-09 21:28:31', '2019-07-09 21:28:31'),
(4, 4, 965, '1500.00000', '2019-07-09 21:30:12', '2019-07-09 21:30:12'),
(5, 5, 965, '1500.00000', '2019-07-09 21:35:11', '2019-07-09 21:35:11'),
(6, 6, 965, '1500.00000', '2019-07-09 21:36:05', '2019-07-09 21:36:05'),
(7, 7, 965, '500.00000', '2019-07-09 21:36:53', '2019-07-09 21:36:53'),
(8, 8, 965, '500.00000', '2019-07-09 21:37:41', '2019-07-09 21:37:41'),
(9, 9, 960, '20000.00000', '2019-07-09 21:39:10', '2019-07-09 21:39:10'),
(10, 10, 965, '4096.94800', '2019-07-30 17:42:54', '2019-07-30 17:42:54'),
(11, 11, 981, '500000.00000', '2019-07-30 21:37:37', '2019-07-30 21:37:37'),
(12, 12, 960, '7992.57440', '2019-07-31 21:22:24', '2019-07-31 21:22:24'),
(13, 12, 972, '2020.67659', '2019-07-31 21:22:24', '2019-07-31 21:22:24'),
(14, 12, 984, '28748.80000', '2019-07-31 21:22:24', '2019-07-31 21:22:24'),
(15, 12, 986, '9216.00000', '2019-07-31 21:22:24', '2019-07-31 21:22:24'),
(16, 12, 996, '252021.94901', '2019-07-31 21:22:24', '2019-07-31 21:22:24'),
(17, 13, 961, '7000.00000', '2019-07-31 21:23:37', '2019-07-31 21:23:37'),
(18, 13, 964, '1499.99000', '2019-07-31 21:23:37', '2019-07-31 21:23:37'),
(19, 13, 975, '6300.50000', '2019-07-31 21:23:37', '2019-07-31 21:23:37'),
(20, 13, 993, '185199.51000', '2019-07-31 21:23:37', '2019-07-31 21:23:37'),
(21, 14, 987, '8550.00000', '2019-07-31 21:57:08', '2019-07-31 21:57:08'),
(22, 15, 987, '8550.00000', '2019-07-31 21:57:56', '2019-07-31 21:57:56');

-- --------------------------------------------------------

--
-- Table structure for table `detalle_abonos_ventas`
--

CREATE TABLE IF NOT EXISTS `detalle_abonos_ventas` (
  `id` int(10) unsigned NOT NULL AUTO_INCREMENT,
  `abonos_ventas_id` int(10) unsigned NOT NULL,
  `venta_id` int(10) unsigned NOT NULL,
  `monto` decimal(8,2) NOT NULL,
  `created_at` timestamp NOT NULL DEFAULT '0000-00-00 00:00:00',
  `updated_at` timestamp NOT NULL DEFAULT '0000-00-00 00:00:00',
  PRIMARY KEY (`id`),
  KEY `detalle_abonos_ventas_venta_id_foreign` (`venta_id`),
  KEY `detalle_abonos_ventas_abonos_ventas_id_foreign` (`abonos_ventas_id`)
) ENGINE=InnoDB  DEFAULT CHARSET=utf8 COLLATE=utf8_spanish_ci AUTO_INCREMENT=102 ;

--
-- Dumping data for table `detalle_abonos_ventas`
--

INSERT INTO `detalle_abonos_ventas` (`id`, `abonos_ventas_id`, `venta_id`, `monto`, `created_at`, `updated_at`) VALUES
(1, 1, 207607, '400.00', '2019-07-09 22:46:40', '2019-07-09 22:46:40'),
(2, 1, 207617, '600.00', '2019-07-09 22:46:40', '2019-07-09 22:46:40'),
(3, 2, 207613, '200.00', '2019-07-09 22:48:20', '2019-07-09 22:48:20'),
(4, 3, 207642, '2250.00', '2019-07-10 16:49:38', '2019-07-10 16:49:38'),
(5, 4, 207650, '1150.00', '2019-07-10 20:11:56', '2019-07-10 20:11:56'),
(6, 4, 207654, '900.00', '2019-07-10 20:11:56', '2019-07-10 20:11:56'),
(7, 4, 207658, '450.00', '2019-07-10 20:11:56', '2019-07-10 20:11:56'),
(8, 5, 207658, '7900.00', '2019-07-10 20:13:24', '2019-07-10 20:13:24'),
(9, 5, 207660, '2100.00', '2019-07-10 20:13:24', '2019-07-10 20:13:24'),
(10, 6, 207660, '4800.00', '2019-07-10 20:15:46', '2019-07-10 20:15:46'),
(11, 7, 207661, '4000.00', '2019-07-10 20:29:14', '2019-07-10 20:29:14'),
(12, 8, 207661, '2500.00', '2019-07-10 20:30:17', '2019-07-10 20:30:17'),
(13, 9, 207617, '2850.00', '2019-07-10 23:38:23', '2019-07-10 23:38:23'),
(14, 9, 207656, '135.00', '2019-07-10 23:38:23', '2019-07-10 23:38:23'),
(15, 10, 207613, '625.00', '2019-07-10 23:41:22', '2019-07-10 23:41:22'),
(16, 10, 207623, '11.00', '2019-07-10 23:41:22', '2019-07-10 23:41:22'),
(17, 10, 207662, '1250.00', '2019-07-10 23:41:22', '2019-07-10 23:41:22'),
(18, 11, 207675, '2000.00', '2019-07-11 14:10:58', '2019-07-11 14:10:58'),
(19, 12, 207675, '100.00', '2019-07-11 14:18:35', '2019-07-11 14:18:35'),
(20, 13, 207671, '15.00', '2019-07-11 14:26:09', '2019-07-11 14:26:09'),
(21, 14, 207679, '250.00', '2019-07-11 14:46:05', '2019-07-11 14:46:05'),
(22, 15, 207679, '100.00', '2019-07-11 14:58:32', '2019-07-11 14:58:32'),
(23, 16, 207615, '3450.00', '2019-07-11 15:35:59', '2019-07-11 15:35:59'),
(24, 16, 207608, '1000.00', '2019-07-11 15:35:59', '2019-07-11 15:35:59'),
(25, 17, 207602, '5.00', '2019-07-11 15:41:50', '2019-07-11 15:41:50'),
(26, 17, 207616, '6900.00', '2019-07-11 15:41:50', '2019-07-11 15:41:50'),
(27, 17, 207644, '1100.00', '2019-07-11 15:41:50', '2019-07-11 15:41:50'),
(28, 18, 207680, '442.00', '2019-07-11 15:44:04', '2019-07-11 15:44:04'),
(29, 19, 207684, '2300.00', '2019-07-11 16:22:47', '2019-07-11 16:22:47'),
(30, 19, 207686, '22700.00', '2019-07-11 16:22:47', '2019-07-11 16:22:47'),
(31, 20, 207674, '2300.00', '2019-07-11 17:52:54', '2019-07-11 17:52:54'),
(32, 20, 207685, '5.50', '2019-07-11 17:52:54', '2019-07-11 17:52:54'),
(33, 21, 207692, '5000.00', '2019-07-11 18:04:45', '2019-07-11 18:04:45'),
(34, 22, 207682, '550.00', '2019-07-11 20:11:32', '2019-07-11 20:11:32'),
(35, 23, 207686, '22000.00', '2019-07-11 20:15:11', '2019-07-11 20:15:11'),
(36, 24, 207686, '100.00', '2019-07-11 20:26:06', '2019-07-11 20:26:06'),
(37, 25, 207686, '200.00', '2019-07-11 20:27:50', '2019-07-11 20:27:50'),
(38, 25, 207695, '300.00', '2019-07-11 20:27:50', '2019-07-11 20:27:50'),
(39, 26, 207699, '200.00', '2019-07-12 14:57:55', '2019-07-12 14:57:55'),
(40, 27, 207692, '5500.00', '2019-07-12 14:59:14', '2019-07-12 14:59:14'),
(41, 28, 207715, '247.50', '2019-07-15 17:18:48', '2019-07-15 17:18:48'),
(42, 28, 207722, '52.50', '2019-07-15 17:18:48', '2019-07-15 17:18:48'),
(43, 29, 207722, '387.00', '2019-07-23 17:43:35', '2019-07-23 17:43:35'),
(44, 30, 207714, '125.00', '2019-07-23 17:49:03', '2019-07-23 17:49:03'),
(45, 30, 207724, '100.00', '2019-07-23 17:49:03', '2019-07-23 17:49:03'),
(46, 31, 207698, '375.00', '2019-07-23 17:53:15', '2019-07-23 17:53:15'),
(47, 32, 207746, '625.00', '2019-07-24 18:10:49', '2019-07-24 18:10:49'),
(48, 32, 207751, '1150.00', '2019-07-24 18:10:49', '2019-07-24 18:10:49'),
(49, 32, 207752, '567.10', '2019-07-24 18:10:49', '2019-07-24 18:10:49'),
(50, 33, 207746, '625.00', '2019-07-24 18:12:21', '2019-07-24 18:12:21'),
(51, 33, 207751, '1150.00', '2019-07-24 18:12:21', '2019-07-24 18:12:21'),
(52, 33, 207752, '567.10', '2019-07-24 18:12:21', '2019-07-24 18:12:21'),
(53, 34, 207698, '75.00', '2019-07-26 22:26:53', '2019-07-26 22:26:53'),
(54, 35, 207726, '5876.00', '2019-07-26 22:28:44', '2019-07-26 22:28:44'),
(55, 36, 207729, '6080.50', '2019-07-26 22:30:45', '2019-07-26 22:30:45'),
(56, 37, 207802, '30400.00', '2019-07-26 22:33:52', '2019-07-26 22:33:52'),
(57, 38, 207754, '230.00', '2019-07-26 22:34:52', '2019-07-26 22:34:52'),
(58, 38, 207756, '47.00', '2019-07-26 22:34:52', '2019-07-26 22:34:52'),
(59, 38, 207811, '2600.00', '2019-07-26 22:34:52', '2019-07-26 22:34:52'),
(60, 39, 207724, '200.00', '2019-07-26 22:35:46', '2019-07-26 22:35:46'),
(61, 40, 207738, '200.00', '2019-07-26 22:36:12', '2019-07-26 22:36:12'),
(62, 40, 207760, '192.00', '2019-07-26 22:36:12', '2019-07-26 22:36:12'),
(63, 41, 207763, '2000.00', '2019-07-26 22:37:26', '2019-07-26 22:37:26'),
(64, 42, 207739, '1325.00', '2019-07-26 22:44:32', '2019-07-26 22:44:32'),
(65, 43, 207808, '1475.50', '2019-07-26 22:48:29', '2019-07-26 22:48:29'),
(66, 44, 207809, '200.00', '2019-07-26 22:49:14', '2019-07-26 22:49:14'),
(67, 45, 207790, '1000.00', '2019-07-26 22:51:56', '2019-07-26 22:51:56'),
(68, 46, 207835, '8000.00', '2019-07-30 21:10:09', '2019-07-30 21:10:09'),
(69, 47, 207784, '325.00', '2019-07-30 21:13:21', '2019-07-30 21:13:21'),
(70, 48, 207784, '325.00', '2019-07-30 21:13:42', '2019-07-30 21:13:42'),
(71, 49, 207839, '40000.00', '2019-07-30 21:14:52', '2019-07-30 21:14:52'),
(72, 50, 207786, '100.00', '2019-07-30 23:35:58', '2019-07-30 23:35:58'),
(73, 51, 207786, '100.00', '2019-07-30 23:38:02', '2019-07-30 23:38:02'),
(74, 52, 207818, '5200.00', '2019-07-31 14:56:19', '2019-07-31 14:56:19'),
(75, 52, 207819, '3800.00', '2019-07-31 14:56:19', '2019-07-31 14:56:19'),
(76, 52, 207820, '960.00', '2019-07-31 14:56:19', '2019-07-31 14:56:19'),
(77, 52, 207849, '3434.10', '2019-07-31 14:56:19', '2019-07-31 14:56:19'),
(78, 52, 207851, '16530.00', '2019-07-31 14:56:19', '2019-07-31 14:56:19'),
(79, 52, 207853, '5000.00', '2019-07-31 14:56:19', '2019-07-31 14:56:19'),
(80, 53, 207785, '140.00', '2019-07-31 14:58:38', '2019-07-31 14:58:38'),
(81, 54, 207786, '193.80', '2019-07-31 14:59:26', '2019-07-31 14:59:26'),
(82, 55, 207824, '3800.00', '2019-07-31 15:00:36', '2019-07-31 15:00:36'),
(83, 56, 207828, '8436.00', '2019-07-31 15:01:12', '2019-07-31 15:01:12'),
(84, 57, 207835, '7795.00', '2019-07-31 15:02:01', '2019-07-31 15:02:01'),
(85, 58, 207837, '1205.00', '2019-07-31 15:02:45', '2019-07-31 15:02:45'),
(86, 59, 207839, '55500.00', '2019-07-31 15:03:24', '2019-07-31 15:03:24'),
(87, 60, 207905, '214.00', '2019-07-31 15:04:23', '2019-07-31 15:04:23'),
(88, 61, 207967, '300.00', '2019-07-31 21:20:28', '2019-07-31 21:20:28'),
(89, 62, 207930, '3000.00', '2019-07-31 21:48:52', '2019-07-31 21:48:52'),
(90, 63, 207888, '500.00', '2019-07-31 22:04:47', '2019-07-31 22:04:47'),
(91, 64, 207967, '300.00', '2019-07-31 22:46:34', '2019-07-31 22:46:34'),
(92, 65, 207930, '1000.00', '2019-08-01 15:59:20', '2019-08-01 15:59:20'),
(93, 66, 207930, '500.00', '2019-08-01 16:23:39', '2019-08-01 16:23:39'),
(94, 67, 207930, '500.00', '2019-08-01 18:27:31', '2019-08-01 18:27:31'),
(95, 68, 207933, '827.50', '2019-08-01 18:28:45', '2019-08-01 18:28:45'),
(96, 69, 207889, '204.00', '2019-08-01 18:29:38', '2019-08-01 18:29:38'),
(97, 70, 207932, '554.10', '2019-08-01 18:30:03', '2019-08-01 18:30:03'),
(98, 71, 207947, '760.00', '2019-08-01 18:30:27', '2019-08-01 18:30:27'),
(99, 72, 208053, '2265.00', '2019-08-01 21:08:08', '2019-08-01 21:08:08'),
(100, 73, 208046, '715.50', '2019-08-01 22:55:26', '2019-08-01 22:55:26'),
(101, 74, 208072, '751.00', '2019-08-01 23:10:09', '2019-08-01 23:10:09');

-- --------------------------------------------------------

--
-- Table structure for table `detalle_compras`
--

CREATE TABLE IF NOT EXISTS `detalle_compras` (
  `id` int(10) unsigned NOT NULL AUTO_INCREMENT,
  `compra_id` int(10) unsigned NOT NULL,
  `producto_id` int(10) unsigned NOT NULL,
  `cantidad` int(11) NOT NULL,
  `precio` decimal(11,5) NOT NULL,
  `serials` text COLLATE utf8_spanish_ci NOT NULL,
  `created_at` timestamp NOT NULL DEFAULT '0000-00-00 00:00:00',
  `updated_at` timestamp NOT NULL DEFAULT '0000-00-00 00:00:00',
  PRIMARY KEY (`id`),
  KEY `detalle_compras_compra_id_foreign` (`compra_id`),
  KEY `detalle_compras_producto_id_foreign` (`producto_id`)
) ENGINE=InnoDB  DEFAULT CHARSET=utf8 COLLATE=utf8_spanish_ci AUTO_INCREMENT=5891 ;

--
-- Dumping data for table `detalle_compras`
--

INSERT INTO `detalle_compras` (`id`, `compra_id`, `producto_id`, `cantidad`, `precio`, `serials`, `created_at`, `updated_at`) VALUES
(5799, 960, 54719, 780, '21.07840', '', '2019-07-08 16:08:07', '2019-07-08 16:08:07'),
(5800, 959, 54719, 780, '21.07840', '', '2019-07-08 16:08:11', '2019-07-08 16:08:11'),
(5801, 960, 54720, 450, '8.19840', '', '2019-07-08 16:10:23', '2019-07-08 16:10:23'),
(5802, 959, 54721, 150, '37.40800', '', '2019-07-08 16:11:04', '2019-07-08 16:11:04'),
(5803, 960, 54722, 50, '3.62880', '', '2019-07-08 16:15:34', '2019-07-08 16:15:34'),
(5804, 959, 54723, 500, '3.48320', '', '2019-07-08 16:15:36', '2019-07-08 16:15:36'),
(5805, 960, 54724, 55, '118.35040', '', '2019-07-08 16:20:07', '2019-07-08 16:20:07'),
(5806, 959, 54725, 150, '3.62880', '', '2019-07-08 16:20:39', '2019-07-08 16:20:39'),
(5807, 960, 54726, 8, '146.42880', '', '2019-07-08 16:21:20', '2019-07-08 16:21:20'),
(5808, 959, 54727, 150, '3.62880', '', '2019-07-08 16:22:45', '2019-07-08 16:22:45'),
(5809, 961, 54728, 1, '3500.00000', '', '2019-07-08 17:19:42', '2019-07-08 17:19:42'),
(5810, 961, 54729, 1, '3500.00000', '', '2019-07-08 17:22:15', '2019-07-08 17:22:15'),
(5811, 962, 54730, 60, '53.70002', '', '2019-07-08 17:25:46', '2019-07-08 17:25:46'),
(5812, 964, 54731, 1, '899.99000', '', '2019-07-08 22:39:00', '2019-07-08 22:39:00'),
(5813, 964, 54732, 1, '600.00000', '', '2019-07-08 22:41:04', '2019-07-08 22:41:04'),
(5814, 966, 54733, 50, '24.74000', '', '2019-07-09 16:31:51', '2019-07-09 16:31:51'),
(5815, 965, 54734, 100, '4.42000', '', '2019-07-09 16:32:18', '2019-07-09 16:32:18'),
(5816, 966, 54735, 20, '47.37000', '', '2019-07-09 16:33:00', '2019-07-09 16:33:00'),
(5817, 966, 54736, 20, '77.61000', '', '2019-07-09 16:34:13', '2019-07-09 16:34:13'),
(5818, 965, 54737, 150, '3.63000', '', '2019-07-09 16:34:32', '2019-07-09 16:34:32'),
(5819, 965, 54738, 100, '3.14000', '', '2019-07-09 16:35:44', '2019-07-09 16:35:44'),
(5820, 966, 54739, 5, '170.55000', '', '2019-07-09 16:35:54', '2019-07-09 16:35:54'),
(5821, 966, 54740, 17, '244.64000', '', '2019-07-09 16:37:24', '2019-07-09 16:37:24'),
(5822, 965, 54741, 400, '3.63000', '', '2019-07-09 16:37:25', '2019-07-09 16:37:25'),
(5824, 966, 54743, 5, '499.40000', '', '2019-07-09 16:39:32', '2019-07-09 16:39:32'),
(5825, 967, 54719, 50, '16.30000', '', '2019-07-09 16:45:32', '2019-07-09 16:45:32'),
(5826, 965, 54727, 785, '3.62880', '', '2019-07-09 16:47:43', '2019-07-09 16:47:43'),
(5827, 968, 54719, 50, '16.30000', '', '2019-07-09 16:48:44', '2019-07-09 16:48:44'),
(5828, 965, 54722, 150, '3.62880', '', '2019-07-09 16:48:47', '2019-07-09 16:50:31'),
(5829, 965, 54725, 400, '3.62880', '', '2019-07-09 16:50:19', '2019-07-09 16:50:19'),
(5830, 968, 54744, 3, '254.20000', '', '2019-07-09 16:57:48', '2019-07-09 16:57:48'),
(5831, 968, 54724, 130, '111.28000', '', '2019-07-09 16:58:55', '2019-07-09 16:58:55'),
(5832, 968, 54745, 60, '5.46000', '', '2019-07-09 17:04:02', '2019-07-09 17:04:02'),
(5833, 968, 54746, 16, '406.10000', '', '2019-07-09 17:08:39', '2019-07-09 17:08:39'),
(5834, 968, 54747, 11, '914.76000', '', '2019-07-09 17:13:29', '2019-07-09 17:13:29'),
(5835, 968, 54748, 63, '337.96000', '', '2019-07-09 17:17:22', '2019-07-09 17:17:22'),
(5836, 971, 54748, 200, '337.96000', '', '2019-07-10 16:19:26', '2019-07-10 16:19:26'),
(5837, 972, 54719, 1, '20.67659', '', '2019-07-10 17:03:39', '2019-07-10 17:03:39'),
(5838, 972, 54749, 100, '20.00000', '54646546,64545645,465454654,46546546', '2019-07-10 17:06:27', '2019-07-10 17:09:35'),
(5839, 973, 54719, 1000, '21.07000', '', '2019-07-10 17:19:50', '2019-07-10 17:19:50'),
(5840, 975, 54748, 25, '337.00000', '', '2019-07-10 21:21:40', '2019-07-10 21:21:40'),
(5841, 975, 54750, 60, '53.70000', '', '2019-07-10 21:25:44', '2019-07-10 21:25:44'),
(5842, 975, 54751, 50, '12.50000', '', '2019-07-10 21:27:22', '2019-07-10 21:27:22'),
(5843, 975, 54752, 50, '0.57000', '', '2019-07-10 21:29:15', '2019-07-10 21:29:15'),
(5844, 978, 54753, 10000, '19.50000', '', '2019-07-25 15:27:40', '2019-07-25 15:27:40'),
(5845, 981, 54754, 10000, '68.00000', '', '2019-07-25 16:58:51', '2019-07-25 16:58:51'),
(5846, 983, 54719, 1000, '20.88000', '', '2019-07-25 18:00:16', '2019-07-25 18:00:16'),
(5847, 984, 54755, 128, '122.84000', '', '2019-07-25 18:08:25', '2019-07-25 18:08:25'),
(5848, 984, 54756, 88, '92.16000', '', '2019-07-25 18:09:51', '2019-07-25 18:09:51'),
(5849, 984, 54757, 80, '61.44000', '', '2019-07-25 18:11:18', '2019-07-25 18:11:18'),
(5850, 985, 54758, 500, '57.00000', '', '2019-07-25 18:20:01', '2019-07-25 18:20:01'),
(5851, 986, 54756, 100, '92.16000', '', '2019-07-25 19:09:39', '2019-07-25 19:09:39'),
(5852, 987, 54758, 300, '57.00000', '', '2019-07-25 19:13:48', '2019-07-25 19:13:48'),
(5853, 988, 54759, 100, '165.00000', '', '2019-07-25 22:56:29', '2019-07-25 22:56:29'),
(5854, 988, 54760, 40, '165.00000', '', '2019-07-25 23:01:20', '2019-07-25 23:01:20'),
(5855, 989, 54761, 100, '0.29000', '', '2019-07-30 16:11:23', '2019-07-30 16:11:23'),
(5856, 989, 54762, 100, '0.43000', '', '2019-07-30 16:14:20', '2019-07-30 16:14:20'),
(5857, 990, 54738, 600, '3.50000', '', '2019-07-30 21:43:31', '2019-07-30 21:43:31'),
(5858, 991, 54764, 12, '1.24000', '', '2019-07-30 22:07:08', '2019-07-30 22:07:08'),
(5859, 991, 54765, 12, '0.71000', '', '2019-07-30 22:09:49', '2019-07-30 22:09:49'),
(5860, 992, 54766, 100, '0.95000', '', '2019-07-30 22:42:23', '2019-07-30 22:42:23'),
(5861, 992, 54767, 150, '0.95000', '', '2019-07-30 22:45:32', '2019-07-30 22:45:32'),
(5862, 993, 54730, 150, '53.70000', '', '2019-07-31 14:35:04', '2019-07-31 14:35:04'),
(5863, 993, 54729, 100, '3500.00000', '', '2019-07-31 14:35:49', '2019-07-31 14:35:49'),
(5864, 993, 54739, 60, '170.55000', '', '2019-07-31 14:36:33', '2019-07-31 14:36:33'),
(5865, 993, 54735, 200, '47.57000', '', '2019-07-31 14:37:16', '2019-07-31 14:37:16'),
(5866, 993, 54736, 300, '77.61000', '', '2019-07-31 14:38:03', '2019-07-31 14:38:03'),
(5867, 993, 54732, 30, '600.00000', '', '2019-07-31 14:39:58', '2019-07-31 14:39:58'),
(5868, 993, 54750, 100, '53.70000', '', '2019-07-31 14:40:43', '2019-07-31 14:40:43'),
(5869, 994, 54737, 500, '3.63000', '', '2019-07-31 14:43:01', '2019-07-31 14:43:01'),
(5870, 994, 54741, 300, '3.63000', '', '2019-07-31 14:44:59', '2019-07-31 14:44:59'),
(5871, 994, 54734, 200, '4.42000', '', '2019-07-31 14:45:33', '2019-07-31 14:45:33'),
(5872, 995, 54762, 100, '0.43000', '', '2019-07-31 15:40:16', '2019-07-31 15:40:16'),
(5873, 995, 54761, 50, '0.29000', '', '2019-07-31 15:41:04', '2019-07-31 15:41:04'),
(5874, 995, 54764, 50, '1.24000', '', '2019-07-31 15:41:51', '2019-07-31 15:41:51'),
(5875, 996, 54768, 2640, '100.00000', '', '2019-07-31 15:54:32', '2019-07-31 15:54:32'),
(5876, 996, 54769, 1140, '66.00000', '', '2019-07-31 15:57:20', '2019-07-31 15:57:20'),
(5877, 996, 54770, 500, '3.50000', '', '2019-07-31 16:00:50', '2019-07-31 16:00:50'),
(5878, 996, 54771, 10, '200.00000', '', '2019-07-31 16:03:46', '2019-07-31 16:03:46'),
(5879, 997, 54754, 500, '69.00000', '', '2019-07-31 21:10:38', '2019-07-31 21:10:38'),
(5880, 998, 54721, 3000, '37.40000', '', '2019-07-31 21:12:32', '2019-07-31 21:12:32'),
(5881, 998, 54757, 3000, '61.44000', '', '2019-07-31 21:13:43', '2019-07-31 21:13:43'),
(5882, 998, 54719, 4000, '20.88000', '', '2019-07-31 21:14:17', '2019-07-31 21:14:17'),
(5883, 998, 54720, 5000, '8.19000', '', '2019-07-31 21:15:00', '2019-07-31 21:15:00'),
(5884, 998, 54749, 2600, '20.00000', '', '2019-07-31 21:16:18', '2019-07-31 21:16:18'),
(5885, 998, 54756, 4000, '92.16000', '', '2019-07-31 21:17:00', '2019-07-31 21:17:00'),
(5886, 999, 54734, 200, '4.42000', '', '2019-07-31 21:36:42', '2019-07-31 21:36:42'),
(5887, 999, 54737, 300, '3.63000', '', '2019-07-31 21:37:49', '2019-07-31 21:37:49'),
(5888, 1000, 54772, 50, '63.00000', '', '2019-07-31 21:45:16', '2019-07-31 21:45:16'),
(5889, 1000, 54773, 10, '225.00000', '', '2019-07-31 21:48:30', '2019-07-31 21:48:30'),
(5890, 1002, 54758, 500, '57.00000', '', '2019-08-01 14:27:15', '2019-08-01 14:27:15');

-- --------------------------------------------------------

--
-- Table structure for table `detalle_cotizaciones`
--

CREATE TABLE IF NOT EXISTS `detalle_cotizaciones` (
  `id` int(10) unsigned NOT NULL AUTO_INCREMENT,
  `cotizacion_id` int(10) unsigned NOT NULL,
  `producto_id` int(11) NOT NULL DEFAULT '0',
  `descripcion` text COLLATE utf8_spanish_ci NOT NULL,
  `cantidad` int(10) unsigned NOT NULL,
  `precio` decimal(8,2) NOT NULL,
  `created_at` timestamp NOT NULL DEFAULT '0000-00-00 00:00:00',
  `updated_at` timestamp NOT NULL DEFAULT '0000-00-00 00:00:00',
  PRIMARY KEY (`id`),
  KEY `detalle_cotizaciones_cotizacion_id_foreign` (`cotizacion_id`)
) ENGINE=InnoDB  DEFAULT CHARSET=utf8 COLLATE=utf8_spanish_ci AUTO_INCREMENT=105 ;

--
-- Dumping data for table `detalle_cotizaciones`
--

INSERT INTO `detalle_cotizaciones` (`id`, `cotizacion_id`, `producto_id`, `descripcion`, `cantidad`, `precio`, `created_at`, `updated_at`) VALUES
(1, 1, 54720, 'Varilla Lisa 1/4"x6M [Aceros de Guatemala]', 20, '10.00', '2019-07-08 16:51:13', '2019-07-08 16:51:13'),
(2, 2, 54719, 'Varilla Corrugada 3/8"x6M G-40 [Aceros de Guatemala]', 25, '23.00', '2019-07-08 16:51:45', '2019-07-08 16:51:45'),
(3, 1, 54727, 'Clavo de 3"x10 en Bolsa [Aceros de Guatemala]', 10, '5.50', '2019-07-08 16:53:46', '2019-07-08 16:53:46'),
(4, 2, 54727, 'Clavo de 3"x10 en Bolsa [Aceros de Guatemala]', 20, '5.50', '2019-07-08 16:53:58', '2019-07-08 16:53:58'),
(5, 3, 54727, 'Clavo de 3"x10 en Bolsa [Aceros de Guatemala]', 1, '5.50', '2019-07-08 21:53:20', '2019-07-08 21:53:20'),
(6, 4, 54720, 'Varilla Lisa 1/4"x6M [Aceros de Guatemala]', 1, '10.00', '2019-07-09 17:47:36', '2019-07-09 17:47:36'),
(7, 5, 54748, 'Tubo estructural cuadrado 4" [Multiperfiles]', 3, '450.00', '2019-07-09 22:25:50', '2019-07-09 22:25:50'),
(8, 6, 54723, 'Alambre de Amarre Calibre 16 [Aceros de Guatemala]', 400, '7.50', '2019-07-10 17:14:27', '2019-07-10 17:14:27'),
(9, 6, 54729, 'SILLETA TE 6"X4" 125PSI C/C (20) [AMANCO]', 10, '4000.00', '2019-07-10 17:14:43', '2019-07-10 17:14:43'),
(10, 7, 54730, 'Tubo pvc sdr26 50 mm- 2" x 6 m bl cam/cem [AMANCO]', 35, '60.00', '2019-07-11 13:59:23', '2019-07-11 13:59:23'),
(11, 8, 54723, 'Alambre de Amarre Calibre 16 [Aceros de Guatemala]', 7, '7.50', '2019-07-24 20:53:51', '2019-07-24 20:53:51'),
(12, 9, 54723, 'Alambre de Amarre Calibre 16 [Aceros de Guatemala]', 3, '7.50', '2019-07-24 20:59:58', '2019-07-24 20:59:58'),
(13, 10, 54722, 'Clavo 2"x13 en bolsa [Aceros de Guatemala]', 3, '5.00', '2019-07-24 21:01:15', '2019-07-24 21:01:15'),
(14, 11, 54723, 'Alambre de Amarre Calibre 16 [Aceros de Guatemala]', 4, '7.50', '2019-07-24 22:32:20', '2019-07-24 22:32:20'),
(15, 12, 54758, 'Cemento Tolteca 4060 PSI [CEMEX]', 1, '68.00', '2019-07-30 15:33:51', '2019-07-30 15:33:51'),
(16, 13, 54762, 'ABRAZADERA MEDIA LUNA INDUMA 3/4" [PACIFICO]', 15, '0.60', '2019-07-30 16:17:25', '2019-07-30 16:17:25'),
(17, 13, 54738, 'Clavo 2" x14 [Distun]', 5, '4.70', '2019-07-30 16:17:45', '2019-07-30 16:17:45'),
(18, 14, 54762, 'ABRAZADERA MEDIA LUNA INDUMA 3/4" [PACIFICO]', 3, '0.60', '2019-07-30 16:38:45', '2019-07-30 16:38:45'),
(19, 14, 54761, 'ABRAZADERA MEDIA LUNA ZINCADA 1/2" [PACIFICO]', 80, '0.50', '2019-07-30 16:38:59', '2019-07-30 16:38:59'),
(20, 15, 54752, 'UNIÓN DE 1/2" [AMANCO]', 3, '1.50', '2019-07-30 18:39:43', '2019-07-30 18:39:43'),
(21, 15, 54754, 'CEMENTO UGC PROGRESO [CEMENTOS PROGRESO]', 15, '76.00', '2019-07-30 18:39:56', '2019-07-30 18:39:56'),
(22, 15, 54753, 'Hierro 1" corrugado G40 legítimo [Multiperfiles]', 25, '19.50', '2019-07-30 18:40:13', '2019-07-30 18:40:13'),
(23, 16, 54754, 'CEMENTO UGC PROGRESO [CEMENTOS PROGRESO]', 25, '76.00', '2019-07-30 18:42:03', '2019-07-30 18:42:03'),
(24, 16, 54753, 'Hierro 1" corrugado G40 legítimo [Multiperfiles]', 35, '19.50', '2019-07-30 18:42:20', '2019-07-30 18:42:20'),
(25, 17, 54754, 'CEMENTO UGC PROGRESO [CEMENTOS PROGRESO]', 5, '76.00', '2019-07-30 21:21:48', '2019-07-30 21:21:48'),
(26, 17, 54737, 'Clavo 2" x13 [Distun]', 2, '4.70', '2019-07-30 21:22:03', '2019-07-30 21:22:03'),
(27, 18, 54754, 'CEMENTO UGC PROGRESO [CEMENTOS PROGRESO]', 12, '76.00', '2019-07-30 21:39:36', '2019-07-30 21:39:36'),
(28, 19, 54754, 'CEMENTO UGC PROGRESO [CEMENTOS PROGRESO]', 15, '76.00', '2019-07-30 22:30:31', '2019-07-30 22:30:31'),
(29, 20, 54754, 'CEMENTO UGC PROGRESO [CEMENTOS PROGRESO]', 15, '76.00', '2019-07-30 22:36:21', '2019-07-30 22:36:21'),
(30, 20, 54719, 'Varilla Corrugada 3/8"x6M G-40 [Aceros de Guatemala]', 5, '23.00', '2019-07-30 22:36:35', '2019-07-30 22:36:35'),
(31, 21, 54753, 'Hierro 1" corrugado G40 legítimo [Multiperfiles]', 25, '19.50', '2019-07-30 22:38:39', '2019-07-30 22:38:39'),
(32, 21, 54758, 'Cemento Tolteca 4060 PSI [CEMEX]', 15, '68.00', '2019-07-30 22:38:56', '2019-07-30 22:38:56'),
(33, 22, 54754, 'CEMENTO UGC PROGRESO [CEMENTOS PROGRESO]', 15, '76.00', '2019-07-31 14:10:07', '2019-07-31 14:10:07'),
(34, 22, 54753, 'Hierro 1" corrugado G40 legítimo [Multiperfiles]', 39, '19.50', '2019-07-31 14:10:33', '2019-07-31 14:10:33'),
(35, 22, 54730, 'Tubo pvc sdr26 50 mm- 2" x 6 m bl cam/cem [AMANCO]', 3, '60.00', '2019-07-31 14:10:53', '2019-07-31 14:10:53'),
(36, 23, 54746, 'Hierro angular 1/4" x 4 x 8 [Multiperfiles]', 5, '500.00', '2019-07-31 14:50:36', '2019-07-31 14:50:36'),
(37, 23, 54720, 'Varilla Lisa 1/4"x6M [Aceros de Guatemala]', 55, '10.00', '2019-07-31 14:50:54', '2019-07-31 14:50:54'),
(38, 24, 54753, 'Hierro 1" corrugado G40 legítimo [Multiperfiles]', 10, '19.50', '2019-07-31 15:23:57', '2019-07-31 15:23:57'),
(39, 25, 54754, 'CEMENTO UGC PROGRESO [CEMENTOS PROGRESO]', 50, '76.00', '2019-07-31 16:49:41', '2019-07-31 16:49:41'),
(40, 26, 54754, 'CEMENTO UGC PROGRESO [CEMENTOS PROGRESO]', 100, '76.00', '2019-07-31 16:51:08', '2019-07-31 16:51:08'),
(41, 25, 54768, 'VARILLA LISA 1/4 X 6" LEGÍTIMO [AG]', 75, '120.00', '2019-07-31 16:51:19', '2019-07-31 16:51:19'),
(42, 25, 54736, 'Tubo PVC 4"x6 Naranja [AMANCO]', 30, '95.00', '2019-07-31 16:51:30', '2019-07-31 16:51:30'),
(43, 26, 54736, 'Tubo PVC 4"x6 Naranja [AMANCO]', 6, '95.00', '2019-07-31 16:53:41', '2019-07-31 16:53:41'),
(44, 27, 54754, 'CEMENTO UGC PROGRESO [CEMENTOS PROGRESO]', 80, '76.00', '2019-07-31 17:00:36', '2019-07-31 17:00:36'),
(45, 27, 54771, 'ALAMBRE ESPIGADO AG 400 [AG]', 2, '250.00', '2019-07-31 17:00:59', '2019-07-31 17:00:59'),
(46, 27, 54721, 'Varilla Corrugada de 1/2"x6M G-40 [Aceros de Guatemala]', 75, '41.00', '2019-07-31 17:01:35', '2019-07-31 17:01:35'),
(47, 28, 54756, 'VARILLA CORRUGADA 5/8" x 9 mts G60 [Aceros de Guatemala]', 75, '110.00', '2019-07-31 17:08:08', '2019-07-31 17:08:08'),
(48, 28, 54754, 'CEMENTO UGC PROGRESO [CEMENTOS PROGRESO]', 80, '76.00', '2019-07-31 17:08:26', '2019-07-31 17:08:26'),
(49, 29, 54721, 'Varilla Corrugada de 1/2"x6M G-40 [Aceros de Guatemala]', 15, '41.00', '2019-07-31 18:23:37', '2019-07-31 18:23:37'),
(50, 29, 54758, 'Cemento Tolteca 4060 PSI [CEMEX]', 15, '68.00', '2019-07-31 18:24:10', '2019-07-31 18:24:10'),
(51, 30, 54735, 'Tubo PVC 3"x6 Naranja [AMANCO]', 6, '60.00', '2019-07-31 18:29:09', '2019-07-31 18:29:09'),
(52, 30, 54754, 'CEMENTO UGC PROGRESO [CEMENTOS PROGRESO]', 12, '76.00', '2019-07-31 18:29:29', '2019-07-31 18:29:29'),
(53, 30, 54738, 'Clavo 2" x14 [Distun]', 4, '4.70', '2019-07-31 18:30:12', '2019-07-31 18:30:12'),
(54, 31, 54758, 'Cemento Tolteca 4060 PSI [CEMEX]', 80, '68.00', '2019-07-31 21:22:10', '2019-07-31 21:22:10'),
(55, 32, 54756, 'VARILLA CORRUGADA 5/8" x 9 mts G60 [Aceros de Guatemala]', 100, '110.00', '2019-07-31 21:27:41', '2019-07-31 21:27:41'),
(56, 32, 54754, 'CEMENTO UGC PROGRESO [CEMENTOS PROGRESO]', 150, '76.00', '2019-07-31 21:28:01', '2019-07-31 21:28:01'),
(57, 32, 54723, 'Alambre de Amarre Calibre 16 [Aceros de Guatemala]', 1, '7.50', '2019-07-31 21:28:28', '2019-07-31 21:28:28'),
(58, 32, 54730, 'Tubo pvc sdr26 50 mm- 2" x 6 m bl cam/cem [AMANCO]', 10, '60.00', '2019-07-31 21:28:55', '2019-07-31 21:28:55'),
(59, 33, 54754, 'CEMENTO UGC PROGRESO [CEMENTOS PROGRESO]', 200, '76.00', '2019-07-31 21:54:49', '2019-07-31 21:54:49'),
(60, 33, 54773, 'Alambre de amarre [AG]', 2, '250.00', '2019-07-31 21:55:10', '2019-07-31 21:55:10'),
(61, 34, 54736, 'Tubo PVC 4"x6 Naranja [AMANCO]', 50, '95.00', '2019-07-31 22:30:46', '2019-07-31 22:30:46'),
(62, 34, 54758, 'Cemento Tolteca 4060 PSI [CEMEX]', 100, '68.00', '2019-07-31 22:31:20', '2019-07-31 22:31:20'),
(63, 35, 54754, 'CEMENTO UGC PROGRESO [CEMENTOS PROGRESO]', 10, '76.00', '2019-08-01 14:37:58', '2019-08-01 14:37:58'),
(64, 35, 54768, 'VARILLA LISA 1/4 X 6" LEGÍTIMO [AG]', 15, '120.00', '2019-08-01 14:38:47', '2019-08-01 14:38:47'),
(65, 36, 54754, 'CEMENTO UGC PROGRESO [CEMENTOS PROGRESO]', 80, '76.00', '2019-08-01 14:45:03', '2019-08-01 14:45:03'),
(66, 36, 54773, 'Alambre de amarre [AG]', 2, '250.00', '2019-08-01 14:45:46', '2019-08-01 14:45:46'),
(67, 37, 54754, 'CEMENTO UGC PROGRESO [CEMENTOS PROGRESO]', 400, '76.00', '2019-08-01 14:49:50', '2019-08-01 14:49:50'),
(68, 37, 54749, 'Varilla Corrugada 1" [Aceros de Guatemala]', 55, '25.00', '2019-08-01 14:50:08', '2019-08-01 14:50:08'),
(69, 38, 54756, 'VARILLA CORRUGADA 5/8" x 9 mts G60 [Aceros de Guatemala]', 15, '100.00', '2019-08-01 14:57:23', '2019-08-01 14:57:23'),
(70, 39, 54754, 'CEMENTO UGC PROGRESO [CEMENTOS PROGRESO]', 15, '74.00', '2019-08-01 14:58:58', '2019-08-01 14:58:58'),
(71, 41, 54754, 'CEMENTO UGC PROGRESO [CEMENTOS PROGRESO]', 15, '74.00', '2019-08-01 15:02:28', '2019-08-01 15:02:28'),
(72, 42, 54756, 'VARILLA CORRUGADA 5/8" x 9 mts G60 [Aceros de Guatemala]', 5, '110.00', '2019-08-01 15:05:09', '2019-08-01 15:05:09'),
(73, 42, 54754, 'CEMENTO UGC PROGRESO [CEMENTOS PROGRESO]', 10, '76.00', '2019-08-01 15:05:24', '2019-08-01 15:05:24'),
(74, 43, 54754, 'CEMENTO UGC PROGRESO [CEMENTOS PROGRESO]', 50, '76.00', '2019-08-01 15:06:39', '2019-08-01 15:06:39'),
(75, 44, 54720, 'Varilla Lisa 1/4"x6M [Aceros de Guatemala]', 240, '10.00', '2019-08-01 15:08:38', '2019-08-01 15:08:38'),
(76, 45, 54719, 'Varilla Corrugada 3/8"x6M G-40 [Aceros de Guatemala]', 156, '23.00', '2019-08-01 15:10:40', '2019-08-01 15:10:40'),
(77, 46, 54754, 'CEMENTO UGC PROGRESO [CEMENTOS PROGRESO]', 10, '74.00', '2019-08-01 15:45:22', '2019-08-01 15:45:22'),
(79, 46, 54719, 'Varilla Corrugada 3/8"x6M G-40 [Aceros de Guatemala]', 10, '19.00', '2019-08-01 15:46:02', '2019-08-01 15:46:02'),
(80, 47, 54754, 'CEMENTO UGC PROGRESO [CEMENTOS PROGRESO]', 13, '76.00', '2019-08-01 16:58:34', '2019-08-01 16:58:34'),
(81, 47, 54720, 'Varilla Lisa 1/4"x6M [Aceros de Guatemala]', 25, '10.00', '2019-08-01 16:58:48', '2019-08-01 16:58:48'),
(82, 47, 54753, 'Hierro 1" corrugado G40 legítimo [Multiperfiles]', 13, '19.50', '2019-08-01 16:59:02', '2019-08-01 16:59:02'),
(83, 48, 54754, 'CEMENTO UGC PROGRESO [CEMENTOS PROGRESO]', 150, '76.00', '2019-08-01 17:18:49', '2019-08-01 17:18:49'),
(84, 48, 54720, 'Varilla Lisa 1/4"x6M [Aceros de Guatemala]', 150, '10.00', '2019-08-01 17:19:18', '2019-08-01 17:19:18'),
(85, 49, 54754, 'CEMENTO UGC PROGRESO [CEMENTOS PROGRESO]', 10, '76.00', '2019-08-01 18:24:40', '2019-08-01 18:24:40'),
(86, 49, 54719, 'Varilla Corrugada 3/8"x6M G-40 [Aceros de Guatemala]', 39, '23.00', '2019-08-01 18:24:50', '2019-08-01 18:24:50'),
(87, 49, 54720, 'Varilla Lisa 1/4"x6M [Aceros de Guatemala]', 15, '10.00', '2019-08-01 18:25:07', '2019-08-01 18:25:07'),
(88, 50, 54719, 'Varilla Corrugada 3/8"x6M G-40 [Aceros de Guatemala]', 39, '23.00', '2019-08-01 21:14:53', '2019-08-01 21:14:53'),
(89, 50, 54720, 'Varilla Lisa 1/4"x6M [Aceros de Guatemala]', 45, '10.00', '2019-08-01 21:15:06', '2019-08-01 21:15:06'),
(90, 50, 54754, 'CEMENTO UGC PROGRESO [CEMENTOS PROGRESO]', 13, '76.00', '2019-08-01 21:15:18', '2019-08-01 21:15:18'),
(91, 50, 54737, 'Clavo 2" x13 [Distun]', 7, '4.70', '2019-08-01 21:15:36', '2019-08-01 21:15:36'),
(92, 51, 54754, 'CEMENTO UGC PROGRESO [CEMENTOS PROGRESO]', 250, '76.00', '2019-08-01 22:26:48', '2019-08-01 22:26:48'),
(93, 52, 54754, 'CEMENTO UGC PROGRESO [CEMENTOS PROGRESO]', 15, '76.00', '2019-08-01 23:03:52', '2019-08-01 23:03:52'),
(94, 52, 54720, 'Varilla Lisa 1/4"x6M [Aceros de Guatemala]', 30, '10.00', '2019-08-01 23:04:02', '2019-08-01 23:04:02'),
(95, 52, 54769, 'VARILLA LISA 7/32" X 6 [AG]', 10, '87.00', '2019-08-01 23:04:15', '2019-08-01 23:04:15'),
(96, 52, 54738, 'Clavo 2" x14 [Distun]', 3, '4.70', '2019-08-01 23:04:33', '2019-08-01 23:04:33'),
(97, 52, 54735, 'Tubo PVC 3"x6 Naranja [AMANCO]', 3, '60.00', '2019-08-01 23:04:47', '2019-08-01 23:04:47'),
(98, 53, 54754, 'CEMENTO UGC PROGRESO [CEMENTOS PROGRESO]', 3, '76.00', '2019-08-01 23:07:13', '2019-08-01 23:07:13'),
(99, 53, 54769, 'VARILLA LISA 7/32" X 6 [AG]', 15, '87.00', '2019-08-01 23:07:26', '2019-08-01 23:07:26'),
(100, 53, 54753, 'Hierro 1" corrugado G40 legítimo [Multiperfiles]', 45, '19.50', '2019-08-01 23:07:43', '2019-08-01 23:07:43'),
(101, 53, 54729, 'SILLETA TE 6"X4" 125PSI C/C (20) [AMANCO]', 2, '4000.00', '2019-08-01 23:07:58', '2019-08-01 23:07:58'),
(102, 53, 54724, 'Costanera 4"x2"x6M 1.5MM [Aceros de Guatemala]', 7, '130.00', '2019-08-01 23:08:15', '2019-08-01 23:08:15'),
(103, 53, 54771, 'ALAMBRE ESPIGADO AG 400 [AG]', 3, '250.00', '2019-08-01 23:08:33', '2019-08-01 23:08:33'),
(104, 53, 54751, 'TUBERIA DE 1/2" [AMANCO]', 3, '15.00', '2019-08-01 23:09:00', '2019-08-01 23:09:00');

-- --------------------------------------------------------

--
-- Table structure for table `detalle_descargas`
--

CREATE TABLE IF NOT EXISTS `detalle_descargas` (
  `id` int(10) unsigned NOT NULL AUTO_INCREMENT,
  `descarga_id` int(10) unsigned NOT NULL,
  `producto_id` int(10) unsigned NOT NULL,
  `cantidad` decimal(8,2) NOT NULL,
  `precio` decimal(11,5) NOT NULL,
  `serials` text COLLATE utf8_spanish_ci NOT NULL,
  `created_at` timestamp NOT NULL DEFAULT '0000-00-00 00:00:00',
  `updated_at` timestamp NOT NULL DEFAULT '0000-00-00 00:00:00',
  PRIMARY KEY (`id`),
  KEY `detalle_descargas_descarga_id_foreign` (`descarga_id`),
  KEY `detalle_descargas_producto_id_foreign` (`producto_id`)
) ENGINE=InnoDB  DEFAULT CHARSET=utf8 COLLATE=utf8_spanish_ci AUTO_INCREMENT=68 ;

--
-- Dumping data for table `detalle_descargas`
--

INSERT INTO `detalle_descargas` (`id`, `descarga_id`, `producto_id`, `cantidad`, `precio`, `serials`, `created_at`, `updated_at`) VALUES
(61, 64, 54724, '1.00', '118.35040', '', '2019-07-08 17:00:13', '2019-07-08 17:00:13'),
(62, 63, 54724, '25.00', '118.35040', '', '2019-07-08 17:00:27', '2019-07-08 17:00:27'),
(63, 67, 54730, '10.00', '53.70002', '', '2019-07-08 17:31:25', '2019-07-08 17:31:25'),
(64, 70, 54724, '1.00', '112.13991', '6543545', '2019-07-10 17:17:34', '2019-07-10 17:17:51'),
(65, 75, 54754, '20.00', '68.00000', '', '2019-07-30 16:17:02', '2019-07-30 16:17:02'),
(66, 77, 54753, '25.00', '19.50000', '', '2019-07-30 16:18:10', '2019-07-30 16:18:10'),
(67, 79, 54754, '100.00', '68.10259', '', '2019-07-31 22:13:10', '2019-07-31 22:13:10');

-- --------------------------------------------------------

--
-- Table structure for table `detalle_egresos`
--

CREATE TABLE IF NOT EXISTS `detalle_egresos` (
  `id` int(10) unsigned NOT NULL AUTO_INCREMENT,
  `descripcion` varchar(255) COLLATE utf8_spanish_ci NOT NULL,
  `monto` decimal(8,2) NOT NULL,
  `egreso_id` int(10) unsigned NOT NULL,
  `metodo_pago_id` int(10) unsigned NOT NULL DEFAULT '1',
  `created_at` timestamp NOT NULL DEFAULT '0000-00-00 00:00:00',
  `updated_at` timestamp NOT NULL DEFAULT '0000-00-00 00:00:00',
  PRIMARY KEY (`id`),
  KEY `detalle_egresos_egreso_id_foreign` (`egreso_id`),
  KEY `detalle_egresos_metodo_pago_id_foreign` (`metodo_pago_id`)
) ENGINE=InnoDB  DEFAULT CHARSET=utf8 COLLATE=utf8_spanish_ci AUTO_INCREMENT=4 ;

--
-- Dumping data for table `detalle_egresos`
--

INSERT INTO `detalle_egresos` (`id`, `descripcion`, `monto`, `egreso_id`, `metodo_pago_id`, `created_at`, `updated_at`) VALUES
(1, 'Egreso de 200 quetzales autorizados por idania rosio', '200.00', 10, 1, '2019-07-12 15:44:01', '2019-07-12 15:44:01'),
(2, 'Autorizado por Idania Rosio', '1500.00', 13, 1, '2019-07-12 16:02:14', '2019-07-12 16:02:14'),
(3, 'Autorizado por Eduardo Guerra', '575.00', 14, 1, '2019-07-12 16:23:01', '2019-07-12 16:23:01');

-- --------------------------------------------------------

--
-- Table structure for table `detalle_gastos`
--

CREATE TABLE IF NOT EXISTS `detalle_gastos` (
  `id` int(10) unsigned NOT NULL AUTO_INCREMENT,
  `gasto_id` int(10) unsigned NOT NULL,
  `metodo_pago_id` int(10) unsigned NOT NULL DEFAULT '1',
  `descripcion` varchar(100) COLLATE utf8_spanish_ci NOT NULL,
  `monto` decimal(8,2) NOT NULL,
  `created_at` timestamp NOT NULL DEFAULT '0000-00-00 00:00:00',
  `updated_at` timestamp NOT NULL DEFAULT '0000-00-00 00:00:00',
  PRIMARY KEY (`id`),
  KEY `detalle_gastos_gasto_id_foreign` (`gasto_id`),
  KEY `detalle_gastos_metodo_pago_id_foreign` (`metodo_pago_id`)
) ENGINE=InnoDB DEFAULT CHARSET=utf8 COLLATE=utf8_spanish_ci AUTO_INCREMENT=1 ;

-- --------------------------------------------------------

--
-- Table structure for table `detalle_ingresos`
--

CREATE TABLE IF NOT EXISTS `detalle_ingresos` (
  `id` int(10) unsigned NOT NULL AUTO_INCREMENT,
  `descripcion` varchar(255) COLLATE utf8_spanish_ci NOT NULL,
  `monto` decimal(8,2) NOT NULL,
  `ingreso_id` int(10) unsigned NOT NULL,
  `metodo_pago_id` int(10) unsigned NOT NULL DEFAULT '1',
  `created_at` timestamp NOT NULL DEFAULT '0000-00-00 00:00:00',
  `updated_at` timestamp NOT NULL DEFAULT '0000-00-00 00:00:00',
  PRIMARY KEY (`id`),
  KEY `detalle_ingresos_ingreso_id_foreign` (`ingreso_id`),
  KEY `detalle_ingresos_metodo_pago_id_foreign` (`metodo_pago_id`)
) ENGINE=InnoDB  DEFAULT CHARSET=utf8 COLLATE=utf8_spanish_ci AUTO_INCREMENT=2 ;

--
-- Dumping data for table `detalle_ingresos`
--

INSERT INTO `detalle_ingresos` (`id`, `descripcion`, `monto`, `ingreso_id`, `metodo_pago_id`, `created_at`, `updated_at`) VALUES
(1, 'Adsfs', '100.00', 12, 1, '2019-07-08 21:54:59', '2019-07-08 21:54:59');

-- --------------------------------------------------------

--
-- Table structure for table `detalle_soporte`
--

CREATE TABLE IF NOT EXISTS `detalle_soporte` (
  `id` int(10) unsigned NOT NULL AUTO_INCREMENT,
  `descripcion` varchar(255) COLLATE utf8_spanish_ci NOT NULL,
  `monto` decimal(8,2) NOT NULL,
  `soporte_id` int(10) unsigned NOT NULL,
  `metodo_pago_id` int(10) unsigned NOT NULL DEFAULT '1',
  `created_at` timestamp NOT NULL DEFAULT '0000-00-00 00:00:00',
  `updated_at` timestamp NOT NULL DEFAULT '0000-00-00 00:00:00',
  PRIMARY KEY (`id`),
  KEY `detalle_soporte_soporte_id_foreign` (`soporte_id`),
  KEY `detalle_soporte_metodo_pago_id_foreign` (`metodo_pago_id`)
) ENGINE=InnoDB  DEFAULT CHARSET=utf8 COLLATE=utf8_spanish_ci AUTO_INCREMENT=2 ;

--
-- Dumping data for table `detalle_soporte`
--

INSERT INTO `detalle_soporte` (`id`, `descripcion`, `monto`, `soporte_id`, `metodo_pago_id`, `created_at`, `updated_at`) VALUES
(1, 'ñllñlk', '55.00', 3, 1, '2019-07-08 21:54:34', '2019-07-08 21:54:34');

-- --------------------------------------------------------

--
-- Table structure for table `detalle_traslados`
--

CREATE TABLE IF NOT EXISTS `detalle_traslados` (
  `id` int(10) unsigned NOT NULL AUTO_INCREMENT,
  `traslado_id` int(10) unsigned NOT NULL,
  `producto_id` int(10) unsigned NOT NULL,
  `cantidad` int(11) NOT NULL,
  `precio` decimal(11,5) NOT NULL,
  `serials` text COLLATE utf8_spanish_ci NOT NULL,
  `created_at` timestamp NOT NULL DEFAULT '0000-00-00 00:00:00',
  `updated_at` timestamp NOT NULL DEFAULT '0000-00-00 00:00:00',
  PRIMARY KEY (`id`),
  KEY `detalle_traslados_traslado_id_foreign` (`traslado_id`),
  KEY `detalle_traslados_producto_id_foreign` (`producto_id`)
) ENGINE=InnoDB DEFAULT CHARSET=utf8 COLLATE=utf8_spanish_ci AUTO_INCREMENT=1 ;

-- --------------------------------------------------------

--
-- Table structure for table `detalle_ventas`
--

CREATE TABLE IF NOT EXISTS `detalle_ventas` (
  `id` int(10) unsigned NOT NULL AUTO_INCREMENT,
  `venta_id` int(10) unsigned NOT NULL,
  `producto_id` int(10) unsigned NOT NULL,
  `cantidad` int(10) unsigned NOT NULL,
  `precio` decimal(11,5) NOT NULL,
  `ganancias` decimal(11,5) NOT NULL DEFAULT '0.00000',
  `serials` text COLLATE utf8_spanish_ci,
  `created_at` timestamp NOT NULL DEFAULT '0000-00-00 00:00:00',
  `updated_at` timestamp NOT NULL DEFAULT '0000-00-00 00:00:00',
  PRIMARY KEY (`id`),
  KEY `detalle_ventas_venta_id_foreign` (`venta_id`),
  KEY `detalle_ventas_producto_id_foreign` (`producto_id`)
) ENGINE=InnoDB  DEFAULT CHARSET=utf8 COLLATE=utf8_spanish_ci AUTO_INCREMENT=760114 ;

--
-- Dumping data for table `detalle_ventas`
--

INSERT INTO `detalle_ventas` (`id`, `venta_id`, `producto_id`, `cantidad`, `precio`, `ganancias`, `serials`, `created_at`, `updated_at`) VALUES
(759229, 207600, 54720, 4, '10.00000', '0.00000', NULL, '2019-07-08 20:23:49', '2019-07-08 20:23:49'),
(759230, 207601, 54719, 50, '23.00000', '1.92160', NULL, '2019-07-08 21:03:33', '2019-07-08 21:03:33'),
(759231, 207605, 54726, 1, '160.00000', '0.00000', NULL, '2019-07-08 21:23:50', '2019-07-08 21:23:50'),
(759232, 207602, 54720, 1, '10.00000', '1.80160', NULL, '2019-07-08 21:47:50', '2019-07-08 21:47:50'),
(759233, 207607, 54724, 10, '130.00000', '11.64960', NULL, '2019-07-08 22:45:42', '2019-07-08 22:45:42'),
(759237, 207604, 54719, 1, '23.00000', '0.00000', NULL, '2019-07-09 16:08:32', '2019-07-09 16:08:32'),
(759238, 207613, 54733, 10, '35.00000', '10.26000', NULL, '2019-07-09 17:07:32', '2019-07-09 17:07:32'),
(759239, 207613, 54736, 5, '95.00000', '17.39000', NULL, '2019-07-09 17:10:52', '2019-07-09 17:10:52'),
(759240, 207614, 54741, 1, '4.70000', '1.07000', NULL, '2019-07-09 17:46:53', '2019-07-09 17:46:53'),
(759241, 207615, 54719, 150, '23.00000', '2.08637', NULL, '2019-07-09 20:45:03', '2019-07-09 20:45:03'),
(759242, 207616, 54719, 300, '23.00000', '2.08637', NULL, '2019-07-09 20:45:48', '2019-07-09 20:45:48'),
(759243, 207617, 54719, 150, '23.00000', '2.08637', NULL, '2019-07-09 20:46:40', '2019-07-09 20:46:40'),
(759244, 207618, 54720, 1, '10.00000', '1.80160', NULL, '2019-07-09 22:11:21', '2019-07-09 22:11:21'),
(759245, 207619, 54741, 215, '4.70000', '1.07000', NULL, '2019-07-09 22:12:05', '2019-07-09 22:12:05'),
(759246, 207620, 54719, 10, '23.00000', '2.34268', NULL, '2019-07-09 22:14:31', '2019-07-09 22:14:31'),
(759247, 207621, 54727, 50, '5.50000', '1.87120', NULL, '2019-07-09 22:20:24', '2019-07-09 22:20:24'),
(759248, 207622, 54737, 2, '4.70000', '1.07000', NULL, '2019-07-10 15:48:16', '2019-07-10 15:48:16'),
(759249, 207622, 54720, 1, '10.00000', '1.80160', NULL, '2019-07-10 15:52:31', '2019-07-10 15:52:31'),
(759250, 207622, 54724, 3, '130.00000', '17.86009', NULL, '2019-07-10 15:52:42', '2019-07-10 15:52:42'),
(759251, 207623, 54727, 2, '5.50000', '1.87120', NULL, '2019-07-10 15:55:09', '2019-07-10 15:55:09'),
(759252, 207625, 54719, 1, '23.00000', '2.32675', NULL, '2019-07-10 15:58:34', '2019-07-10 15:58:34'),
(759253, 207626, 54724, 1, '130.00000', '17.86009', NULL, '2019-07-10 16:00:09', '2019-07-10 16:00:09'),
(759255, 207630, 54724, 1, '130.00000', '17.86009', NULL, '2019-07-10 16:15:40', '2019-07-10 16:15:40'),
(759256, 207632, 54721, 100, '41.00000', '3.59200', NULL, '2019-07-10 16:17:42', '2019-07-10 16:17:42'),
(759257, 207634, 54748, 100, '450.00000', '112.04000', NULL, '2019-07-10 16:20:29', '2019-07-10 16:20:29'),
(759258, 207636, 54720, 67, '10.00000', '1.80160', NULL, '2019-07-10 16:24:41', '2019-07-10 16:24:41'),
(759260, 207638, 54737, 47, '4.70000', '1.07000', NULL, '2019-07-10 16:33:12', '2019-07-10 16:33:12'),
(759261, 207639, 54719, 10, '23.00000', '2.32241', NULL, '2019-07-10 16:37:48', '2019-07-10 16:37:48'),
(759262, 207640, 54734, 1, '442.00000', '0.00000', NULL, '2019-07-10 16:38:30', '2019-07-10 16:38:30'),
(759263, 207641, 54723, 6, '7.50000', '4.01680', NULL, '2019-07-10 16:43:29', '2019-07-10 16:43:29'),
(759264, 207642, 54748, 5, '450.00000', '112.04000', NULL, '2019-07-10 16:45:50', '2019-07-10 16:45:50'),
(759265, 207644, 54725, 200, '5.50000', '1.87120', NULL, '2019-07-10 16:52:11', '2019-07-10 16:52:11'),
(759266, 207646, 54722, 1, '5.00000', '0.00000', NULL, '2019-07-10 16:58:34', '2019-07-10 16:58:34'),
(759267, 207649, 54723, 10, '7.50000', '4.01680', NULL, '2019-07-10 17:11:31', '2019-07-10 17:11:31'),
(759268, 207650, 54719, 50, '23.00000', '2.32241', NULL, '2019-07-10 17:12:27', '2019-07-10 17:12:27'),
(759269, 207652, 54723, 1, '7.50000', '4.01680', NULL, '2019-07-10 17:28:15', '2019-07-10 17:28:15'),
(759270, 207653, 54748, 1, '450.00000', '0.00000', NULL, '2019-07-10 17:29:10', '2019-07-10 17:29:10'),
(759271, 207654, 54748, 2, '450.00000', '112.04000', NULL, '2019-07-10 17:35:57', '2019-07-10 17:35:57'),
(759272, 207655, 54737, 10, '4.70000', '1.07000', NULL, '2019-07-10 17:39:39', '2019-07-10 17:39:39'),
(759273, 207656, 54720, 25, '10.00000', '1.80160', NULL, '2019-07-10 17:54:08', '2019-07-10 17:54:08'),
(759274, 207658, 54725, 100, '5.50000', '1.87120', NULL, '2019-07-10 18:00:41', '2019-07-10 18:00:41'),
(759275, 207658, 54748, 20, '450.00000', '112.04000', NULL, '2019-07-10 18:02:34', '2019-07-10 18:02:34'),
(759276, 207659, 54719, 10, '23.00000', '2.11261', NULL, '2019-07-10 18:39:38', '2019-07-10 18:39:38'),
(759277, 207660, 54719, 300, '23.00000', '2.11261', NULL, '2019-07-10 19:59:32', '2019-07-10 19:59:32'),
(759279, 207662, 54749, 50, '25.00000', '5.00000', NULL, '2019-07-10 20:21:11', '2019-07-10 20:21:11'),
(759280, 207663, 54720, 1, '10.00000', '1.80160', NULL, '2019-07-10 20:44:06', '2019-07-10 20:44:06'),
(759281, 207664, 54741, 1, '4.70000', '1.07000', NULL, '2019-07-10 20:47:49', '2019-07-10 20:47:49'),
(759282, 207665, 54748, 4, '450.00000', '112.04000', NULL, '2019-07-10 21:12:27', '2019-07-10 21:12:27'),
(759283, 207666, 54719, 400, '23.00000', '2.11261', NULL, '2019-07-10 21:12:49', '2019-07-10 21:12:49'),
(759284, 207665, 54724, 10, '130.00000', '17.86009', NULL, '2019-07-10 21:12:57', '2019-07-10 21:12:57'),
(759286, 207668, 54745, 4, '60.00000', '54.54000', NULL, '2019-07-10 21:30:17', '2019-07-10 21:30:17'),
(759287, 207669, 54723, 3, '7.50000', '4.01680', NULL, '2019-07-10 21:31:43', '2019-07-10 21:31:43'),
(759288, 207670, 54751, 10, '15.00000', '0.00000', NULL, '2019-07-10 21:40:31', '2019-07-10 21:40:31'),
(759289, 207671, 54752, 10, '1.50000', '0.93000', NULL, '2019-07-10 21:42:21', '2019-07-10 21:42:21'),
(759290, 207672, 54738, 10, '4.70000', '1.56000', NULL, '2019-07-10 21:50:36', '2019-07-10 21:50:36'),
(759291, 207673, 54720, 5, '10.00000', '0.00000', NULL, '2019-07-10 22:02:38', '2019-07-10 22:02:38'),
(759292, 207674, 54719, 100, '23.00000', '2.11261', NULL, '2019-07-10 22:48:38', '2019-07-10 22:48:38'),
(759293, 207675, 54730, 35, '60.00000', '6.29998', NULL, '2019-07-11 14:08:54', '2019-07-11 14:08:54'),
(759294, 207676, 54727, 75, '5.50000', '1.87120', NULL, '2019-07-11 14:20:30', '2019-07-11 14:20:30'),
(759295, 207677, 54719, 100, '23.00000', '2.11261', NULL, '2019-07-11 14:30:47', '2019-07-11 14:30:47'),
(759296, 207678, 54723, 5, '7.50000', '4.01680', NULL, '2019-07-11 14:32:16', '2019-07-11 14:32:16'),
(759297, 207679, 54744, 1, '350.00000', '95.80000', NULL, '2019-07-11 14:34:15', '2019-07-11 14:34:15'),
(759298, 207680, 54734, 1, '442.00000', '437.58000', NULL, '2019-07-11 15:03:26', '2019-07-11 15:03:26'),
(759300, 207682, 54725, 100, '5.50000', '1.87120', NULL, '2019-07-11 15:52:21', '2019-07-11 15:52:21'),
(759301, 207683, 54741, 50, '4.70000', '1.07000', NULL, '2019-07-11 15:53:20', '2019-07-11 15:53:20'),
(759302, 207684, 54719, 100, '23.00000', '2.11261', NULL, '2019-07-11 15:54:55', '2019-07-11 15:54:55'),
(759303, 207685, 54727, 1, '5.50000', '1.87120', NULL, '2019-07-11 15:55:52', '2019-07-11 15:55:52'),
(759304, 207686, 54748, 100, '450.00000', '112.19287', NULL, '2019-07-11 16:09:18', '2019-07-11 16:09:18'),
(759305, 207688, 54748, 30, '450.00000', '112.19287', NULL, '2019-07-11 17:43:28', '2019-07-11 17:43:28'),
(759306, 207689, 54750, 1, '400.00000', '0.00000', NULL, '2019-07-11 17:50:33', '2019-07-11 17:50:33'),
(759308, 207690, 54750, 50, '400.00000', '346.30000', NULL, '2019-07-11 17:52:55', '2019-07-11 17:52:55'),
(759309, 207690, 54721, 30, '41.00000', '3.59200', NULL, '2019-07-11 17:53:44', '2019-07-11 17:53:44'),
(759310, 207690, 54748, 20, '450.00000', '112.19287', NULL, '2019-07-11 17:54:11', '2019-07-11 17:54:11'),
(759311, 207692, 54746, 15, '500.00000', '93.90000', NULL, '2019-07-11 18:01:03', '2019-07-11 18:01:03'),
(759312, 207692, 54747, 3, '1000.00000', '85.24000', NULL, '2019-07-11 18:01:43', '2019-07-11 18:01:43'),
(759313, 207693, 54737, 2, '4.70000', '1.07000', NULL, '2019-07-11 18:06:02', '2019-07-11 18:06:02'),
(759315, 207695, 54723, 100, '7.50000', '4.01680', NULL, '2019-07-11 20:22:15', '2019-07-11 20:22:15'),
(759316, 207696, 54746, 1, '500.00000', '0.00000', NULL, '2019-07-11 22:57:24', '2019-07-11 22:57:24'),
(759317, 207697, 54719, 1, '23.00000', '0.00000', NULL, '2019-07-11 22:58:39', '2019-07-11 22:58:39'),
(759318, 207698, 54723, 100, '7.50000', '4.01680', NULL, '2019-07-11 23:09:19', '2019-07-11 23:09:19'),
(759319, 207699, 54746, 1, '500.00000', '93.90000', NULL, '2019-07-12 14:35:08', '2019-07-12 14:35:08'),
(759320, 207700, 54719, 21, '23.00000', '2.11261', NULL, '2019-07-12 14:42:02', '2019-07-12 14:42:02'),
(759321, 207701, 54748, 1, '450.00000', '112.19287', NULL, '2019-07-12 14:43:20', '2019-07-12 14:43:20'),
(759322, 207702, 54727, 3, '5.50000', '1.87120', NULL, '2019-07-12 14:44:16', '2019-07-12 14:44:16'),
(759323, 207702, 54720, 1, '10.00000', '1.80160', NULL, '2019-07-12 14:44:28', '2019-07-12 14:44:28'),
(759324, 207702, 54724, 1, '130.00000', '17.86009', NULL, '2019-07-12 14:44:39', '2019-07-12 14:44:39'),
(759325, 207703, 54724, 3, '130.00000', '17.86009', NULL, '2019-07-12 14:49:38', '2019-07-12 14:49:38'),
(759326, 207703, 54741, 25, '4.70000', '1.07000', NULL, '2019-07-12 14:49:54', '2019-07-12 14:49:54'),
(759327, 207703, 54737, 11, '4.70000', '1.07000', NULL, '2019-07-12 14:50:15', '2019-07-12 14:50:15'),
(759328, 207704, 54723, 100, '7.50000', '4.01680', NULL, '2019-07-12 15:05:46', '2019-07-12 15:05:46'),
(759329, 207704, 54727, 200, '5.50000', '1.87120', NULL, '2019-07-12 15:06:13', '2019-07-12 15:06:13'),
(759330, 207705, 54724, 1, '130.00000', '17.86009', NULL, '2019-07-12 15:58:53', '2019-07-12 15:58:53'),
(759331, 207705, 54722, 50, '5.00000', '1.37120', NULL, '2019-07-12 15:59:04', '2019-07-12 15:59:04'),
(759332, 207706, 54749, 25, '25.00000', '5.00000', NULL, '2019-07-12 15:59:57', '2019-07-12 15:59:57'),
(759333, 207707, 54727, 150, '5.50000', '1.87120', NULL, '2019-07-12 16:00:27', '2019-07-12 16:00:27'),
(759334, 207708, 54723, 1, '7.50000', '4.01680', NULL, '2019-07-12 16:01:08', '2019-07-12 16:01:08'),
(759335, 207709, 54722, 25, '5.00000', '1.37120', NULL, '2019-07-12 16:19:38', '2019-07-12 16:19:38'),
(759336, 207710, 54720, 100, '10.00000', '1.80160', NULL, '2019-07-12 16:20:37', '2019-07-12 16:20:37'),
(759337, 207711, 54719, 50, '23.00000', '2.11261', NULL, '2019-07-12 16:21:48', '2019-07-12 16:21:48'),
(759338, 207712, 54723, 50, '7.50000', '4.01680', NULL, '2019-07-12 16:44:25', '2019-07-12 16:44:25'),
(759339, 207713, 54732, 1, '700.00000', '100.00000', NULL, '2019-07-12 16:45:46', '2019-07-12 16:45:46'),
(759340, 207714, 54722, 25, '5.00000', '1.37120', NULL, '2019-07-12 16:54:40', '2019-07-12 16:54:40'),
(759341, 207715, 54745, 1, '60.00000', '54.54000', NULL, '2019-07-12 16:55:30', '2019-07-12 16:55:30'),
(759342, 207715, 54723, 25, '7.50000', '4.01680', NULL, '2019-07-12 16:55:36', '2019-07-12 16:55:36'),
(759343, 207716, 54724, 50, '130.00000', '17.86009', NULL, '2019-07-12 16:56:58', '2019-07-12 16:56:58'),
(759344, 207717, 54741, 25, '4.70000', '1.07000', NULL, '2019-07-12 17:38:09', '2019-07-12 17:38:09'),
(759348, 207719, 54745, 50, '60.00000', '54.54000', NULL, '2019-07-12 18:25:24', '2019-07-12 18:25:24'),
(759349, 207720, 54720, 60, '10.00000', '1.80160', NULL, '2019-07-12 18:26:01', '2019-07-12 18:26:01'),
(759350, 207720, 54727, 65, '5.50000', '1.87120', NULL, '2019-07-12 18:26:13', '2019-07-12 18:26:13'),
(759351, 207720, 54747, 3, '1000.00000', '85.24000', NULL, '2019-07-12 18:26:31', '2019-07-12 18:26:31'),
(759352, 207721, 54719, 400, '23.00000', '2.11261', NULL, '2019-07-12 18:27:02', '2019-07-12 18:27:02'),
(759353, 207721, 54741, 25, '4.70000', '1.07000', NULL, '2019-07-12 18:27:18', '2019-07-12 18:27:18'),
(759354, 207721, 54727, 55, '5.50000', '1.87120', NULL, '2019-07-12 18:27:34', '2019-07-12 18:27:34'),
(759355, 207722, 54737, 35, '4.70000', '1.07000', NULL, '2019-07-12 18:29:47', '2019-07-12 18:29:47'),
(759356, 207722, 54725, 50, '5.50000', '1.87120', NULL, '2019-07-12 18:29:59', '2019-07-12 18:29:59'),
(759357, 207723, 54751, 10, '15.00000', '2.50000', NULL, '2019-07-12 18:30:55', '2019-07-12 18:30:55'),
(759358, 207723, 54722, 10, '5.00000', '1.37120', NULL, '2019-07-12 18:31:17', '2019-07-12 18:31:17'),
(759359, 207723, 54723, 20, '7.50000', '4.01680', NULL, '2019-07-12 18:31:28', '2019-07-12 18:31:28'),
(759360, 207723, 54737, 5, '4.70000', '1.07000', NULL, '2019-07-12 18:31:41', '2019-07-12 18:31:41'),
(759361, 207724, 54720, 90, '10.00000', '1.80160', NULL, '2019-07-15 15:13:11', '2019-07-15 15:13:11'),
(759362, 207724, 54722, 20, '5.00000', '1.37120', NULL, '2019-07-15 15:13:24', '2019-07-15 15:13:24'),
(759363, 207725, 54727, 5, '5.50000', '1.87120', NULL, '2019-07-15 17:00:03', '2019-07-15 17:00:03'),
(759364, 207725, 54734, 25, '442.00000', '437.58000', NULL, '2019-07-15 17:00:25', '2019-07-15 17:00:25'),
(759365, 207725, 54738, 45, '4.70000', '1.56000', NULL, '2019-07-15 17:00:42', '2019-07-15 17:00:42'),
(759366, 207726, 54736, 5, '95.00000', '17.39000', NULL, '2019-07-15 17:02:37', '2019-07-15 17:02:37'),
(759367, 207726, 54721, 5, '41.00000', '3.59200', NULL, '2019-07-15 17:03:06', '2019-07-15 17:03:06'),
(759368, 207726, 54728, 1, '4000.00000', '500.00000', NULL, '2019-07-15 17:03:49', '2019-07-15 17:03:49'),
(759369, 207726, 54719, 52, '23.00000', '2.11261', NULL, '2019-07-15 17:04:00', '2019-07-15 17:04:00'),
(759370, 207727, 54737, 12, '4.70000', '1.07000', NULL, '2019-07-15 17:15:11', '2019-07-15 17:15:11'),
(759371, 207728, 54727, 20, '5.50000', '1.87120', NULL, '2019-07-15 17:24:50', '2019-07-15 17:24:50'),
(759372, 207729, 54719, 200, '23.00000', '2.11261', NULL, '2019-07-15 17:33:02', '2019-07-15 17:33:02'),
(759373, 207729, 54725, 51, '5.50000', '1.87120', NULL, '2019-07-15 17:33:18', '2019-07-15 17:33:18'),
(759374, 207729, 54720, 50, '10.00000', '1.80160', NULL, '2019-07-15 17:33:57', '2019-07-15 17:33:57'),
(759375, 207729, 54733, 20, '35.00000', '10.26000', NULL, '2019-07-15 17:34:43', '2019-07-15 17:34:43'),
(759376, 207730, 54724, 20, '130.00000', '17.86009', NULL, '2019-07-15 17:35:32', '2019-07-15 17:35:32'),
(759377, 207731, 54725, 30, '5.50000', '1.87120', NULL, '2019-07-15 18:35:37', '2019-07-15 18:35:37'),
(759378, 207732, 54752, 2, '1.50000', '0.93000', NULL, '2019-07-15 18:37:50', '2019-07-15 18:37:50'),
(759379, 207733, 54740, 15, '320.00000', '0.00000', NULL, '2019-07-17 14:40:15', '2019-07-17 14:40:15'),
(759380, 207734, 54748, 4, '450.00000', '0.00000', NULL, '2019-07-17 14:48:37', '2019-07-17 14:48:37'),
(759381, 207735, 54733, 6, '35.00000', '0.00000', NULL, '2019-07-17 14:53:50', '2019-07-17 14:53:50'),
(759382, 207736, 54724, 36, '130.00000', '0.00000', NULL, '2019-07-17 14:56:03', '2019-07-17 14:56:03'),
(759383, 207737, 54724, 39, '130.00000', '17.86009', NULL, '2019-07-17 14:59:49', '2019-07-17 14:59:49'),
(759384, 207738, 54720, 20, '10.00000', '1.80160', NULL, '2019-07-23 17:21:42', '2019-07-23 17:21:42'),
(759385, 207739, 54751, 16, '15.00000', '2.50000', NULL, '2019-07-23 17:27:12', '2019-07-23 17:27:12'),
(759386, 207739, 54733, 5, '35.00000', '10.26000', NULL, '2019-07-23 17:27:43', '2019-07-23 17:27:43'),
(759387, 207739, 54719, 20, '23.00000', '2.11261', NULL, '2019-07-23 17:28:07', '2019-07-23 17:28:07'),
(759388, 207739, 54748, 1, '450.00000', '112.19287', NULL, '2019-07-23 17:28:58', '2019-07-23 17:28:58'),
(759389, 207740, 54752, 10, '1.50000', '0.93000', NULL, '2019-07-23 17:30:23', '2019-07-23 17:30:23'),
(759390, 207740, 54751, 7, '15.00000', '2.50000', NULL, '2019-07-23 17:30:44', '2019-07-23 17:30:44'),
(759391, 207740, 54735, 3, '60.00000', '12.63000', NULL, '2019-07-23 17:31:13', '2019-07-23 17:31:13'),
(759392, 207740, 54750, 3, '400.00000', '346.30000', NULL, '2019-07-23 17:34:35', '2019-07-23 17:34:35'),
(759393, 207740, 54719, 5, '23.00000', '2.11261', NULL, '2019-07-23 17:34:55', '2019-07-23 17:34:55'),
(759394, 207741, 54752, 14, '1.50000', '0.93000', NULL, '2019-07-23 17:38:31', '2019-07-23 17:38:31'),
(759395, 207741, 54747, 1, '1000.00000', '85.24000', NULL, '2019-07-23 17:39:07', '2019-07-23 17:39:07'),
(759396, 207741, 54730, 4, '60.00000', '6.29998', NULL, '2019-07-23 17:39:56', '2019-07-23 17:39:56'),
(759397, 207742, 54723, 1, '7.50000', '0.00000', NULL, '2019-07-23 18:03:02', '2019-07-23 18:03:02'),
(759398, 207743, 54741, 1, '4.70000', '0.00000', NULL, '2019-07-23 18:11:11', '2019-07-23 18:11:11'),
(759399, 207744, 54725, 5, '5.50000', '1.87120', NULL, '2019-07-23 18:17:12', '2019-07-23 18:17:12'),
(759400, 207745, 54720, 33, '10.00000', '1.80160', NULL, '2019-07-23 18:28:26', '2019-07-23 18:28:26'),
(759401, 207746, 54749, 25, '25.00000', '5.00000', NULL, '2019-07-23 18:30:26', '2019-07-23 18:30:26'),
(759402, 207748, 54735, 5, '60.00000', '12.63000', NULL, '2019-07-24 17:10:38', '2019-07-24 17:10:38'),
(759403, 207748, 54722, 3, '5.00000', '1.37120', NULL, '2019-07-24 17:10:59', '2019-07-24 17:10:59'),
(759404, 207748, 54751, 3, '15.00000', '2.50000', NULL, '2019-07-24 17:11:31', '2019-07-24 17:11:31'),
(759405, 207749, 54737, 5, '4.70000', '1.07000', NULL, '2019-07-24 17:13:43', '2019-07-24 17:13:43'),
(759406, 207749, 54738, 10, '4.70000', '1.56000', NULL, '2019-07-24 17:14:03', '2019-07-24 17:14:03'),
(759407, 207750, 54719, 50, '23.00000', '0.00000', NULL, '2019-07-24 17:39:50', '2019-07-24 17:39:50'),
(759408, 207751, 54719, 50, '23.00000', '2.11261', NULL, '2019-07-24 17:44:18', '2019-07-24 17:44:18'),
(759409, 207752, 54719, 22, '23.00000', '2.11261', NULL, '2019-07-24 17:48:42', '2019-07-24 17:48:42'),
(759410, 207752, 54738, 5, '4.70000', '1.56000', NULL, '2019-07-24 17:50:23', '2019-07-24 17:50:23'),
(759411, 207752, 54741, 8, '4.70000', '1.07000', NULL, '2019-07-24 17:51:30', '2019-07-24 17:51:30'),
(759412, 207753, 54719, 20, '23.00000', '2.11261', NULL, '2019-07-24 18:21:41', '2019-07-24 18:21:41'),
(759413, 207754, 54719, 10, '23.00000', '2.11261', NULL, '2019-07-24 18:23:19', '2019-07-24 18:23:19'),
(759414, 207756, 54738, 10, '4.70000', '1.56000', NULL, '2019-07-24 18:44:09', '2019-07-24 18:44:09'),
(759415, 207757, 54723, 28, '7.50000', '0.00000', NULL, '2019-07-24 18:49:19', '2019-07-24 18:49:19'),
(759416, 207758, 54741, 1, '4.70000', '0.00000', NULL, '2019-07-24 18:52:06', '2019-07-24 18:52:06'),
(759417, 207759, 54741, 5, '4.70000', '0.00000', NULL, '2019-07-24 18:53:44', '2019-07-24 18:53:44'),
(759418, 207759, 54723, 1, '7.50000', '0.00000', NULL, '2019-07-24 18:54:07', '2019-07-24 18:54:07'),
(759419, 207759, 54734, 2, '442.00000', '0.00000', NULL, '2019-07-24 18:54:18', '2019-07-24 18:54:18'),
(759420, 207760, 54721, 3, '41.00000', '3.59200', NULL, '2019-07-24 18:56:56', '2019-07-24 18:56:56'),
(759422, 207760, 54719, 3, '23.00000', '2.11261', NULL, '2019-07-24 18:57:48', '2019-07-24 18:57:48'),
(759423, 207761, 54738, 4, '4.70000', '1.56000', NULL, '2019-07-24 18:59:15', '2019-07-24 18:59:15'),
(759424, 207763, 54747, 2, '1000.00000', '85.24000', NULL, '2019-07-24 19:11:39', '2019-07-24 19:11:39'),
(759425, 207764, 54741, 5, '4.70000', '1.07000', NULL, '2019-07-24 19:23:24', '2019-07-24 19:23:24'),
(759426, 207765, 54723, 7, '7.50000', '4.01680', NULL, '2019-07-24 20:54:50', '2019-07-24 20:54:50'),
(759427, 207766, 54723, 3, '7.50000', '4.01680', NULL, '2019-07-24 21:00:04', '2019-07-24 21:00:04'),
(759428, 207767, 54722, 3, '5.00000', '1.37120', NULL, '2019-07-24 21:01:25', '2019-07-24 21:01:25'),
(759429, 207768, 54741, 10, '4.70000', '0.00000', NULL, '2019-07-24 21:02:33', '2019-07-24 21:02:33'),
(759430, 207769, 54741, 15, '4.70000', '0.00000', NULL, '2019-07-24 21:03:53', '2019-07-24 21:03:53'),
(759431, 207770, 54740, 1, '320.00000', '0.00000', NULL, '2019-07-24 21:04:32', '2019-07-24 21:04:32'),
(759432, 207770, 54719, 2, '23.00000', '0.00000', NULL, '2019-07-24 21:04:42', '2019-07-24 21:04:42'),
(759433, 207770, 54733, 3, '35.00000', '0.00000', NULL, '2019-07-24 21:04:58', '2019-07-24 21:04:58'),
(759434, 207771, 54751, 13, '15.00000', '0.00000', NULL, '2019-07-24 21:06:13', '2019-07-24 21:06:13'),
(759435, 207772, 54735, 3, '60.00000', '0.00000', NULL, '2019-07-24 21:07:15', '2019-07-24 21:07:15'),
(759436, 207780, 54723, 10, '7.50000', '4.01680', NULL, '2019-07-24 21:20:57', '2019-07-24 21:20:57'),
(759437, 207781, 54737, 2, '4.70000', '1.07000', NULL, '2019-07-24 22:29:26', '2019-07-24 22:29:26'),
(759438, 207782, 54723, 5, '7.50000', '4.01680', NULL, '2019-07-24 22:30:31', '2019-07-24 22:30:31'),
(759439, 207782, 54722, 5, '5.00000', '1.37120', NULL, '2019-07-24 22:30:46', '2019-07-24 22:30:46'),
(759440, 207783, 54723, 4, '7.50000', '4.01680', NULL, '2019-07-24 22:32:47', '2019-07-24 22:32:47'),
(759441, 207784, 54751, 10, '15.00000', '2.50000', NULL, '2019-07-24 22:35:51', '2019-07-24 22:35:51'),
(759442, 207784, 54733, 5, '35.00000', '10.26000', NULL, '2019-07-24 22:36:10', '2019-07-24 22:36:10'),
(759443, 207785, 54722, 10, '5.00000', '1.37120', NULL, '2019-07-24 22:46:34', '2019-07-24 22:46:34'),
(759444, 207785, 54752, 10, '1.50000', '0.93000', NULL, '2019-07-24 22:46:47', '2019-07-24 22:46:47'),
(759445, 207785, 54751, 3, '15.00000', '2.50000', NULL, '2019-07-24 22:47:05', '2019-07-24 22:47:05'),
(759446, 207785, 54723, 4, '7.50000', '4.01680', NULL, '2019-07-24 22:47:23', '2019-07-24 22:47:23'),
(759448, 207786, 54719, 5, '23.00000', '2.11261', NULL, '2019-07-24 22:49:13', '2019-07-24 22:49:13'),
(759449, 207786, 54738, 4, '4.70000', '1.56000', NULL, '2019-07-24 22:49:29', '2019-07-24 22:49:29'),
(759450, 207787, 54733, 3, '35.00000', '0.00000', NULL, '2019-07-24 22:50:54', '2019-07-24 22:50:54'),
(759451, 207787, 54734, 10, '442.00000', '0.00000', NULL, '2019-07-24 22:51:12', '2019-07-24 22:51:12'),
(759452, 207786, 54726, 1, '160.00000', '13.57120', NULL, '2019-07-24 23:29:07', '2019-07-24 23:29:07'),
(759453, 207788, 54734, 7, '442.00000', '437.58000', NULL, '2019-07-25 14:18:53', '2019-07-25 14:18:53'),
(759454, 207788, 54736, 7, '95.00000', '17.39000', NULL, '2019-07-25 14:19:25', '2019-07-25 14:19:25'),
(759455, 207788, 54721, 1, '41.00000', '3.59200', NULL, '2019-07-25 14:19:55', '2019-07-25 14:19:55'),
(759456, 207789, 54734, 3, '442.00000', '437.58000', NULL, '2019-07-25 14:26:47', '2019-07-25 14:26:47'),
(759458, 207789, 54737, 2, '4.70000', '1.07000', NULL, '2019-07-25 14:27:25', '2019-07-25 14:27:25'),
(759459, 207789, 54735, 3, '60.00000', '12.63000', NULL, '2019-07-25 14:28:04', '2019-07-25 14:28:04'),
(759460, 207790, 54747, 1, '1000.00000', '85.24000', NULL, '2019-07-25 14:34:57', '2019-07-25 14:34:57'),
(759461, 207792, 54736, 2, '95.00000', '17.39000', NULL, '2019-07-25 14:45:10', '2019-07-25 14:45:10'),
(759462, 207794, 54719, 4, '23.00000', '2.11261', NULL, '2019-07-25 15:33:20', '2019-07-25 15:33:20'),
(759463, 207794, 54727, 1, '5.50000', '1.87120', NULL, '2019-07-25 15:34:06', '2019-07-25 15:34:06'),
(759464, 207795, 54737, 6, '4.70000', '1.07000', NULL, '2019-07-25 15:34:36', '2019-07-25 15:34:36'),
(759465, 207796, 54725, 4, '5.50000', '1.87120', NULL, '2019-07-25 15:36:11', '2019-07-25 15:36:11'),
(759466, 207796, 54735, 6, '60.00000', '12.63000', NULL, '2019-07-25 15:36:29', '2019-07-25 15:36:29'),
(759467, 207797, 54719, 6, '23.00000', '2.11261', NULL, '2019-07-25 15:37:30', '2019-07-25 15:37:30'),
(759468, 207797, 54721, 3, '41.00000', '3.59200', NULL, '2019-07-25 15:38:00', '2019-07-25 15:38:00'),
(759469, 207798, 54739, 1, '320.00000', '149.45000', NULL, '2019-07-25 15:40:16', '2019-07-25 15:40:16'),
(759470, 207799, 54753, 250, '19.50000', '0.00000', NULL, '2019-07-25 17:01:50', '2019-07-25 17:01:50'),
(759471, 207800, 54754, 230, '76.00000', '8.00000', NULL, '2019-07-25 17:03:44', '2019-07-25 17:03:44'),
(759472, 207801, 54754, 79, '76.00000', '8.00000', NULL, '2019-07-25 18:23:15', '2019-07-25 18:23:15'),
(759473, 207802, 54754, 400, '76.00000', '8.00000', NULL, '2019-07-25 18:24:19', '2019-07-25 18:24:19'),
(759474, 207803, 54719, 25, '23.00000', '2.11999', NULL, '2019-07-25 18:25:48', '2019-07-25 18:25:48'),
(759475, 207804, 54753, 5, '19.50000', '0.00000', NULL, '2019-07-25 18:41:03', '2019-07-25 18:41:03'),
(759476, 207805, 54757, 20, '73.00000', '11.56000', NULL, '2019-07-25 18:44:14', '2019-07-25 18:44:14'),
(759477, 207806, 54719, 50, '23.00000', '2.11999', NULL, '2019-07-26 22:01:47', '2019-07-26 22:01:47'),
(759478, 207806, 54758, 100, '68.00000', '11.00000', NULL, '2019-07-26 22:02:05', '2019-07-26 22:02:05'),
(759479, 207806, 54755, 10, '145.00000', '22.16000', NULL, '2019-07-26 22:02:31', '2019-07-26 22:02:31'),
(759480, 207807, 54753, 500, '19.50000', '0.00000', NULL, '2019-07-26 22:04:08', '2019-07-26 22:04:08'),
(759481, 207807, 54758, 20, '68.00000', '11.00000', NULL, '2019-07-26 22:04:22', '2019-07-26 22:04:22'),
(759482, 207807, 54726, 1, '160.00000', '13.57120', NULL, '2019-07-26 22:04:45', '2019-07-26 22:04:45'),
(759483, 207808, 54754, 3, '76.00000', '8.00000', NULL, '2019-07-26 22:06:47', '2019-07-26 22:06:47'),
(759484, 207808, 54753, 5, '19.50000', '0.00000', NULL, '2019-07-26 22:07:07', '2019-07-26 22:07:07'),
(759485, 207808, 54719, 50, '23.00000', '2.11999', NULL, '2019-07-26 22:07:36', '2019-07-26 22:07:36'),
(759486, 207809, 54757, 6, '73.00000', '11.56000', NULL, '2019-07-26 22:09:50', '2019-07-26 22:09:50'),
(759487, 207810, 54741, 2, '4.70000', '1.07000', NULL, '2019-07-26 22:12:28', '2019-07-26 22:12:28'),
(759488, 207811, 54754, 100, '76.00000', '8.00000', NULL, '2019-07-26 22:13:46', '2019-07-26 22:13:46'),
(759489, 207812, 54740, 4, '320.00000', '75.36000', NULL, '2019-07-26 22:38:42', '2019-07-26 22:38:42'),
(759490, 207812, 54719, 300, '23.00000', '2.11999', NULL, '2019-07-26 22:39:11', '2019-07-26 22:39:11'),
(759491, 207813, 54753, 50, '19.50000', '0.00000', NULL, '2019-07-26 22:40:26', '2019-07-26 22:40:26'),
(759492, 207814, 54754, 200, '76.00000', '8.00000', NULL, '2019-07-26 22:45:14', '2019-07-26 22:45:14'),
(759493, 207815, 54754, 40, '76.00000', '8.00000', NULL, '2019-07-26 22:55:31', '2019-07-26 22:55:31'),
(759494, 207816, 54753, 25, '19.50000', '0.00000', NULL, '2019-07-29 17:12:12', '2019-07-29 17:12:12'),
(759495, 207817, 54754, 1, '76.00000', '8.00000', NULL, '2019-07-29 17:14:50', '2019-07-29 17:14:50'),
(759496, 207817, 54753, 30, '19.50000', '0.00000', NULL, '2019-07-29 17:15:17', '2019-07-29 17:15:17'),
(759497, 207818, 54754, 25, '76.00000', '8.00000', NULL, '2019-07-29 17:27:08', '2019-07-29 17:27:08'),
(759498, 207818, 54756, 30, '110.00000', '17.84000', NULL, '2019-07-29 17:27:35', '2019-07-29 17:27:35'),
(759499, 207819, 54757, 46, '73.00000', '11.56000', NULL, '2019-07-29 17:28:11', '2019-07-29 17:28:11'),
(759500, 207819, 54734, 1, '442.00000', '437.58000', NULL, '2019-07-29 17:28:47', '2019-07-29 17:28:47'),
(759501, 207820, 54740, 3, '320.00000', '75.36000', NULL, '2019-07-29 17:29:34', '2019-07-29 17:29:34'),
(759502, 207821, 54757, 3, '73.00000', '11.56000', NULL, '2019-07-29 17:29:42', '2019-07-29 17:29:42'),
(759503, 207822, 54740, 2, '320.00000', '0.00000', NULL, '2019-07-29 17:30:12', '2019-07-29 17:30:12'),
(759504, 207822, 54753, 42, '19.50000', '0.00000', NULL, '2019-07-29 17:30:24', '2019-07-29 17:30:24'),
(759505, 207823, 54758, 1, '68.00000', '11.00000', NULL, '2019-07-29 17:30:59', '2019-07-29 17:30:59'),
(759506, 207824, 54754, 50, '76.00000', '8.00000', NULL, '2019-07-29 17:32:14', '2019-07-29 17:32:14'),
(759507, 207825, 54756, 25, '110.00000', '17.84000', NULL, '2019-07-29 17:33:50', '2019-07-29 17:33:50'),
(759508, 207825, 54734, 10, '442.00000', '437.58000', NULL, '2019-07-29 17:34:10', '2019-07-29 17:34:10'),
(759509, 207826, 54756, 4, '110.00000', '17.84000', NULL, '2019-07-29 17:35:03', '2019-07-29 17:35:03'),
(759510, 207826, 54754, 30, '76.00000', '8.00000', NULL, '2019-07-29 17:35:37', '2019-07-29 17:35:37'),
(759511, 207827, 54753, 25, '19.50000', '0.00000', NULL, '2019-07-29 17:36:17', '2019-07-29 17:36:17'),
(759512, 207828, 54754, 11, '76.00000', '8.00000', NULL, '2019-07-29 17:37:16', '2019-07-29 17:37:16'),
(759513, 207829, 54755, 30, '145.00000', '22.16000', NULL, '2019-07-29 17:37:25', '2019-07-29 17:37:25'),
(759514, 207829, 54740, 1, '320.00000', '75.36000', NULL, '2019-07-29 17:37:35', '2019-07-29 17:37:35'),
(759516, 207831, 54753, 35, '19.50000', '0.00000', NULL, '2019-07-29 17:39:28', '2019-07-29 17:39:28'),
(759517, 207831, 54734, 4, '442.00000', '437.58000', NULL, '2019-07-29 17:39:51', '2019-07-29 17:39:51'),
(759518, 207832, 54748, 1, '450.00000', '112.19287', NULL, '2019-07-29 17:40:08', '2019-07-29 17:40:08'),
(759519, 207833, 54750, 6, '400.00000', '346.30000', NULL, '2019-07-29 17:40:45', '2019-07-29 17:40:45'),
(759520, 207834, 54745, 5, '60.00000', '0.00000', NULL, '2019-07-29 17:41:31', '2019-07-29 17:41:31'),
(759521, 207835, 54754, 200, '76.00000', '8.00000', NULL, '2019-07-29 17:43:10', '2019-07-29 17:43:10'),
(759522, 207835, 54719, 10, '23.00000', '2.11999', NULL, '2019-07-29 17:43:30', '2019-07-29 17:43:30'),
(759523, 207835, 54757, 5, '73.00000', '11.56000', NULL, '2019-07-29 17:43:46', '2019-07-29 17:43:46'),
(759524, 207836, 54731, 1, '950.00000', '0.00000', NULL, '2019-07-29 17:56:54', '2019-07-29 17:56:54'),
(759525, 207837, 54753, 50, '19.50000', '0.00000', NULL, '2019-07-29 17:57:55', '2019-07-29 17:57:55'),
(759526, 207837, 54719, 10, '23.00000', '2.11999', NULL, '2019-07-29 17:58:09', '2019-07-29 17:58:09'),
(759527, 207838, 54741, 11, '4.70000', '1.07000', NULL, '2019-07-29 22:30:29', '2019-07-29 22:30:29'),
(759528, 207838, 54758, 20, '68.00000', '11.00000', NULL, '2019-07-29 22:30:42', '2019-07-29 22:30:42'),
(759529, 207839, 54753, 1000, '19.50000', '0.00000', NULL, '2019-07-29 22:31:13', '2019-07-29 22:31:13'),
(759530, 207839, 54754, 1000, '76.00000', '8.00000', NULL, '2019-07-29 22:31:35', '2019-07-29 22:31:35'),
(759531, 207834, 54756, 1, '110.00000', '0.00000', NULL, '2019-07-30 15:41:30', '2019-07-30 15:41:30'),
(759532, 207834, 54738, 1, '4.70000', '0.00000', NULL, '2019-07-30 15:41:34', '2019-07-30 15:41:34'),
(759533, 207834, 54741, 1, '4.70000', '0.00000', NULL, '2019-07-30 15:41:39', '2019-07-30 15:41:39'),
(759534, 207834, 54725, 1, '5.50000', '0.00000', NULL, '2019-07-30 15:41:48', '2019-07-30 15:41:48'),
(759535, 207834, 54737, 1, '4.70000', '0.00000', NULL, '2019-07-30 15:41:53', '2019-07-30 15:41:53'),
(759536, 207834, 54753, 1, '19.50000', '0.00000', NULL, '2019-07-30 15:41:58', '2019-07-30 15:41:58'),
(759537, 207834, 54754, 1, '76.00000', '0.00000', NULL, '2019-07-30 15:42:03', '2019-07-30 15:42:03'),
(759538, 207834, 54733, 1, '35.00000', '0.00000', NULL, '2019-07-30 15:42:18', '2019-07-30 15:42:18'),
(759539, 207834, 54727, 1, '5.50000', '0.00000', NULL, '2019-07-30 15:42:24', '2019-07-30 15:42:24'),
(759540, 207834, 54740, 1, '320.00000', '0.00000', NULL, '2019-07-30 15:42:34', '2019-07-30 15:42:34'),
(759541, 207834, 54721, 2, '41.00000', '0.00000', NULL, '2019-07-30 15:42:42', '2019-07-30 15:42:42'),
(759542, 207834, 54726, 1, '160.00000', '0.00000', NULL, '2019-07-30 15:43:04', '2019-07-30 15:43:04'),
(759543, 207834, 54723, 1, '7.50000', '0.00000', NULL, '2019-07-30 15:43:20', '2019-07-30 15:43:20'),
(759544, 207834, 54743, 1, '762.00000', '0.00000', NULL, '2019-07-30 15:43:28', '2019-07-30 15:43:28'),
(759545, 207834, 54752, 1, '1.50000', '0.00000', NULL, '2019-07-30 15:43:39', '2019-07-30 15:43:39'),
(759546, 207834, 54739, 1, '320.00000', '0.00000', NULL, '2019-07-30 15:43:45', '2019-07-30 15:43:45'),
(759550, 207840, 54719, 1, '23.00000', '0.00000', NULL, '2019-07-30 15:45:11', '2019-07-30 15:45:11'),
(759551, 207840, 54756, 1, '110.00000', '0.00000', NULL, '2019-07-30 15:45:15', '2019-07-30 15:45:15'),
(759556, 207840, 54725, 1, '5.50000', '0.00000', NULL, '2019-07-30 15:45:37', '2019-07-30 15:45:37'),
(759557, 207840, 54733, 1, '35.00000', '0.00000', NULL, '2019-07-30 15:45:42', '2019-07-30 15:45:42'),
(759558, 207840, 54727, 1, '5.50000', '0.00000', NULL, '2019-07-30 15:45:48', '2019-07-30 15:45:48'),
(759559, 207840, 54740, 1, '320.00000', '0.00000', NULL, '2019-07-30 15:45:56', '2019-07-30 15:45:56'),
(759560, 207840, 54721, 1, '41.00000', '0.00000', NULL, '2019-07-30 15:46:02', '2019-07-30 15:46:02'),
(759561, 207840, 54745, 1, '60.00000', '0.00000', NULL, '2019-07-30 15:46:25', '2019-07-30 15:46:25'),
(759562, 207840, 54723, 2, '7.50000', '0.00000', NULL, '2019-07-30 15:46:32', '2019-07-30 15:46:32'),
(759565, 207840, 54739, 1, '320.00000', '0.00000', NULL, '2019-07-30 15:47:04', '2019-07-30 15:47:04'),
(759566, 207841, 54758, 15, '68.00000', '0.00000', NULL, '2019-07-30 15:59:22', '2019-07-30 15:59:22'),
(759567, 207841, 54719, 35, '23.00000', '0.00000', NULL, '2019-07-30 15:59:43', '2019-07-30 15:59:43'),
(759568, 207842, 54743, 1, '762.00000', '262.60000', NULL, '2019-07-30 16:00:24', '2019-07-30 16:00:24'),
(759569, 207843, 54725, 3, '5.50000', '1.87120', NULL, '2019-07-30 16:01:36', '2019-07-30 16:01:36'),
(759570, 207843, 54738, 5, '4.70000', '1.56000', NULL, '2019-07-30 16:01:54', '2019-07-30 16:01:54'),
(759571, 207844, 54737, 3, '4.70000', '1.07000', NULL, '2019-07-30 16:02:38', '2019-07-30 16:02:38'),
(759574, 207844, 54733, 3, '35.00000', '10.26000', NULL, '2019-07-30 16:04:19', '2019-07-30 16:04:19'),
(759575, 207846, 54738, 1, '4.70000', '1.56000', NULL, '2019-07-30 16:05:18', '2019-07-30 16:05:18'),
(759576, 207846, 54723, 3, '7.50000', '4.01680', NULL, '2019-07-30 16:05:31', '2019-07-30 16:05:31'),
(759577, 207847, 54725, 5, '5.50000', '1.87120', NULL, '2019-07-30 16:06:22', '2019-07-30 16:06:22'),
(759579, 207847, 54724, 1, '130.00000', '17.86009', NULL, '2019-07-30 16:07:11', '2019-07-30 16:07:11'),
(759580, 207848, 54756, 30, '110.00000', '17.84000', NULL, '2019-07-30 16:07:38', '2019-07-30 16:07:38'),
(759581, 207848, 54743, 4, '762.00000', '262.60000', NULL, '2019-07-30 16:08:01', '2019-07-30 16:08:01'),
(759582, 207849, 54754, 45, '76.00000', '8.00000', NULL, '2019-07-30 16:08:45', '2019-07-30 16:08:45'),
(759583, 207849, 54738, 3, '4.70000', '1.56000', NULL, '2019-07-30 16:08:59', '2019-07-30 16:08:59'),
(759584, 207850, 54747, 1, '1000.00000', '85.24000', NULL, '2019-07-30 16:09:49', '2019-07-30 16:09:49'),
(759585, 207850, 54740, 1, '320.00000', '75.36000', NULL, '2019-07-30 16:09:59', '2019-07-30 16:09:59'),
(759586, 207850, 54750, 1, '400.00000', '346.30000', NULL, '2019-07-30 16:10:24', '2019-07-30 16:10:24'),
(759587, 207850, 54748, 2, '450.00000', '112.19287', NULL, '2019-07-30 16:10:42', '2019-07-30 16:10:42'),
(759588, 207851, 54755, 85, '145.00000', '22.16000', NULL, '2019-07-30 16:11:20', '2019-07-30 16:11:20'),
(759589, 207851, 54758, 35, '68.00000', '11.00000', NULL, '2019-07-30 16:11:38', '2019-07-30 16:11:38'),
(759590, 207851, 54753, 350, '19.50000', '0.00000', NULL, '2019-07-30 16:11:58', '2019-07-30 16:11:58'),
(759591, 207852, 54737, 6, '4.70000', '1.07000', NULL, '2019-07-30 16:13:33', '2019-07-30 16:13:33'),
(759592, 207853, 54741, 6, '4.70000', '1.07000', NULL, '2019-07-30 16:23:08', '2019-07-30 16:23:08'),
(759593, 207853, 54755, 3, '145.00000', '22.16000', NULL, '2019-07-30 16:23:20', '2019-07-30 16:23:20'),
(759594, 207854, 54719, 35, '23.00000', '0.00000', NULL, '2019-07-30 16:24:51', '2019-07-30 16:24:51'),
(759595, 207854, 54755, 15, '145.00000', '0.00000', NULL, '2019-07-30 16:25:04', '2019-07-30 16:25:04'),
(759596, 207855, 54758, 15, '68.00000', '11.00000', NULL, '2019-07-30 16:30:53', '2019-07-30 16:30:53'),
(759597, 207855, 54761, 20, '0.50000', '0.21000', NULL, '2019-07-30 16:31:08', '2019-07-30 16:31:08'),
(759598, 207856, 54719, 145, '23.00000', '2.11999', NULL, '2019-07-30 16:35:28', '2019-07-30 16:35:28'),
(759599, 207856, 54727, 3, '5.50000', '1.87120', NULL, '2019-07-30 16:35:41', '2019-07-30 16:35:41'),
(759600, 207857, 54758, 1, '68.00000', '11.00000', NULL, '2019-07-30 17:04:23', '2019-07-30 17:04:23'),
(759601, 207859, 54754, 1, '76.00000', '8.00000', NULL, '2019-07-30 17:21:50', '2019-07-30 17:21:50'),
(759602, 207860, 54758, 5, '68.00000', '11.00000', NULL, '2019-07-30 17:44:10', '2019-07-30 17:44:10'),
(759603, 207860, 54721, 6, '41.00000', '3.59200', NULL, '2019-07-30 17:44:26', '2019-07-30 17:44:26'),
(759604, 207860, 54735, 1, '60.00000', '12.63000', NULL, '2019-07-30 17:44:46', '2019-07-30 17:44:46'),
(759605, 207861, 54756, 6, '110.00000', '17.84000', NULL, '2019-07-30 17:50:11', '2019-07-30 17:50:11'),
(759606, 207862, 54730, 3, '60.00000', '6.29998', NULL, '2019-07-30 17:56:13', '2019-07-30 17:56:13'),
(759607, 207862, 54752, 2, '1.50000', '0.93000', NULL, '2019-07-30 17:56:33', '2019-07-30 17:56:33'),
(759608, 207863, 54719, 15, '23.00000', '2.11999', NULL, '2019-07-30 17:59:59', '2019-07-30 17:59:59'),
(759609, 207863, 54761, 15, '0.50000', '0.21000', NULL, '2019-07-30 18:00:11', '2019-07-30 18:00:11'),
(759610, 207864, 54739, 1, '320.00000', '149.45000', NULL, '2019-07-30 18:01:32', '2019-07-30 18:01:32'),
(759611, 207864, 54758, 300, '68.00000', '11.00000', NULL, '2019-07-30 18:01:39', '2019-07-30 18:01:39'),
(759612, 207864, 54730, 4, '60.00000', '6.29998', NULL, '2019-07-30 18:01:52', '2019-07-30 18:01:52'),
(759613, 207865, 54761, 35, '0.50000', '0.21000', NULL, '2019-07-30 18:03:09', '2019-07-30 18:03:09'),
(759614, 207865, 54754, 125, '76.00000', '8.00000', NULL, '2019-07-30 18:03:30', '2019-07-30 18:03:30'),
(759615, 207866, 54762, 50, '0.60000', '0.17000', NULL, '2019-07-30 18:04:21', '2019-07-30 18:04:21'),
(759616, 207866, 54754, 154, '76.00000', '8.00000', NULL, '2019-07-30 18:04:36', '2019-07-30 18:04:36'),
(759617, 207866, 54758, 55, '68.00000', '11.00000', NULL, '2019-07-30 18:04:52', '2019-07-30 18:04:52'),
(759618, 207867, 54727, 5, '5.50000', '1.87120', NULL, '2019-07-30 18:06:07', '2019-07-30 18:06:07'),
(759619, 207867, 54741, 4, '4.70000', '1.07000', NULL, '2019-07-30 18:06:45', '2019-07-30 18:06:45'),
(759620, 207867, 54719, 300, '23.00000', '2.11999', NULL, '2019-07-30 18:07:05', '2019-07-30 18:07:05'),
(759621, 207868, 54754, 325, '76.00000', '8.00000', NULL, '2019-07-30 18:08:52', '2019-07-30 18:08:52'),
(759622, 207868, 54753, 146, '19.50000', '0.00000', NULL, '2019-07-30 18:09:08', '2019-07-30 18:09:08'),
(759623, 207868, 54761, 15, '0.50000', '0.21000', NULL, '2019-07-30 18:09:25', '2019-07-30 18:09:25'),
(759624, 207869, 54753, 185, '19.50000', '0.00000', NULL, '2019-07-30 18:11:58', '2019-07-30 18:11:58'),
(759625, 207869, 54762, 15, '0.60000', '0.17000', NULL, '2019-07-30 18:12:13', '2019-07-30 18:12:13'),
(759626, 207869, 54726, 4, '160.00000', '13.57120', NULL, '2019-07-30 18:12:25', '2019-07-30 18:12:25'),
(759627, 207869, 54754, 298, '76.00000', '8.00000', NULL, '2019-07-30 18:12:38', '2019-07-30 18:12:38'),
(759628, 207870, 54762, 20, '0.60000', '0.17000', NULL, '2019-07-30 18:14:02', '2019-07-30 18:14:02'),
(759629, 207870, 54719, 45, '23.00000', '2.11999', NULL, '2019-07-30 18:14:16', '2019-07-30 18:14:16'),
(759630, 207870, 54741, 1, '4.70000', '1.07000', NULL, '2019-07-30 18:14:38', '2019-07-30 18:14:38'),
(759631, 207871, 54719, 32, '23.00000', '2.11999', NULL, '2019-07-30 18:25:15', '2019-07-30 18:25:15'),
(759632, 207871, 54756, 45, '110.00000', '17.84000', NULL, '2019-07-30 18:25:32', '2019-07-30 18:25:32'),
(759633, 207871, 54726, 1, '160.00000', '13.57120', NULL, '2019-07-30 18:25:52', '2019-07-30 18:25:52'),
(759634, 207872, 54761, 13, '0.50000', '0.21000', NULL, '2019-07-30 18:26:54', '2019-07-30 18:26:54'),
(759635, 207872, 54740, 7, '320.00000', '75.36000', NULL, '2019-07-30 18:27:06', '2019-07-30 18:27:06'),
(759636, 207873, 54753, 6000, '19.50000', '0.00000', NULL, '2019-07-30 18:28:28', '2019-07-30 18:28:28'),
(759637, 207873, 54758, 100, '68.00000', '11.00000', NULL, '2019-07-30 18:28:40', '2019-07-30 18:28:40'),
(759638, 207873, 54719, 10, '23.00000', '2.11999', NULL, '2019-07-30 18:28:54', '2019-07-30 18:28:54'),
(759639, 207874, 54756, 35, '110.00000', '17.84000', NULL, '2019-07-30 18:29:43', '2019-07-30 18:29:43'),
(759640, 207874, 54754, 563, '76.00000', '8.00000', NULL, '2019-07-30 18:30:09', '2019-07-30 18:30:09'),
(759641, 207874, 54745, 4, '60.00000', '54.54000', NULL, '2019-07-30 18:30:21', '2019-07-30 18:30:21'),
(759642, 207874, 54722, 1, '5.00000', '1.37120', NULL, '2019-07-30 18:30:37', '2019-07-30 18:30:37'),
(759643, 207874, 54733, 6, '35.00000', '10.26000', NULL, '2019-07-30 18:31:04', '2019-07-30 18:31:04'),
(759644, 207874, 54739, 3, '320.00000', '149.45000', NULL, '2019-07-30 18:31:26', '2019-07-30 18:31:26'),
(759645, 207875, 54724, 1, '130.00000', '17.86009', NULL, '2019-07-30 18:32:23', '2019-07-30 18:32:23'),
(759646, 207876, 54731, 1, '950.00000', '50.01000', NULL, '2019-07-30 18:32:56', '2019-07-30 18:32:56'),
(759647, 207876, 54753, 45, '19.50000', '0.00000', NULL, '2019-07-30 18:33:06', '2019-07-30 18:33:06'),
(759648, 207876, 54754, 25, '76.00000', '8.00000', NULL, '2019-07-30 18:33:25', '2019-07-30 18:33:25'),
(759649, 207877, 54753, 145, '19.50000', '0.00000', NULL, '2019-07-30 18:35:17', '2019-07-30 18:35:17'),
(759650, 207877, 54730, 1, '60.00000', '6.29998', NULL, '2019-07-30 18:35:34', '2019-07-30 18:35:34'),
(759651, 207877, 54754, 956, '76.00000', '8.00000', NULL, '2019-07-30 18:35:43', '2019-07-30 18:35:43'),
(759652, 207878, 54756, 13, '110.00000', '17.84000', NULL, '2019-07-30 18:36:29', '2019-07-30 18:36:29'),
(759653, 207878, 54753, 3, '19.50000', '0.00000', NULL, '2019-07-30 18:36:47', '2019-07-30 18:36:47'),
(759654, 207879, 54754, 3, '76.00000', '8.00000', NULL, '2019-07-30 18:38:11', '2019-07-30 18:38:11'),
(759655, 207879, 54762, 2, '0.60000', '0.17000', NULL, '2019-07-30 18:38:22', '2019-07-30 18:38:22'),
(759656, 207879, 54723, 1, '7.50000', '4.01680', NULL, '2019-07-30 18:38:34', '2019-07-30 18:38:34'),
(759657, 207879, 54721, 1, '41.00000', '3.59200', NULL, '2019-07-30 18:38:53', '2019-07-30 18:38:53'),
(759658, 207880, 54762, 1, '0.60000', '0.17000', NULL, '2019-07-30 18:45:21', '2019-07-30 18:45:21'),
(759659, 207880, 54738, 1, '4.70000', '1.56000', NULL, '2019-07-30 18:45:30', '2019-07-30 18:45:30'),
(759660, 207880, 54758, 5, '68.00000', '11.00000', NULL, '2019-07-30 18:45:39', '2019-07-30 18:45:39'),
(759661, 207881, 54753, 15, '19.50000', '0.00000', NULL, '2019-07-30 18:47:09', '2019-07-30 18:47:09'),
(759662, 207881, 54754, 3, '76.00000', '8.00000', NULL, '2019-07-30 18:47:29', '2019-07-30 18:47:29'),
(759663, 207882, 54754, 3, '76.00000', '8.00000', NULL, '2019-07-30 18:48:56', '2019-07-30 18:48:56'),
(759664, 207882, 54758, 3, '68.00000', '11.00000', NULL, '2019-07-30 18:49:09', '2019-07-30 18:49:09'),
(759665, 207882, 54753, 12, '19.50000', '0.00000', NULL, '2019-07-30 18:49:21', '2019-07-30 18:49:21'),
(759666, 207883, 54758, 1, '68.00000', '11.00000', NULL, '2019-07-30 18:51:03', '2019-07-30 18:51:03'),
(759667, 207883, 54753, 3, '19.50000', '0.00000', NULL, '2019-07-30 18:51:10', '2019-07-30 18:51:10'),
(759668, 207883, 54754, 4, '76.00000', '8.00000', NULL, '2019-07-30 18:51:21', '2019-07-30 18:51:21'),
(759669, 207885, 54754, 4, '76.00000', '8.00000', NULL, '2019-07-30 21:09:12', '2019-07-30 21:09:12'),
(759670, 207885, 54758, 3, '68.00000', '11.00000', NULL, '2019-07-30 21:09:30', '2019-07-30 21:09:30'),
(759671, 207885, 54735, 1, '60.00000', '12.63000', NULL, '2019-07-30 21:09:50', '2019-07-30 21:09:50'),
(759672, 207886, 54762, 10, '0.60000', '0.17000', NULL, '2019-07-30 21:10:33', '2019-07-30 21:10:33'),
(759673, 207888, 54758, 30, '68.00000', '11.00000', NULL, '2019-07-30 21:11:59', '2019-07-30 21:11:59'),
(759674, 207889, 54758, 3, '68.00000', '11.00000', NULL, '2019-07-30 21:16:45', '2019-07-30 21:16:45'),
(759675, 207890, 54727, 1, '5.50000', '1.87120', NULL, '2019-07-30 21:41:56', '2019-07-30 21:41:56'),
(759676, 207891, 54738, 2, '4.70000', '1.20120', NULL, '2019-07-30 22:14:15', '2019-07-30 22:14:15'),
(759678, 207891, 54719, 2, '23.00000', '2.11999', NULL, '2019-07-30 22:14:53', '2019-07-30 22:14:53'),
(759679, 207892, 54758, 2, '68.00000', '11.00000', NULL, '2019-07-30 22:16:17', '2019-07-30 22:16:17'),
(759680, 207892, 54738, 3, '4.70000', '1.20120', NULL, '2019-07-30 22:16:30', '2019-07-30 22:16:30'),
(759681, 207893, 54754, 2, '76.00000', '8.00000', NULL, '2019-07-30 22:17:52', '2019-07-30 22:17:52'),
(759682, 207893, 54738, 3, '4.70000', '1.20120', NULL, '2019-07-30 22:18:05', '2019-07-30 22:18:05'),
(759683, 207894, 54765, 1, '1.50000', '0.79000', NULL, '2019-07-30 22:19:15', '2019-07-30 22:19:15'),
(759684, 207894, 54764, 1, '2.00000', '0.76000', NULL, '2019-07-30 22:19:21', '2019-07-30 22:19:21'),
(759685, 207895, 54754, 3, '76.00000', '8.00000', NULL, '2019-07-30 22:21:33', '2019-07-30 22:21:33'),
(759686, 207895, 54765, 2, '1.50000', '0.79000', NULL, '2019-07-30 22:21:43', '2019-07-30 22:21:43'),
(759687, 207895, 54758, 3, '68.00000', '11.00000', NULL, '2019-07-30 22:21:57', '2019-07-30 22:21:57'),
(759688, 207895, 54730, 1, '60.00000', '6.29998', NULL, '2019-07-30 22:22:11', '2019-07-30 22:22:11'),
(759689, 207895, 54740, 1, '320.00000', '75.36000', NULL, '2019-07-30 22:22:27', '2019-07-30 22:22:27'),
(759690, 207896, 54754, 1, '76.00000', '8.00000', NULL, '2019-07-30 22:23:35', '2019-07-30 22:23:35'),
(759691, 207897, 54727, 1, '5.50000', '1.87120', NULL, '2019-07-30 22:26:59', '2019-07-30 22:26:59'),
(759692, 207898, 54753, 9, '19.50000', '0.00000', NULL, '2019-07-30 22:29:32', '2019-07-30 22:29:32'),
(759693, 207901, 54754, 5, '76.00000', '8.00000', NULL, '2019-07-31 14:04:59', '2019-07-31 14:04:59'),
(759694, 207901, 54766, 3, '2.00000', '1.05000', NULL, '2019-07-31 14:05:11', '2019-07-31 14:05:11'),
(759695, 207901, 54736, 1, '95.00000', '17.39000', NULL, '2019-07-31 14:05:36', '2019-07-31 14:05:36'),
(759696, 207902, 54738, 3, '4.70000', '1.20120', NULL, '2019-07-31 14:07:56', '2019-07-31 14:07:56'),
(759697, 207902, 54753, 13, '19.50000', '0.00000', NULL, '2019-07-31 14:08:08', '2019-07-31 14:08:08'),
(759698, 207902, 54764, 5, '2.00000', '0.76000', NULL, '2019-07-31 14:08:19', '2019-07-31 14:08:19'),
(759699, 207903, 54754, 7, '76.00000', '8.00000', NULL, '2019-07-31 14:10:39', '2019-07-31 14:10:39'),
(759700, 207904, 54753, 2, '19.50000', '0.00000', NULL, '2019-07-31 14:13:33', '2019-07-31 14:13:33'),
(759701, 207904, 54758, 3, '68.00000', '11.00000', NULL, '2019-07-31 14:13:46', '2019-07-31 14:13:46'),
(759702, 207904, 54719, 5, '23.00000', '2.11999', NULL, '2019-07-31 14:13:59', '2019-07-31 14:13:59'),
(759703, 207905, 54754, 3, '76.00000', '8.00000', NULL, '2019-07-31 14:16:52', '2019-07-31 14:16:52'),
(759704, 207905, 54758, 2, '68.00000', '11.00000', NULL, '2019-07-31 14:17:12', '2019-07-31 14:17:12'),
(759706, 207905, 54744, 1, '350.00000', '95.80000', NULL, '2019-07-31 14:18:14', '2019-07-31 14:18:14'),
(759707, 207906, 54767, 5, '3.00000', '2.05000', NULL, '2019-07-31 14:18:52', '2019-07-31 14:18:52'),
(759708, 207906, 54753, 3, '19.50000', '0.00000', NULL, '2019-07-31 14:19:14', '2019-07-31 14:19:14'),
(759709, 207907, 54752, 1, '1.50000', '0.93000', NULL, '2019-07-31 14:20:43', '2019-07-31 14:20:43'),
(759710, 207907, 54766, 14, '2.00000', '1.05000', NULL, '2019-07-31 14:21:01', '2019-07-31 14:21:01'),
(759711, 207908, 54754, 3, '76.00000', '8.00000', NULL, '2019-07-31 14:24:30', '2019-07-31 14:24:30'),
(759712, 207909, 54754, 20, '76.00000', '8.00000', NULL, '2019-07-31 14:24:40', '2019-07-31 14:24:40'),
(759713, 207908, 54753, 3, '19.50000', '0.00000', NULL, '2019-07-31 14:24:45', '2019-07-31 14:24:45'),
(759714, 207909, 54758, 5, '68.00000', '11.00000', NULL, '2019-07-31 14:25:05', '2019-07-31 14:25:05'),
(759715, 207908, 54758, 2, '68.00000', '11.00000', NULL, '2019-07-31 14:25:16', '2019-07-31 14:25:16'),
(759716, 207910, 54754, 32, '76.00000', '8.00000', NULL, '2019-07-31 14:28:06', '2019-07-31 14:28:06'),
(759717, 207911, 54754, 5, '76.00000', '8.00000', NULL, '2019-07-31 14:29:20', '2019-07-31 14:29:20'),
(759718, 207911, 54767, 3, '3.00000', '2.05000', NULL, '2019-07-31 14:29:41', '2019-07-31 14:29:41'),
(759719, 207912, 54754, 25, '76.00000', '8.00000', NULL, '2019-07-31 14:38:33', '2019-07-31 14:38:33'),
(759720, 207912, 54765, 1, '1.50000', '0.79000', NULL, '2019-07-31 14:38:54', '2019-07-31 14:38:54'),
(759721, 207913, 54754, 5, '76.00000', '8.00000', NULL, '2019-07-31 14:41:20', '2019-07-31 14:41:20'),
(759722, 207914, 54758, 1, '68.00000', '11.00000', NULL, '2019-07-31 14:41:25', '2019-07-31 14:41:25'),
(759723, 207914, 54753, 1, '19.50000', '0.00000', NULL, '2019-07-31 14:41:34', '2019-07-31 14:41:34'),
(759724, 207915, 54735, 50, '60.00000', '12.43100', NULL, '2019-07-31 14:44:41', '2019-07-31 14:44:41'),
(759725, 207915, 54730, 5, '60.00000', '6.30000', NULL, '2019-07-31 14:44:53', '2019-07-31 14:44:53'),
(759726, 207915, 54767, 5, '3.00000', '2.05000', NULL, '2019-07-31 14:45:09', '2019-07-31 14:45:09'),
(759727, 207915, 54750, 10, '400.00000', '346.30000', NULL, '2019-07-31 14:45:27', '2019-07-31 14:45:27'),
(759728, 207915, 54758, 20, '68.00000', '11.00000', NULL, '2019-07-31 14:45:45', '2019-07-31 14:45:45'),
(759729, 207916, 54750, 5, '400.00000', '346.30000', NULL, '2019-07-31 14:45:50', '2019-07-31 14:45:50'),
(759730, 207916, 54758, 3, '68.00000', '11.00000', NULL, '2019-07-31 14:46:02', '2019-07-31 14:46:02'),
(759731, 207916, 54738, 3, '4.70000', '1.20120', NULL, '2019-07-31 14:46:51', '2019-07-31 14:46:51'),
(759732, 207917, 54738, 20, '4.70000', '1.20120', NULL, '2019-07-31 14:47:12', '2019-07-31 14:47:12'),
(759734, 207919, 54729, 1, '4000.00000', '500.00000', NULL, '2019-07-31 14:49:07', '2019-07-31 14:49:07'),
(759735, 207919, 54754, 3, '76.00000', '8.00000', NULL, '2019-07-31 14:49:16', '2019-07-31 14:49:16'),
(759736, 207920, 54754, 35, '76.00000', '8.00000', NULL, '2019-07-31 14:50:27', '2019-07-31 14:50:27'),
(759737, 207921, 54729, 20, '4000.00000', '500.00000', NULL, '2019-07-31 15:09:52', '2019-07-31 15:09:52'),
(759738, 207921, 54736, 6, '95.00000', '17.39000', NULL, '2019-07-31 15:10:10', '2019-07-31 15:10:10'),
(759739, 207923, 54753, 10, '19.50000', '0.00000', NULL, '2019-07-31 15:24:36', '2019-07-31 15:24:36'),
(759740, 207925, 54754, 20, '76.00000', '8.00000', NULL, '2019-07-31 15:30:58', '2019-07-31 15:30:58'),
(759741, 207925, 54736, 10, '95.00000', '17.39000', NULL, '2019-07-31 15:31:12', '2019-07-31 15:31:12'),
(759742, 207927, 54730, 40, '60.00000', '6.30000', NULL, '2019-07-31 15:59:58', '2019-07-31 15:59:58'),
(759744, 207927, 54764, 13, '2.00000', '0.76000', NULL, '2019-07-31 16:00:52', '2019-07-31 16:00:52'),
(759745, 207928, 54736, 1, '95.00000', '17.39000', NULL, '2019-07-31 16:01:59', '2019-07-31 16:01:59'),
(759746, 207930, 54754, 250, '76.00000', '8.00000', NULL, '2019-07-31 16:08:49', '2019-07-31 16:08:49'),
(759747, 207931, 54754, 3, '76.00000', '8.00000', NULL, '2019-07-31 16:09:06', '2019-07-31 16:09:06'),
(759748, 207930, 54770, 200, '5.00000', '1.50000', NULL, '2019-07-31 16:09:17', '2019-07-31 16:09:17'),
(759749, 207931, 54753, 1, '19.50000', '0.00000', NULL, '2019-07-31 16:09:17', '2019-07-31 16:09:17'),
(759750, 207932, 54768, 4, '120.00000', '20.00000', NULL, '2019-07-31 16:19:36', '2019-07-31 16:19:36');
INSERT INTO `detalle_ventas` (`id`, `venta_id`, `producto_id`, `cantidad`, `precio`, `ganancias`, `serials`, `created_at`, `updated_at`) VALUES
(759751, 207932, 54738, 3, '4.70000', '1.20120', NULL, '2019-07-31 16:19:52', '2019-07-31 16:19:52'),
(759752, 207932, 54735, 1, '60.00000', '12.43100', NULL, '2019-07-31 16:20:08', '2019-07-31 16:20:08'),
(759753, 207933, 54754, 9, '76.00000', '8.00000', NULL, '2019-07-31 16:24:06', '2019-07-31 16:24:06'),
(759754, 207933, 54735, 1, '60.00000', '12.43100', NULL, '2019-07-31 16:24:24', '2019-07-31 16:24:24'),
(759755, 207933, 54768, 5, '120.00000', '20.00000', NULL, '2019-07-31 16:24:36', '2019-07-31 16:24:36'),
(759756, 207935, 54768, 1, '120.00000', '0.00000', NULL, '2019-07-31 16:30:49', '2019-07-31 16:30:49'),
(759757, 207936, 54753, 1, '19.50000', '0.00000', NULL, '2019-07-31 16:33:21', '2019-07-31 16:33:21'),
(759758, 207937, 54768, 7, '120.00000', '20.00000', NULL, '2019-07-31 16:34:06', '2019-07-31 16:34:06'),
(759761, 207938, 54753, 20, '19.50000', '0.00000', NULL, '2019-07-31 16:41:39', '2019-07-31 16:41:39'),
(759762, 207939, 54754, 5, '76.00000', '8.00000', NULL, '2019-07-31 16:41:52', '2019-07-31 16:41:52'),
(759763, 207938, 54735, 10, '60.00000', '12.43100', NULL, '2019-07-31 16:42:17', '2019-07-31 16:42:17'),
(759765, 207941, 54771, 2, '250.00000', '50.00000', NULL, '2019-07-31 16:55:09', '2019-07-31 16:55:09'),
(759766, 207942, 54754, 80, '76.00000', '8.00000', NULL, '2019-07-31 17:01:52', '2019-07-31 17:01:52'),
(759767, 207942, 54771, 2, '250.00000', '50.00000', NULL, '2019-07-31 17:01:52', '2019-07-31 17:01:52'),
(759768, 207942, 54721, 1, '41.00000', '3.59200', NULL, '2019-07-31 17:01:52', '2019-07-31 17:01:52'),
(759769, 207944, 54754, 15, '76.00000', '8.00000', NULL, '2019-07-31 17:11:10', '2019-07-31 17:11:10'),
(759770, 207945, 54753, 1, '19.50000', '0.00000', NULL, '2019-07-31 17:13:42', '2019-07-31 17:13:42'),
(759771, 207946, 54769, 1, '87.00000', '21.00000', NULL, '2019-07-31 17:14:13', '2019-07-31 17:14:13'),
(759772, 207947, 54754, 10, '76.00000', '8.00000', NULL, '2019-07-31 17:21:36', '2019-07-31 17:21:36'),
(759773, 207950, 54754, 50, '76.00000', '8.00000', NULL, '2019-07-31 17:29:47', '2019-07-31 17:29:47'),
(759774, 207948, 54719, 3, '23.00000', '2.11999', NULL, '2019-07-31 17:30:05', '2019-07-31 17:30:05'),
(759775, 207948, 54726, 1, '160.00000', '13.57120', NULL, '2019-07-31 17:30:41', '2019-07-31 17:30:41'),
(759776, 207948, 54735, 5, '60.00000', '12.43100', NULL, '2019-07-31 17:32:01', '2019-07-31 17:32:01'),
(759778, 207952, 54753, 1, '19.50000', '0.00000', NULL, '2019-07-31 17:37:30', '2019-07-31 17:37:30'),
(759779, 207953, 54770, 1, '5.00000', '0.00000', NULL, '2019-07-31 17:42:46', '2019-07-31 17:42:46'),
(759781, 207956, 54754, 5, '76.00000', '8.00000', NULL, '2019-07-31 17:52:20', '2019-07-31 17:52:20'),
(759782, 207957, 54735, 25, '60.00000', '12.43100', NULL, '2019-07-31 18:04:39', '2019-07-31 18:04:39'),
(759783, 207958, 54754, 5, '76.00000', '8.00000', NULL, '2019-07-31 18:08:15', '2019-07-31 18:08:15'),
(759784, 207958, 54768, 5, '120.00000', '19.92407', NULL, '2019-07-31 18:10:39', '2019-07-31 18:10:39'),
(759785, 207959, 54754, 1, '76.00000', '8.00000', NULL, '2019-07-31 18:15:58', '2019-07-31 18:15:58'),
(759786, 207960, 54754, 1, '76.00000', '8.00000', NULL, '2019-07-31 18:23:25', '2019-07-31 18:23:25'),
(759788, 207962, 54768, 20, '120.00000', '0.00000', NULL, '2019-07-31 21:04:10', '2019-07-31 21:04:10'),
(759789, 207962, 54753, 15, '19.50000', '0.00000', NULL, '2019-07-31 21:04:28', '2019-07-31 21:04:28'),
(759790, 207962, 54770, 5, '5.00000', '0.00000', NULL, '2019-07-31 21:04:47', '2019-07-31 21:04:47'),
(759791, 207963, 54736, 25, '95.00000', '17.39000', NULL, '2019-07-31 21:06:10', '2019-07-31 21:06:10'),
(759792, 207963, 54767, 56, '3.00000', '2.05000', NULL, '2019-07-31 21:06:25', '2019-07-31 21:06:25'),
(759793, 207964, 54758, 20, '68.00000', '11.00000', NULL, '2019-07-31 21:07:03', '2019-07-31 21:07:03'),
(759795, 207966, 54754, 10, '76.00000', '7.89741', NULL, '2019-07-31 21:10:36', '2019-07-31 21:10:36'),
(759796, 207967, 54730, 10, '60.00000', '6.30000', NULL, '2019-07-31 21:16:41', '2019-07-31 21:16:41'),
(759797, 207969, 54754, 75, '76.00000', '0.00000', NULL, '2019-07-31 21:29:02', '2019-07-31 21:29:02'),
(759798, 207969, 54771, 2, '250.00000', '0.00000', NULL, '2019-07-31 21:29:28', '2019-07-31 21:29:28'),
(759799, 207971, 54720, 10, '10.00000', '1.81000', NULL, '2019-07-31 21:36:33', '2019-07-31 21:36:33'),
(759800, 207970, 54720, 100, '10.00000', '1.81000', NULL, '2019-07-31 21:42:17', '2019-07-31 21:42:17'),
(759801, 207973, 54754, 150, '76.00000', '7.89741', NULL, '2019-07-31 21:43:44', '2019-07-31 21:43:44'),
(759802, 207973, 54719, 120, '23.00000', '2.12000', NULL, '2019-07-31 21:44:04', '2019-07-31 21:44:04'),
(759803, 207973, 54771, 2, '250.00000', '50.00000', NULL, '2019-07-31 21:44:26', '2019-07-31 21:44:26'),
(759804, 207972, 54754, 40, '76.00000', '7.89741', NULL, '2019-07-31 21:50:39', '2019-07-31 21:50:39'),
(759805, 207972, 54771, 2, '250.00000', '50.00000', NULL, '2019-07-31 21:51:06', '2019-07-31 21:51:06'),
(759806, 207974, 54719, 25, '23.00000', '2.12000', NULL, '2019-07-31 21:54:34', '2019-07-31 21:54:34'),
(759808, 207974, 54758, 42, '68.00000', '11.00000', NULL, '2019-07-31 21:55:46', '2019-07-31 21:55:46'),
(759809, 207976, 54720, 3, '10.00000', '1.81000', NULL, '2019-07-31 22:15:16', '2019-07-31 22:15:16'),
(759810, 207976, 54756, 65, '110.00000', '17.84000', NULL, '2019-07-31 22:15:28', '2019-07-31 22:15:28'),
(759811, 207977, 54754, 150, '76.00000', '7.89741', NULL, '2019-07-31 22:29:01', '2019-07-31 22:29:01'),
(759812, 207977, 54756, 30, '110.00000', '17.84000', NULL, '2019-07-31 22:29:20', '2019-07-31 22:29:20'),
(759813, 207978, 54720, 1000, '10.00000', '1.81000', NULL, '2019-07-31 22:34:35', '2019-07-31 22:34:35'),
(759814, 207979, 54719, 353, '23.00000', '2.12000', NULL, '2019-07-31 22:34:59', '2019-07-31 22:34:59'),
(759815, 207980, 54768, 53, '120.00000', '19.92407', NULL, '2019-07-31 22:35:24', '2019-07-31 22:35:24'),
(759816, 207981, 54720, 100, '10.00000', '1.81000', NULL, '2019-07-31 22:36:47', '2019-07-31 22:36:47'),
(759817, 207982, 54754, 300, '76.00000', '7.89741', NULL, '2019-07-31 22:37:58', '2019-07-31 22:37:58'),
(759818, 207983, 54756, 20, '110.00000', '17.84000', NULL, '2019-07-31 22:38:00', '2019-07-31 22:38:00'),
(759819, 207984, 54749, 30, '25.00000', '5.00000', NULL, '2019-07-31 22:38:20', '2019-07-31 22:38:20'),
(759820, 207985, 54721, 1000, '41.00000', '3.60000', NULL, '2019-07-31 22:39:10', '2019-07-31 22:39:10'),
(759821, 207986, 54754, 1, '76.00000', '0.00000', NULL, '2019-07-31 23:32:43', '2019-07-31 23:32:43'),
(759822, 207988, 54772, 15, '76.00000', '13.00000', NULL, '2019-08-01 14:09:48', '2019-08-01 14:09:48'),
(759823, 207988, 54720, 10, '10.00000', '1.81000', NULL, '2019-08-01 14:10:13', '2019-08-01 14:10:13'),
(759824, 207989, 54767, 3, '3.00000', '2.05000', NULL, '2019-08-01 14:13:51', '2019-08-01 14:13:51'),
(759825, 207989, 54720, 5, '10.00000', '1.81000', NULL, '2019-08-01 14:16:29', '2019-08-01 14:16:29'),
(759826, 207990, 54749, 1, '25.00000', '5.00000', NULL, '2019-08-01 14:19:52', '2019-08-01 14:19:52'),
(759827, 207990, 54753, 1, '19.50000', '0.00000', NULL, '2019-08-01 14:20:53', '2019-08-01 14:20:53'),
(759828, 207990, 54754, 10, '76.00000', '7.89741', NULL, '2019-08-01 14:22:40', '2019-08-01 14:22:40'),
(759829, 207991, 54719, 39, '23.00000', '2.12000', NULL, '2019-08-01 14:29:23', '2019-08-01 14:29:23'),
(759830, 207991, 54720, 60, '10.00000', '1.81000', NULL, '2019-08-01 14:30:27', '2019-08-01 14:30:27'),
(759831, 207992, 54749, 1000, '25.00000', '5.00000', NULL, '2019-08-01 14:33:18', '2019-08-01 14:33:18'),
(759832, 207993, 54756, 200, '110.00000', '17.84000', NULL, '2019-08-01 14:34:03', '2019-08-01 14:34:03'),
(759833, 207994, 54754, 15, '76.00000', '7.89741', NULL, '2019-08-01 14:39:29', '2019-08-01 14:39:29'),
(759834, 207994, 54719, 17, '23.00000', '2.12000', NULL, '2019-08-01 14:39:42', '2019-08-01 14:39:42'),
(759835, 207995, 54754, 5, '76.00000', '7.89741', NULL, '2019-08-01 14:41:48', '2019-08-01 14:41:48'),
(759836, 207995, 54719, 13, '23.00000', '2.12000', NULL, '2019-08-01 14:42:16', '2019-08-01 14:42:16'),
(759837, 207996, 54754, 5, '76.00000', '7.89741', NULL, '2019-08-01 14:47:38', '2019-08-01 14:47:38'),
(759839, 207997, 54738, 10, '4.70000', '1.20120', NULL, '2019-08-01 14:55:56', '2019-08-01 14:55:56'),
(759840, 207999, 54756, 15, '100.00000', '7.84000', NULL, '2019-08-01 14:57:39', '2019-08-01 14:57:39'),
(759841, 208001, 54754, 15, '74.00000', '5.89804', NULL, '2019-08-01 14:59:05', '2019-08-01 14:59:05'),
(759843, 208002, 54753, 15, '19.50000', '0.00000', NULL, '2019-08-01 14:59:54', '2019-08-01 14:59:54'),
(759844, 208003, 54754, 1, '76.00000', '7.89804', NULL, '2019-08-01 15:01:35', '2019-08-01 15:01:35'),
(759845, 208004, 54754, 15, '74.00000', '5.89804', NULL, '2019-08-01 15:03:33', '2019-08-01 15:03:33'),
(759846, 208005, 54756, 5, '110.00000', '17.84000', NULL, '2019-08-01 15:05:31', '2019-08-01 15:05:31'),
(759847, 208005, 54754, 10, '76.00000', '7.89804', NULL, '2019-08-01 15:05:31', '2019-08-01 15:05:31'),
(759849, 208007, 54754, 80, '76.00000', '7.89804', NULL, '2019-08-01 15:21:13', '2019-08-01 15:21:13'),
(759850, 208008, 54720, 1, '10.00000', '1.81000', NULL, '2019-08-01 15:25:07', '2019-08-01 15:25:07'),
(759851, 208009, 54754, 10, '76.00000', '7.89804', NULL, '2019-08-01 15:30:22', '2019-08-01 15:30:22'),
(759852, 208009, 54719, 65, '23.00000', '2.12000', NULL, '2019-08-01 15:31:13', '2019-08-01 15:31:13'),
(759853, 208009, 54723, 2, '7.50000', '4.01680', NULL, '2019-08-01 15:32:01', '2019-08-01 15:32:01'),
(759854, 208010, 54754, 5, '76.00000', '7.89804', NULL, '2019-08-01 15:35:15', '2019-08-01 15:35:15'),
(759855, 208011, 54754, 20, '74.00000', '5.89804', NULL, '2019-08-01 15:42:43', '2019-08-01 15:42:43'),
(759856, 208012, 54754, 10, '74.00000', '5.89804', NULL, '2019-08-01 15:46:20', '2019-08-01 15:46:20'),
(759857, 208012, 54719, 10, '19.00000', '-1.88000', NULL, '2019-08-01 15:46:20', '2019-08-01 15:46:20'),
(759858, 208014, 54754, 1, '76.00000', '0.00000', NULL, '2019-08-01 15:57:05', '2019-08-01 15:57:05'),
(759859, 208013, 54720, 10, '10.00000', '1.81000', NULL, '2019-08-01 15:57:13', '2019-08-01 15:57:13'),
(759860, 208013, 54719, 10, '23.00000', '2.12000', NULL, '2019-08-01 15:57:26', '2019-08-01 15:57:26'),
(759861, 208013, 54721, 11, '41.00000', '3.60000', NULL, '2019-08-01 15:57:39', '2019-08-01 15:57:39'),
(759862, 208015, 54756, 90, '110.00000', '17.84000', NULL, '2019-08-01 15:58:33', '2019-08-01 15:58:33'),
(759863, 208016, 54754, 100, '76.00000', '7.89804', NULL, '2019-08-01 15:59:22', '2019-08-01 15:59:22'),
(759864, 208016, 54721, 50, '41.00000', '3.60000', NULL, '2019-08-01 15:59:39', '2019-08-01 15:59:39'),
(759865, 208017, 54754, 23, '76.00000', '7.89804', NULL, '2019-08-01 16:00:46', '2019-08-01 16:00:46'),
(759866, 208017, 54719, 25, '23.00000', '2.12000', NULL, '2019-08-01 16:01:04', '2019-08-01 16:01:04'),
(759867, 208018, 54720, 1, '10.00000', '1.81000', NULL, '2019-08-01 16:20:44', '2019-08-01 16:20:44'),
(759868, 208019, 54754, 3, '76.00000', '7.89804', NULL, '2019-08-01 16:27:13', '2019-08-01 16:27:13'),
(759869, 208019, 54756, 4, '110.00000', '17.84000', NULL, '2019-08-01 16:27:23', '2019-08-01 16:27:23'),
(759870, 208019, 54769, 15, '87.00000', '21.00000', NULL, '2019-08-01 16:27:38', '2019-08-01 16:27:38'),
(759871, 208020, 54754, 25, '76.00000', '7.89804', NULL, '2019-08-01 16:29:21', '2019-08-01 16:29:21'),
(759872, 208020, 54757, 250, '73.00000', '11.56000', NULL, '2019-08-01 16:29:35', '2019-08-01 16:29:35'),
(759873, 208021, 54754, 30, '76.00000', '7.89804', NULL, '2019-08-01 16:32:36', '2019-08-01 16:32:36'),
(759874, 208021, 54719, 35, '23.00000', '2.12000', NULL, '2019-08-01 16:32:53', '2019-08-01 16:32:53'),
(759875, 208022, 54719, 12, '23.00000', '2.12000', NULL, '2019-08-01 16:32:58', '2019-08-01 16:32:58'),
(759876, 208022, 54769, 4, '87.00000', '21.00000', NULL, '2019-08-01 16:33:08', '2019-08-01 16:33:08'),
(759877, 208022, 54754, 4, '76.00000', '7.89804', NULL, '2019-08-01 16:33:19', '2019-08-01 16:33:19'),
(759878, 208023, 54754, 40, '76.00000', '7.89804', NULL, '2019-08-01 16:37:34', '2019-08-01 16:37:34'),
(759879, 208024, 54772, 3, '76.00000', '13.00000', NULL, '2019-08-01 16:44:53', '2019-08-01 16:44:53'),
(759880, 208024, 54732, 3, '700.00000', '100.00000', NULL, '2019-08-01 16:45:06', '2019-08-01 16:45:06'),
(759881, 208024, 54767, 2, '3.00000', '2.05000', NULL, '2019-08-01 16:45:27', '2019-08-01 16:45:27'),
(759883, 208025, 54769, 20, '87.00000', '21.00000', NULL, '2019-08-01 16:49:01', '2019-08-01 16:49:01'),
(759884, 208025, 54768, 6, '120.00000', '19.92407', NULL, '2019-08-01 16:49:13', '2019-08-01 16:49:13'),
(759885, 208026, 54768, 3, '120.00000', '19.92407', NULL, '2019-08-01 16:49:37', '2019-08-01 16:49:37'),
(759887, 208026, 54734, 3, '442.00000', '437.58000', NULL, '2019-08-01 16:50:01', '2019-08-01 16:50:01'),
(759888, 208027, 54721, 3, '41.00000', '3.60000', NULL, '2019-08-01 16:56:15', '2019-08-01 16:56:15'),
(759889, 208027, 54720, 4, '10.00000', '1.81000', NULL, '2019-08-01 16:56:26', '2019-08-01 16:56:26'),
(759890, 208027, 54732, 1, '700.00000', '100.00000', NULL, '2019-08-01 16:56:42', '2019-08-01 16:56:42'),
(759891, 208029, 54754, 5, '76.00000', '7.89804', NULL, '2019-08-01 16:58:58', '2019-08-01 16:58:58'),
(759892, 208030, 54753, 250, '19.50000', '0.00000', NULL, '2019-08-01 17:01:46', '2019-08-01 17:01:46'),
(759893, 208030, 54719, 100, '23.00000', '2.12000', NULL, '2019-08-01 17:02:08', '2019-08-01 17:02:08'),
(759894, 208032, 54719, 94, '23.00000', '2.12000', NULL, '2019-08-01 17:08:25', '2019-08-01 17:08:25'),
(759895, 208031, 54754, 20, '76.00000', '7.90071', NULL, '2019-08-01 17:08:52', '2019-08-01 17:08:52'),
(759898, 208036, 54719, 170, '23.00000', '2.12000', NULL, '2019-08-01 17:33:25', '2019-08-01 17:33:25'),
(759899, 208037, 54719, 175, '23.00000', '2.12000', NULL, '2019-08-01 17:48:10', '2019-08-01 17:48:10'),
(759900, 208038, 54720, 300, '10.00000', '1.81000', NULL, '2019-08-01 17:52:12', '2019-08-01 17:52:12'),
(759901, 208038, 54756, 200, '110.00000', '17.84000', NULL, '2019-08-01 17:52:25', '2019-08-01 17:52:25'),
(759902, 208038, 54757, 50, '73.00000', '11.56000', NULL, '2019-08-01 17:52:38', '2019-08-01 17:52:38'),
(759903, 208039, 54754, 110, '76.00000', '7.90071', NULL, '2019-08-01 18:00:38', '2019-08-01 18:00:38'),
(759904, 208040, 54754, 110, '76.00000', '7.90071', NULL, '2019-08-01 18:02:36', '2019-08-01 18:02:36'),
(759905, 208041, 54766, 20, '2.00000', '1.05000', NULL, '2019-08-01 18:06:05', '2019-08-01 18:06:05'),
(759907, 208041, 54754, 100, '76.00000', '7.90071', NULL, '2019-08-01 18:06:33', '2019-08-01 18:06:33'),
(759908, 208042, 54765, 3, '1.50000', '0.79000', NULL, '2019-08-01 18:13:11', '2019-08-01 18:13:11'),
(759909, 208043, 54754, 7, '76.00000', '0.00000', NULL, '2019-08-01 18:18:40', '2019-08-01 18:18:40'),
(759910, 208044, 54754, 7, '76.00000', '0.00000', NULL, '2019-08-01 18:19:35', '2019-08-01 18:19:35'),
(759911, 208045, 54754, 3, '76.00000', '7.90071', NULL, '2019-08-01 18:22:27', '2019-08-01 18:22:27'),
(759912, 208045, 54769, 8, '87.00000', '21.00000', NULL, '2019-08-01 18:22:39', '2019-08-01 18:22:39'),
(759913, 208046, 54756, 3, '110.00000', '17.84000', NULL, '2019-08-01 18:23:11', '2019-08-01 18:23:11'),
(759914, 208046, 54772, 5, '76.00000', '13.00000', NULL, '2019-08-01 18:23:24', '2019-08-01 18:23:24'),
(759915, 208046, 54725, 1, '5.50000', '1.87120', NULL, '2019-08-01 18:23:39', '2019-08-01 18:23:39'),
(759916, 208047, 54719, 91, '23.00000', '2.12000', NULL, '2019-08-01 18:31:58', '2019-08-01 18:31:58'),
(759917, 208047, 54721, 49, '41.00000', '3.60000', NULL, '2019-08-01 18:32:41', '2019-08-01 18:32:41'),
(759918, 208047, 54773, 10, '250.00000', '25.00000', NULL, '2019-08-01 18:33:08', '2019-08-01 18:33:08'),
(759919, 208048, 54754, 10, '76.00000', '7.90071', NULL, '2019-08-01 18:33:28', '2019-08-01 18:33:28'),
(759920, 208049, 54757, 15, '73.00000', '11.56000', NULL, '2019-08-01 18:36:54', '2019-08-01 18:36:54'),
(759921, 208049, 54719, 39, '23.00000', '2.12000', NULL, '2019-08-01 18:37:21', '2019-08-01 18:37:21'),
(759922, 208049, 54721, 56, '41.00000', '3.60000', NULL, '2019-08-01 18:38:25', '2019-08-01 18:38:25'),
(759923, 208050, 54754, 3, '76.00000', '7.90071', NULL, '2019-08-01 20:25:16', '2019-08-01 20:25:16'),
(759924, 208050, 54720, 1, '10.00000', '1.81000', NULL, '2019-08-01 20:25:28', '2019-08-01 20:25:28'),
(759925, 208050, 54768, 1, '120.00000', '19.92407', NULL, '2019-08-01 20:25:38', '2019-08-01 20:25:38'),
(759926, 208051, 54756, 3, '110.00000', '17.84000', NULL, '2019-08-01 20:56:01', '2019-08-01 20:56:01'),
(759927, 208051, 54754, 2, '76.00000', '7.90071', NULL, '2019-08-01 20:56:22', '2019-08-01 20:56:22'),
(759928, 208052, 54768, 5, '120.00000', '19.92407', NULL, '2019-08-01 20:57:21', '2019-08-01 20:57:21'),
(759929, 208052, 54753, 1, '19.50000', '0.00000', NULL, '2019-08-01 20:57:36', '2019-08-01 20:57:36'),
(759930, 208053, 54757, 5, '73.00000', '11.56000', NULL, '2019-08-01 21:06:30', '2019-08-01 21:06:30'),
(759931, 208053, 54754, 25, '76.00000', '7.90071', NULL, '2019-08-01 21:06:55', '2019-08-01 21:06:55'),
(759932, 208054, 54754, 2, '76.00000', '7.90071', NULL, '2019-08-01 21:10:55', '2019-08-01 21:10:55'),
(759933, 208054, 54719, 4, '23.00000', '2.12000', NULL, '2019-08-01 21:11:04', '2019-08-01 21:11:04'),
(759934, 208054, 54753, 2, '19.50000', '0.00000', NULL, '2019-08-01 21:11:15', '2019-08-01 21:11:15'),
(759935, 208054, 54735, 3, '60.00000', '12.43100', NULL, '2019-08-01 21:11:29', '2019-08-01 21:11:29'),
(759936, 208055, 54720, 3, '10.00000', '1.81000', NULL, '2019-08-01 21:12:59', '2019-08-01 21:12:59'),
(759937, 208055, 54769, 2, '87.00000', '21.00000', NULL, '2019-08-01 21:13:11', '2019-08-01 21:13:11'),
(759938, 208055, 54771, 1, '250.00000', '50.00000', NULL, '2019-08-01 21:13:26', '2019-08-01 21:13:26'),
(759939, 208056, 54720, 3, '10.00000', '1.81000', NULL, '2019-08-01 21:19:03', '2019-08-01 21:19:03'),
(759940, 208057, 54757, 3, '73.00000', '11.56000', NULL, '2019-08-01 21:25:47', '2019-08-01 21:25:47'),
(759943, 208059, 54736, 10, '95.00000', '17.39000', NULL, '2019-08-01 21:47:26', '2019-08-01 21:47:26'),
(759944, 208060, 54736, 10, '95.00000', '17.39000', NULL, '2019-08-01 21:50:40', '2019-08-01 21:50:40'),
(759947, 208062, 54754, 80, '76.00000', '7.90071', NULL, '2019-08-01 22:01:00', '2019-08-01 22:01:00'),
(759948, 208062, 54756, 75, '110.00000', '17.84000', NULL, '2019-08-01 22:01:31', '2019-08-01 22:01:31'),
(759949, 208063, 54754, 10, '76.00000', '7.90071', NULL, '2019-08-01 22:10:15', '2019-08-01 22:10:15'),
(759950, 208063, 54720, 15, '10.00000', '1.81000', NULL, '2019-08-01 22:15:27', '2019-08-01 22:15:27'),
(759951, 208064, 54720, 15, '10.00000', '1.81000', NULL, '2019-08-01 22:41:59', '2019-08-01 22:41:59'),
(759952, 208064, 54754, 5, '76.00000', '7.90071', NULL, '2019-08-01 22:42:08', '2019-08-01 22:42:08'),
(759953, 208065, 54756, 3, '110.00000', '17.84000', NULL, '2019-08-01 22:42:11', '2019-08-01 22:42:11'),
(759954, 208064, 54749, 7, '25.00000', '5.00000', NULL, '2019-08-01 22:42:21', '2019-08-01 22:42:21'),
(759955, 208065, 54768, 50, '120.00000', '19.92407', NULL, '2019-08-01 22:42:26', '2019-08-01 22:42:26'),
(759956, 208065, 54749, 65, '25.00000', '5.00000', NULL, '2019-08-01 22:42:40', '2019-08-01 22:42:40'),
(759957, 208066, 54770, 75, '5.00000', '1.50000', NULL, '2019-08-01 22:49:03', '2019-08-01 22:49:03'),
(759958, 208066, 54756, 100, '110.00000', '17.84000', NULL, '2019-08-01 22:49:22', '2019-08-01 22:49:22'),
(759959, 208067, 54724, 1, '130.00000', '17.86009', NULL, '2019-08-01 22:50:49', '2019-08-01 22:50:49'),
(759960, 208067, 54719, 2, '23.00000', '2.12000', NULL, '2019-08-01 22:51:32', '2019-08-01 22:51:32'),
(759961, 208067, 54736, 1, '95.00000', '17.39000', NULL, '2019-08-01 22:51:46', '2019-08-01 22:51:46'),
(759962, 208068, 54767, 25, '3.00000', '2.05000', NULL, '2019-08-01 22:52:22', '2019-08-01 22:52:22'),
(759963, 208068, 54772, 10, '76.00000', '13.00000', NULL, '2019-08-01 22:52:37', '2019-08-01 22:52:37'),
(759964, 208068, 54768, 500, '120.00000', '19.92407', NULL, '2019-08-01 22:52:54', '2019-08-01 22:52:54'),
(759965, 208069, 54754, 5, '76.00000', '7.90071', NULL, '2019-08-01 22:54:57', '2019-08-01 22:54:57'),
(759966, 208069, 54719, 11, '23.00000', '2.12000', NULL, '2019-08-01 22:55:09', '2019-08-01 22:55:09'),
(759967, 208069, 54720, 30, '10.00000', '1.81000', NULL, '2019-08-01 22:55:20', '2019-08-01 22:55:20'),
(759968, 208070, 54753, 3, '19.50000', '0.00000', NULL, '2019-08-01 22:58:19', '2019-08-01 22:58:19'),
(759969, 208070, 54756, 4, '110.00000', '17.84000', NULL, '2019-08-01 22:58:37', '2019-08-01 22:58:37'),
(759970, 208071, 54749, 50, '25.00000', '5.00000', NULL, '2019-08-01 22:58:47', '2019-08-01 22:58:47'),
(759971, 208070, 54754, 2, '76.00000', '7.90071', NULL, '2019-08-01 22:58:50', '2019-08-01 22:58:50'),
(759972, 208071, 54766, 20, '2.00000', '1.05000', NULL, '2019-08-01 22:59:00', '2019-08-01 22:59:00'),
(759973, 208071, 54721, 150, '41.00000', '3.60000', NULL, '2019-08-01 22:59:15', '2019-08-01 22:59:15'),
(759974, 208072, 54754, 2, '76.00000', '7.90071', NULL, '2019-08-01 23:01:14', '2019-08-01 23:01:14'),
(759975, 208072, 54720, 30, '10.00000', '1.81000', NULL, '2019-08-01 23:01:29', '2019-08-01 23:01:29'),
(759976, 208072, 54719, 13, '23.00000', '2.12000', NULL, '2019-08-01 23:01:41', '2019-08-01 23:01:41'),
(759977, 208073, 54719, 7, '23.00000', '2.12000', NULL, '2019-08-01 23:02:18', '2019-08-01 23:02:18'),
(759978, 208073, 54720, 3, '10.00000', '1.81000', NULL, '2019-08-01 23:02:31', '2019-08-01 23:02:31'),
(759979, 208073, 54757, 1, '73.00000', '11.56000', NULL, '2019-08-01 23:02:48', '2019-08-01 23:02:48'),
(759980, 208074, 54769, 300, '87.00000', '21.00000', NULL, '2019-08-01 23:03:09', '2019-08-01 23:03:09'),
(759981, 208074, 54729, 50, '4000.00000', '500.00000', NULL, '2019-08-01 23:03:29', '2019-08-01 23:03:29'),
(759982, 208074, 54721, 1000, '41.00000', '3.60000', NULL, '2019-08-01 23:03:41', '2019-08-01 23:03:41'),
(759983, 208075, 54735, 60, '60.00000', '12.43100', NULL, '2019-08-01 23:10:28', '2019-08-01 23:10:28'),
(759984, 208075, 54737, 40, '4.70000', '1.07000', NULL, '2019-08-01 23:10:51', '2019-08-01 23:10:51'),
(759985, 208076, 54756, 5, '110.00000', '17.84000', NULL, '2019-08-01 23:10:57', '2019-08-01 23:10:57'),
(759986, 208076, 54769, 13, '87.00000', '21.00000', NULL, '2019-08-01 23:11:23', '2019-08-01 23:11:23'),
(759987, 208078, 54754, 10, '76.00000', '7.90071', NULL, '2019-08-01 23:14:13', '2019-08-01 23:14:13'),
(759988, 208077, 54756, 800, '110.00000', '17.84000', NULL, '2019-08-01 23:14:17', '2019-08-01 23:14:17'),
(759990, 208080, 54754, 20, '76.00000', '7.90071', NULL, '2019-08-01 23:19:09', '2019-08-01 23:19:09'),
(759991, 208079, 54756, 20, '110.00000', '17.84000', NULL, '2019-08-01 23:19:20', '2019-08-01 23:19:20'),
(759993, 208081, 54721, 28, '41.00000', '3.60000', NULL, '2019-08-01 23:28:18', '2019-08-01 23:28:18'),
(759994, 208082, 54719, 39, '23.00000', '2.12000', NULL, '2019-08-01 23:30:39', '2019-08-01 23:30:39'),
(759995, 208083, 54756, 1, '110.00000', '17.84000', NULL, '2019-08-01 23:42:54', '2019-08-01 23:42:54'),
(759996, 208083, 54719, 1, '23.00000', '2.12000', NULL, '2019-08-01 23:43:20', '2019-08-01 23:43:20'),
(759997, 208083, 54753, 1, '19.50000', '0.00000', NULL, '2019-08-01 23:43:56', '2019-08-01 23:43:56'),
(759998, 208084, 54754, 2, '76.00000', '7.90071', NULL, '2019-08-01 23:50:47', '2019-08-01 23:50:47'),
(759999, 208084, 54753, 1, '19.50000', '0.00000', NULL, '2019-08-01 23:51:41', '2019-08-01 23:51:41'),
(760000, 208084, 54721, 49, '41.00000', '3.60000', NULL, '2019-08-01 23:53:04', '2019-08-01 23:53:04'),
(760001, 208085, 54772, 1, '76.00000', '13.00000', NULL, '2019-08-01 23:54:47', '2019-08-01 23:54:47'),
(760002, 208085, 54720, 2, '10.00000', '1.81000', NULL, '2019-08-01 23:55:50', '2019-08-01 23:55:50'),
(760003, 208086, 54754, 80, '76.00000', '7.90071', NULL, '2019-08-01 23:59:01', '2019-08-01 23:59:01'),
(760004, 208086, 54719, 26, '23.00000', '2.12000', NULL, '2019-08-02 00:00:08', '2019-08-02 00:00:08'),
(760005, 208086, 54735, 10, '60.00000', '12.43100', NULL, '2019-08-02 00:00:36', '2019-08-02 00:00:36'),
(760006, 208087, 54754, 30, '76.00000', '7.90071', NULL, '2019-08-02 00:03:21', '2019-08-02 00:03:21'),
(760007, 208087, 54719, 13, '23.00000', '2.12000', NULL, '2019-08-02 00:03:37', '2019-08-02 00:03:37'),
(760008, 208087, 54723, 1, '7.50000', '4.01680', NULL, '2019-08-02 00:04:03', '2019-08-02 00:04:03'),
(760009, 208087, 54733, 1, '35.00000', '10.26000', NULL, '2019-08-02 00:04:26', '2019-08-02 00:04:26'),
(760010, 208088, 54741, 13, '4.70000', '0.00000', NULL, '2019-08-02 00:08:50', '2019-08-02 00:08:50'),
(760011, 208090, 54720, 36, '10.00000', '1.81000', NULL, '2019-08-02 14:28:06', '2019-08-02 14:28:06'),
(760012, 208090, 54754, 3, '76.00000', '7.90071', NULL, '2019-08-02 14:28:18', '2019-08-02 14:28:18'),
(760013, 208091, 54754, 1100, '76.00000', '7.90071', NULL, '2019-08-02 14:28:25', '2019-08-02 14:28:25'),
(760014, 208090, 54719, 7, '23.00000', '2.12000', NULL, '2019-08-02 14:28:29', '2019-08-02 14:28:29'),
(760015, 208091, 54756, 400, '110.00000', '17.84000', NULL, '2019-08-02 14:28:47', '2019-08-02 14:28:47'),
(760016, 208090, 54738, 1, '4.70000', '1.20120', NULL, '2019-08-02 14:28:48', '2019-08-02 14:28:48'),
(760017, 208091, 54749, 351, '25.00000', '5.00000', NULL, '2019-08-02 14:28:59', '2019-08-02 14:28:59'),
(760018, 208092, 54756, 2, '110.00000', '17.84000', NULL, '2019-08-02 14:29:18', '2019-08-02 14:29:18'),
(760019, 208091, 54721, 50, '41.00000', '3.60000', NULL, '2019-08-02 14:29:27', '2019-08-02 14:29:27'),
(760020, 208092, 54769, 3, '87.00000', '21.00000', NULL, '2019-08-02 14:29:30', '2019-08-02 14:29:30'),
(760021, 208092, 54764, 8, '2.00000', '0.76000', NULL, '2019-08-02 14:29:46', '2019-08-02 14:29:46'),
(760022, 208091, 54762, 40, '0.60000', '0.17000', NULL, '2019-08-02 14:29:52', '2019-08-02 14:29:52'),
(760023, 208092, 54736, 1, '95.00000', '17.39000', NULL, '2019-08-02 14:30:04', '2019-08-02 14:30:04'),
(760024, 208093, 54720, 1, '10.00000', '1.81000', NULL, '2019-08-02 14:30:27', '2019-08-02 14:30:27'),
(760025, 208091, 54750, 10, '400.00000', '346.30000', NULL, '2019-08-02 14:30:29', '2019-08-02 14:30:29'),
(760026, 208093, 54721, 4, '41.00000', '3.60000', NULL, '2019-08-02 14:30:43', '2019-08-02 14:30:43'),
(760027, 208093, 54770, 3, '5.00000', '1.50000', NULL, '2019-08-02 14:30:56', '2019-08-02 14:30:56'),
(760028, 208093, 54729, 1, '4000.00000', '500.00000', NULL, '2019-08-02 14:31:08', '2019-08-02 14:31:08'),
(760029, 208093, 54752, 1, '1.50000', '0.93000', NULL, '2019-08-02 14:31:19', '2019-08-02 14:31:19'),
(760030, 208095, 54756, 7, '110.00000', '17.84000', NULL, '2019-08-02 14:31:59', '2019-08-02 14:31:59'),
(760031, 208095, 54768, 6, '120.00000', '19.92407', NULL, '2019-08-02 14:32:13', '2019-08-02 14:32:13'),
(760032, 208094, 54753, 25, '19.50000', '0.00000', NULL, '2019-08-02 14:32:13', '2019-08-02 14:32:13'),
(760033, 208095, 54769, 3, '87.00000', '21.00000', NULL, '2019-08-02 14:32:22', '2019-08-02 14:32:22'),
(760034, 208094, 54721, 3, '41.00000', '3.60000', NULL, '2019-08-02 14:32:30', '2019-08-02 14:32:30'),
(760035, 208095, 54772, 1, '76.00000', '13.00000', NULL, '2019-08-02 14:32:40', '2019-08-02 14:32:40'),
(760036, 208094, 54761, 10, '0.50000', '0.21000', NULL, '2019-08-02 14:32:44', '2019-08-02 14:32:44'),
(760037, 208095, 54767, 6, '3.00000', '2.05000', NULL, '2019-08-02 14:32:53', '2019-08-02 14:32:53'),
(760038, 208094, 54729, 10, '4000.00000', '500.00000', NULL, '2019-08-02 14:32:59', '2019-08-02 14:32:59'),
(760039, 208096, 54754, 7, '76.00000', '7.90071', NULL, '2019-08-02 14:33:19', '2019-08-02 14:33:19'),
(760040, 208094, 54720, 400, '10.00000', '1.81000', NULL, '2019-08-02 14:33:28', '2019-08-02 14:33:28'),
(760041, 208096, 54769, 2, '87.00000', '21.00000', NULL, '2019-08-02 14:33:33', '2019-08-02 14:33:33'),
(760042, 208094, 54749, 25, '25.00000', '5.00000', NULL, '2019-08-02 14:33:43', '2019-08-02 14:33:43'),
(760043, 208096, 54762, 2, '0.60000', '0.17000', NULL, '2019-08-02 14:33:46', '2019-08-02 14:33:46'),
(760044, 208096, 54735, 6, '60.00000', '12.43100', NULL, '2019-08-02 14:34:03', '2019-08-02 14:34:03'),
(760045, 208094, 54754, 300, '76.00000', '7.90071', NULL, '2019-08-02 14:34:06', '2019-08-02 14:34:06'),
(760046, 208096, 54764, 3, '2.00000', '0.76000', NULL, '2019-08-02 14:34:21', '2019-08-02 14:34:21'),
(760047, 208094, 54772, 1, '76.00000', '13.00000', NULL, '2019-08-02 14:34:37', '2019-08-02 14:34:37'),
(760048, 208098, 54754, 250, '76.00000', '7.90071', NULL, '2019-08-02 14:35:14', '2019-08-02 14:35:14'),
(760049, 208098, 54720, 180, '10.00000', '1.81000', NULL, '2019-08-02 14:35:33', '2019-08-02 14:35:33'),
(760050, 208098, 54736, 100, '95.00000', '17.39000', NULL, '2019-08-02 14:36:53', '2019-08-02 14:36:53'),
(760052, 208097, 54720, 1, '10.00000', '1.81000', NULL, '2019-08-02 14:47:21', '2019-08-02 14:47:21'),
(760053, 208099, 54757, 125, '73.00000', '11.56000', NULL, '2019-08-02 14:47:49', '2019-08-02 14:47:49'),
(760054, 208101, 54769, 4, '87.00000', '21.00000', NULL, '2019-08-02 14:50:04', '2019-08-02 14:50:04'),
(760055, 208101, 54757, 25, '73.00000', '11.56000', NULL, '2019-08-02 14:50:26', '2019-08-02 14:50:26'),
(760056, 208102, 54754, 7, '76.00000', '7.90071', NULL, '2019-08-02 15:03:35', '2019-08-02 15:03:35'),
(760057, 208102, 54719, 4, '23.00000', '2.12000', NULL, '2019-08-02 15:03:45', '2019-08-02 15:03:45'),
(760058, 208102, 54749, 6, '25.00000', '5.00000', NULL, '2019-08-02 15:03:55', '2019-08-02 15:03:55'),
(760059, 208102, 54738, 4, '4.70000', '1.20120', NULL, '2019-08-02 15:04:07', '2019-08-02 15:04:07'),
(760060, 208102, 54750, 2, '400.00000', '346.30000', NULL, '2019-08-02 15:04:20', '2019-08-02 15:04:20'),
(760061, 208103, 54754, 5, '76.00000', '7.90071', NULL, '2019-08-02 15:05:25', '2019-08-02 15:05:25'),
(760062, 208103, 54750, 4, '400.00000', '346.30000', NULL, '2019-08-02 15:05:37', '2019-08-02 15:05:37'),
(760063, 208103, 54753, 4, '19.50000', '0.00000', NULL, '2019-08-02 15:06:03', '2019-08-02 15:06:03'),
(760064, 208104, 54768, 25, '120.00000', '19.92407', NULL, '2019-08-02 15:06:57', '2019-08-02 15:06:57'),
(760065, 208105, 54754, 3, '76.00000', '7.90071', NULL, '2019-08-02 15:07:16', '2019-08-02 15:07:16'),
(760066, 208105, 54769, 5, '87.00000', '21.00000', NULL, '2019-08-02 15:07:28', '2019-08-02 15:07:28'),
(760067, 208105, 54738, 2, '4.70000', '1.20120', NULL, '2019-08-02 15:07:38', '2019-08-02 15:07:38'),
(760068, 208105, 54730, 3, '60.00000', '6.30000', NULL, '2019-08-02 15:07:52', '2019-08-02 15:07:52'),
(760069, 208105, 54750, 2, '400.00000', '346.30000', NULL, '2019-08-02 15:08:15', '2019-08-02 15:08:15'),
(760070, 208106, 54769, 16, '87.00000', '21.00000', NULL, '2019-08-02 15:09:34', '2019-08-02 15:09:34'),
(760071, 208107, 54720, 2, '10.00000', '1.81000', NULL, '2019-08-02 15:09:49', '2019-08-02 15:09:49'),
(760072, 208106, 54749, 2, '25.00000', '5.00000', NULL, '2019-08-02 15:09:59', '2019-08-02 15:09:59'),
(760073, 208107, 54734, 7, '442.00000', '437.58000', NULL, '2019-08-02 15:10:03', '2019-08-02 15:10:03'),
(760074, 208107, 54754, 7, '76.00000', '7.90071', NULL, '2019-08-02 15:10:13', '2019-08-02 15:10:13'),
(760075, 208106, 54729, 3, '4000.00000', '500.00000', NULL, '2019-08-02 15:10:19', '2019-08-02 15:10:19'),
(760076, 208107, 54735, 1, '60.00000', '12.43100', NULL, '2019-08-02 15:10:31', '2019-08-02 15:10:31'),
(760077, 208106, 54772, 2, '76.00000', '13.00000', NULL, '2019-08-02 15:10:45', '2019-08-02 15:10:45'),
(760078, 208108, 54720, 22, '10.00000', '1.81000', NULL, '2019-08-02 15:11:39', '2019-08-02 15:11:39'),
(760079, 208109, 54768, 15, '120.00000', '19.92407', NULL, '2019-08-02 15:11:41', '2019-08-02 15:11:41'),
(760080, 208109, 54753, 3, '19.50000', '0.00000', NULL, '2019-08-02 15:11:54', '2019-08-02 15:11:54'),
(760081, 208108, 54753, 50, '19.50000', '0.00000', NULL, '2019-08-02 15:11:57', '2019-08-02 15:11:57'),
(760082, 208109, 54741, 3, '4.70000', '1.07000', NULL, '2019-08-02 15:12:05', '2019-08-02 15:12:05'),
(760083, 208108, 54757, 67, '73.00000', '11.56000', NULL, '2019-08-02 15:12:17', '2019-08-02 15:12:17'),
(760084, 208109, 54770, 2, '5.00000', '1.50000', NULL, '2019-08-02 15:12:17', '2019-08-02 15:12:17'),
(760085, 208109, 54769, 13, '87.00000', '21.00000', NULL, '2019-08-02 15:12:31', '2019-08-02 15:12:31'),
(760086, 208108, 54719, 5, '23.00000', '2.12000', NULL, '2019-08-02 15:12:47', '2019-08-02 15:12:47'),
(760087, 208109, 54762, 3, '0.60000', '0.17000', NULL, '2019-08-02 15:12:47', '2019-08-02 15:12:47'),
(760088, 208110, 54757, 5, '73.00000', '11.56000', NULL, '2019-08-02 15:13:46', '2019-08-02 15:13:46'),
(760089, 208110, 54753, 5, '19.50000', '0.00000', NULL, '2019-08-02 15:14:03', '2019-08-02 15:14:03'),
(760090, 208110, 54749, 7, '25.00000', '5.00000', NULL, '2019-08-02 15:14:14', '2019-08-02 15:14:14'),
(760091, 208110, 54719, 10, '23.00000', '2.12000', NULL, '2019-08-02 15:14:31', '2019-08-02 15:14:31'),
(760092, 208111, 54754, 5, '76.00000', '7.90071', NULL, '2019-08-02 15:14:48', '2019-08-02 15:14:48'),
(760093, 208111, 54769, 16, '87.00000', '21.00000', NULL, '2019-08-02 15:14:59', '2019-08-02 15:14:59'),
(760094, 208111, 54730, 4, '60.00000', '6.30000', NULL, '2019-08-02 15:15:09', '2019-08-02 15:15:09'),
(760095, 208111, 54750, 2, '400.00000', '346.30000', NULL, '2019-08-02 15:15:21', '2019-08-02 15:15:21'),
(760096, 208112, 54719, 54, '23.00000', '2.12000', NULL, '2019-08-02 15:15:30', '2019-08-02 15:15:30'),
(760097, 208112, 54768, 25, '120.00000', '19.92407', NULL, '2019-08-02 15:15:43', '2019-08-02 15:15:43'),
(760098, 208113, 54749, 6, '25.00000', '5.00000', NULL, '2019-08-02 15:17:11', '2019-08-02 15:17:11'),
(760099, 208113, 54769, 7, '87.00000', '21.00000', NULL, '2019-08-02 15:17:20', '2019-08-02 15:17:20'),
(760100, 208113, 54767, 7, '3.00000', '2.05000', NULL, '2019-08-02 15:17:31', '2019-08-02 15:17:31'),
(760101, 208113, 54730, 7, '60.00000', '6.30000', NULL, '2019-08-02 15:17:45', '2019-08-02 15:17:45'),
(760102, 208114, 54768, 15, '120.00000', '19.92407', NULL, '2019-08-02 15:19:36', '2019-08-02 15:19:36'),
(760103, 208114, 54769, 8, '87.00000', '21.00000', NULL, '2019-08-02 15:19:46', '2019-08-02 15:19:46'),
(760104, 208114, 54739, 3, '320.00000', '149.45000', NULL, '2019-08-02 15:19:56', '2019-08-02 15:19:56'),
(760105, 208115, 54754, 30, '76.00000', '7.90071', NULL, '2019-08-02 15:21:58', '2019-08-02 15:21:58'),
(760106, 208116, 54719, 39, '23.00000', '2.12000', NULL, '2019-08-02 15:24:32', '2019-08-02 15:24:32'),
(760107, 208116, 54754, 15, '76.00000', '7.90071', NULL, '2019-08-02 15:24:44', '2019-08-02 15:24:44'),
(760108, 208117, 54754, 25, '76.00000', '7.90071', NULL, '2019-08-02 15:26:23', '2019-08-02 15:26:23'),
(760109, 208117, 54757, 7, '73.00000', '11.56000', NULL, '2019-08-02 15:26:35', '2019-08-02 15:26:35'),
(760110, 208117, 54739, 4, '320.00000', '149.45000', NULL, '2019-08-02 15:26:56', '2019-08-02 15:26:56'),
(760111, 208117, 54724, 15, '130.00000', '17.86009', NULL, '2019-08-02 15:27:22', '2019-08-02 15:27:22'),
(760112, 208118, 54754, 25, '76.00000', '7.90071', NULL, '2019-08-02 15:29:19', '2019-08-02 15:29:19'),
(760113, 208118, 54739, 10, '320.00000', '149.45000', NULL, '2019-08-02 15:29:41', '2019-08-02 15:29:41');

-- --------------------------------------------------------

--
-- Table structure for table `devoluciones`
--

CREATE TABLE IF NOT EXISTS `devoluciones` (
  `id` int(10) unsigned NOT NULL AUTO_INCREMENT,
  `user_id` int(10) unsigned NOT NULL,
  `tienda_id` int(10) unsigned NOT NULL,
  `cliente_id` int(10) unsigned NOT NULL,
  `venta_id` int(10) unsigned NOT NULL,
  `total` decimal(8,2) NOT NULL DEFAULT '0.00',
  `caja_id` int(11) NOT NULL DEFAULT '0',
  `observaciones` varchar(255) COLLATE utf8_spanish_ci DEFAULT NULL,
  `completed` tinyint(1) NOT NULL DEFAULT '0',
  `created_at` timestamp NOT NULL DEFAULT '0000-00-00 00:00:00',
  `updated_at` timestamp NOT NULL DEFAULT '0000-00-00 00:00:00',
  PRIMARY KEY (`id`),
  KEY `devoluciones_user_id_foreign` (`user_id`),
  KEY `devoluciones_venta_id_foreign` (`venta_id`),
  KEY `devoluciones_tienda_id_foreign` (`tienda_id`),
  KEY `devoluciones_cliente_id_foreign` (`cliente_id`)
) ENGINE=InnoDB  DEFAULT CHARSET=utf8 COLLATE=utf8_spanish_ci AUTO_INCREMENT=56 ;

--
-- Dumping data for table `devoluciones`
--

INSERT INTO `devoluciones` (`id`, `user_id`, `tienda_id`, `cliente_id`, `venta_id`, `total`, `caja_id`, `observaciones`, `completed`, `created_at`, `updated_at`) VALUES
(2, 15, 1, 16, 207598, '100.00', 1, 'le salio mal', 1, '2019-07-08 22:52:07', '2019-07-08 22:56:11'),
(3, 16, 1, 17, 207597, '2300.00', 6, 'El material no era el que el cliente necesitaba', 1, '2019-07-08 22:54:18', '2019-07-08 22:56:28'),
(4, 16, 1, 17, 207607, '600.00', 6, 'devolución  por defecto', 1, '2019-07-08 23:00:55', '2019-07-08 23:03:07'),
(5, 15, 1, 16, 207598, '500.00', 1, 'mal estado', 1, '2019-07-08 23:06:40', '2019-07-08 23:08:41'),
(6, 16, 1, 16, 207598, '20.00', 6, 'por defecto', 1, '2019-07-08 23:06:57', '2019-07-08 23:07:58'),
(7, 16, 1, 17, 207601, '460.00', 1, 'El cliente no deseaba la cantidad que se le despachó', 1, '2019-07-10 15:37:30', '2019-07-10 15:39:00'),
(8, 15, 1, 16, 207598, '280.00', 7, 'por equivocación del producto ', 1, '2019-07-10 15:40:23', '2019-07-10 15:42:16'),
(9, 14, 1, 16, 207598, '0.00', 6, 'Se devuelve el articulo de 	Varilla Lisa 1/4"x6M Aceros de Guatemala por oxido 10/07/2019', 0, '2019-07-10 15:41:29', '2019-07-10 15:41:29'),
(10, 14, 1, 17, 207601, '345.00', 6, 'se devuelve por oxido Varilla Corrugada 3/8"x6M G-40 Aceros de Guatemala el dia 10/07/2019', 1, '2019-07-10 15:45:43', '2019-07-10 15:46:38'),
(11, 15, 1, 17, 207601, '0.00', 7, 'por defectos ', 0, '2019-07-10 15:47:09', '2019-07-10 15:47:09'),
(12, 15, 1, 17, 207601, '230.00', 7, 'devolución ', 1, '2019-07-10 16:33:46', '2019-07-10 16:34:31'),
(13, 14, 1, 21, 207630, '260.00', 6, '2 libras de clavo por medida equivocada', 1, '2019-07-10 16:36:12', '2019-07-10 16:36:57'),
(14, 14, 1, 22, 207638, '14.10', 6, 'devolucion por medida equivocada', 1, '2019-07-10 16:41:46', '2019-07-10 16:42:45'),
(15, 17, 1, 24, 207650, '575.00', 8, 'Devolver 25 por cambio de otro producto .. ya que quiere clavos  10/7/2019', 1, '2019-07-10 17:17:27', '2019-07-10 17:18:36'),
(16, 17, 1, 24, 207654, '900.00', 8, 'por devolucion de 2 tubos', 1, '2019-07-10 17:37:32', '2019-07-10 17:38:40'),
(17, 16, 1, 17, 207601, '115.00', 1, 'dfdsf', 1, '2019-07-10 17:51:17', '2019-07-10 17:53:47'),
(18, 17, 1, 24, 207661, '6500.00', 8, '', 1, '2019-07-10 20:19:23', '2019-07-10 20:19:51'),
(19, 17, 1, 17, 207607, '0.00', 8, 'ñljk', 0, '2019-07-10 20:36:35', '2019-07-10 20:36:35'),
(20, 17, 1, 24, 207661, '6500.00', 7, 'El señor erick barahona devuele la cantidad de 50 costaneras autorizadas por eduardo gueera', 1, '2019-07-11 17:08:01', '2019-07-11 17:31:18'),
(21, 17, 1, 24, 207681, '16100.00', 7, 'devolucion total del producto', 1, '2019-07-11 17:39:50', '2019-07-11 17:42:59'),
(22, 17, 1, 1, 207694, '0.00', 7, 'devolucion por falta de calidad', 0, '2019-07-11 18:14:33', '2019-07-11 18:14:33'),
(23, 17, 1, 1, 207694, '150.00', 7, 'devolución por falta de calidad', 1, '2019-07-11 18:15:41', '2019-07-11 18:16:28'),
(24, 17, 1, 19, 207718, '321.50', 7, 'Luis Julian devolvio el producto ya que se arrepintio ', 1, '2019-07-12 17:42:21', '2019-07-12 17:44:12'),
(25, 17, 1, 25, 207723, '48.50', 7, 'Devolución de mercadería en mal estado.', 1, '2019-07-12 18:33:41', '2019-07-12 18:34:25'),
(26, 19, 1, 17, 207607, '600.00', 7, '', 1, '2019-07-30 17:25:46', '2019-07-30 17:28:09'),
(27, 19, 1, 16, 207608, '4000.00', 7, '', 1, '2019-07-30 17:29:18', '2019-07-30 17:30:01'),
(28, 16, 1, 16, 207837, '230.00', 6, 'devolución porque la cantidad no era la indicada', 1, '2019-07-30 21:30:23', '2019-07-30 21:31:03'),
(29, 16, 1, 78, 207866, '6800.00', 6, 'devolución', 1, '2019-07-30 21:32:25', '2019-07-30 21:33:29'),
(30, 19, 1, 93, 207889, '204.00', 7, 'DEVOLUCION PORQUE NO ERA EL MATERIAL QUE NECESITABA\n', 1, '2019-07-30 21:32:32', '2019-07-30 21:33:36'),
(31, 19, 1, 112, 207925, '760.00', 7, 'devolución por mal estado\n', 1, '2019-07-31 15:35:19', '2019-07-31 15:37:25'),
(32, 19, 1, 119, 207940, '1200.00', 7, 'por que salio de ,mala calidad ', 1, '2019-07-31 17:25:57', '2019-07-31 17:27:05'),
(33, 19, 1, 119, 207951, '1200.00', 7, '', 1, '2019-07-31 17:40:49', '2019-07-31 17:41:00'),
(34, 19, 1, 127, 207954, '380.00', 7, 'Devolución de producto en mal estado', 1, '2019-07-31 17:48:31', '2019-07-31 17:49:06'),
(35, 19, 1, 107, 207918, '1500.00', 7, 'devolucion por mala calidad\n', 1, '2019-07-31 18:00:50', '2019-07-31 18:02:49'),
(36, 20, 1, 22, 207637, '2080.00', 8, 'Se devolvió porque salió defectuoso.', 1, '2019-07-31 20:47:06', '2019-07-31 20:49:17'),
(37, 20, 1, 117, 207961, '1200.00', 8, 'Devolución del producto por mala calidad.', 1, '2019-07-31 21:11:56', '2019-07-31 21:13:34'),
(38, 20, 1, 27, 207667, '94.00', 8, 'Devolución del producto por mala calidad.', 1, '2019-07-31 21:34:01', '2019-07-31 21:34:49'),
(39, 20, 1, 16, 207609, '15.00', 8, 'Devolución por mala calidad-', 1, '2019-07-31 22:00:22', '2019-07-31 22:01:11'),
(40, 15, 1, 117, 207938, '1900.00', 6, '', 1, '2019-08-01 15:09:29', '2019-08-01 15:11:19'),
(41, 15, 1, 117, 208000, '6080.00', 6, '', 1, '2019-08-01 15:13:41', '2019-08-01 15:15:48'),
(42, 15, 1, 72, 208010, '0.00', 6, 'Mala calidad', 0, '2019-08-01 15:41:23', '2019-08-01 15:41:23'),
(43, 15, 1, 159, 208025, '380.00', 6, 'Devolucion por mal estado', 1, '2019-08-01 16:53:42', '2019-08-01 16:54:32'),
(44, 15, 1, 1, 208026, '234.00', 6, 'El cliente devuelve el producto porque no es el  que el desea', 1, '2019-08-01 17:04:33', '2019-08-01 17:05:16'),
(45, 15, 1, 1, 207972, '760.00', 6, 'Por mala calidad', 1, '2019-08-01 17:13:51', '2019-08-01 17:14:47'),
(46, 15, 1, 1, 208032, '230.00', 6, '', 1, '2019-08-01 17:19:01', '2019-08-01 17:19:59'),
(47, 15, 1, 164, 208033, '600.00', 6, 'Por mala calidad', 1, '2019-08-01 17:21:54', '2019-08-01 17:24:55'),
(48, 15, 1, 1, 208034, '3800.00', 6, 'Por mala calidad\n', 1, '2019-08-01 17:30:26', '2019-08-01 17:31:11'),
(49, 15, 1, 65, 207828, '7600.00', 6, '', 1, '2019-08-01 17:57:44', '2019-08-01 17:58:46'),
(50, 15, 1, 28, 208041, '4.50', 6, 'Se hace la devolución de respectivo producto por mala calidad ', 1, '2019-08-01 18:09:56', '2019-08-01 18:10:29'),
(51, 15, 1, 173, 208058, '880.00', 6, 'Por mala calidad', 1, '2019-08-01 21:41:56', '2019-08-01 21:43:08'),
(52, 15, 1, 174, 208061, '14330.00', 6, 'Mala calidad', 1, '2019-08-01 21:58:20', '2019-08-01 21:59:26'),
(53, 15, 1, 27, 208078, '1444.00', 6, 'Se devuelve 19  sacos de cemento por mala calidad', 1, '2019-08-01 23:16:37', '2019-08-01 23:17:00'),
(54, 15, 1, 180, 208100, '7600.00', 6, 'mala calidad ', 1, '2019-08-02 14:48:59', '2019-08-02 14:50:03'),
(55, 15, 1, 25, 208093, '20.00', 6, 'no era el material que necesitava', 1, '2019-08-02 14:52:44', '2019-08-02 14:53:34');

-- --------------------------------------------------------

--
-- Table structure for table `devoluciones_detalle`
--

CREATE TABLE IF NOT EXISTS `devoluciones_detalle` (
  `id` int(10) unsigned NOT NULL AUTO_INCREMENT,
  `devolucion_id` int(10) unsigned NOT NULL,
  `producto_id` int(10) unsigned NOT NULL,
  `cantidad` int(10) unsigned NOT NULL,
  `precio` decimal(8,2) NOT NULL,
  `ganancias` decimal(11,5) NOT NULL DEFAULT '0.00000',
  `serials` text COLLATE utf8_spanish_ci,
  `created_at` timestamp NOT NULL DEFAULT '0000-00-00 00:00:00',
  `updated_at` timestamp NOT NULL DEFAULT '0000-00-00 00:00:00',
  PRIMARY KEY (`id`),
  KEY `devoluciones_detalle_devolucion_id_foreign` (`devolucion_id`),
  KEY `devoluciones_detalle_producto_id_foreign` (`producto_id`)
) ENGINE=InnoDB  DEFAULT CHARSET=utf8 COLLATE=utf8_spanish_ci AUTO_INCREMENT=58 ;

--
-- Dumping data for table `devoluciones_detalle`
--

INSERT INTO `devoluciones_detalle` (`id`, `devolucion_id`, `producto_id`, `cantidad`, `precio`, `ganancias`, `serials`, `created_at`, `updated_at`) VALUES
(1, 1, 54718, 2, '1000.00', '400.00000', NULL, '2019-07-05 21:22:50', '2019-07-05 21:22:50'),
(2, 2, 54720, 10, '10.00', '1.80160', NULL, '2019-07-08 22:53:43', '2019-07-08 22:53:43'),
(3, 3, 54719, 100, '23.00', '1.92160', NULL, '2019-07-08 22:54:50', '2019-07-08 22:54:50'),
(4, 4, 54730, 10, '60.00', '6.29998', NULL, '2019-07-08 23:02:22', '2019-07-08 23:02:22'),
(5, 6, 54720, 2, '10.00', '1.80160', NULL, '2019-07-08 23:07:41', '2019-07-08 23:07:41'),
(6, 5, 54720, 50, '10.00', '1.80160', NULL, '2019-07-08 23:08:20', '2019-07-08 23:08:20'),
(7, 7, 54719, 20, '23.00', '1.92160', NULL, '2019-07-10 15:37:55', '2019-07-10 15:37:55'),
(8, 8, 54720, 28, '10.00', '1.80160', NULL, '2019-07-10 15:41:52', '2019-07-10 15:41:52'),
(9, 10, 54719, 15, '23.00', '1.92160', NULL, '2019-07-10 15:46:16', '2019-07-10 15:46:16'),
(10, 11, 54719, 25, '23.00', '1.92160', NULL, '2019-07-10 15:47:32', '2019-07-10 15:47:32'),
(11, 12, 54719, 10, '23.00', '1.92160', NULL, '2019-07-10 16:34:19', '2019-07-10 16:34:19'),
(12, 13, 54724, 2, '130.00', '17.86009', NULL, '2019-07-10 16:36:42', '2019-07-10 16:36:42'),
(13, 14, 54737, 3, '4.70', '1.07000', NULL, '2019-07-10 16:42:27', '2019-07-10 16:42:27'),
(14, 15, 54719, 25, '23.00', '2.32241', NULL, '2019-07-10 17:18:05', '2019-07-10 17:18:05'),
(15, 16, 54748, 2, '450.00', '112.04000', NULL, '2019-07-10 17:38:28', '2019-07-10 17:38:28'),
(16, 17, 54719, 5, '23.00', '1.92160', NULL, '2019-07-10 17:51:38', '2019-07-10 17:51:38'),
(17, 18, 54724, 50, '130.00', '17.86009', NULL, '2019-07-10 20:19:32', '2019-07-10 20:19:32'),
(18, 20, 54724, 50, '130.00', '17.86009', NULL, '2019-07-11 17:08:37', '2019-07-11 17:08:37'),
(19, 21, 54719, 700, '23.00', '2.11261', NULL, '2019-07-11 17:41:29', '2019-07-11 17:41:29'),
(20, 23, 54723, 20, '7.50', '4.01680', NULL, '2019-07-11 18:16:04', '2019-07-11 18:16:04'),
(21, 24, 54738, 30, '4.70', '1.56000', NULL, '2019-07-12 17:43:07', '2019-07-12 17:43:07'),
(22, 24, 54741, 15, '4.70', '1.07000', NULL, '2019-07-12 17:43:20', '2019-07-12 17:43:20'),
(23, 24, 54725, 20, '5.50', '1.87120', NULL, '2019-07-12 17:43:52', '2019-07-12 17:43:52'),
(24, 25, 54737, 5, '4.70', '1.07000', NULL, '2019-07-12 18:33:59', '2019-07-12 18:33:59'),
(25, 25, 54722, 5, '5.00', '1.37120', NULL, '2019-07-12 18:34:12', '2019-07-12 18:34:12'),
(27, 26, 54730, 10, '60.00', '6.29998', NULL, '2019-07-30 17:26:36', '2019-07-30 17:26:36'),
(28, 27, 54729, 1, '4000.00', '500.00000', NULL, '2019-07-30 17:29:29', '2019-07-30 17:29:29'),
(29, 28, 54719, 10, '23.00', '2.11999', NULL, '2019-07-30 21:30:42', '2019-07-30 21:30:42'),
(30, 29, 54758, 100, '68.00', '11.00000', NULL, '2019-07-30 21:32:44', '2019-07-30 21:32:44'),
(31, 30, 54758, 3, '68.00', '11.00000', NULL, '2019-07-30 21:32:51', '2019-07-30 21:32:51'),
(32, 31, 54754, 10, '76.00', '8.00000', NULL, '2019-07-31 15:35:49', '2019-07-31 15:35:49'),
(33, 32, 54768, 10, '120.00', '20.00000', NULL, '2019-07-31 17:26:24', '2019-07-31 17:26:24'),
(34, 33, 54768, 10, '120.00', '0.00000', NULL, '2019-07-31 17:40:56', '2019-07-31 17:40:56'),
(35, 34, 54754, 5, '76.00', '8.00000', NULL, '2019-07-31 17:48:58', '2019-07-31 17:48:58'),
(36, 35, 54735, 25, '60.00', '12.43100', NULL, '2019-07-31 18:02:16', '2019-07-31 18:02:16'),
(37, 36, 54724, 16, '130.00', '17.86009', NULL, '2019-07-31 20:47:51', '2019-07-31 20:47:51'),
(38, 37, 54768, 10, '120.00', '19.92407', NULL, '2019-07-31 21:12:26', '2019-07-31 21:12:26'),
(39, 38, 54741, 20, '4.70', '1.07000', NULL, '2019-07-31 21:34:20', '2019-07-31 21:34:20'),
(40, 39, 54723, 2, '7.50', '4.01680', NULL, '2019-07-31 22:00:44', '2019-07-31 22:00:44'),
(41, 40, 54754, 25, '76.00', '8.00000', NULL, '2019-08-01 15:09:45', '2019-08-01 15:09:45'),
(42, 41, 54754, 80, '76.00', '7.89741', NULL, '2019-08-01 15:14:41', '2019-08-01 15:14:41'),
(43, 43, 54754, 5, '76.00', '7.89804', NULL, '2019-08-01 16:54:11', '2019-08-01 16:54:11'),
(44, 44, 54753, 12, '19.50', '0.00000', NULL, '2019-08-01 17:05:06', '2019-08-01 17:05:06'),
(45, 45, 54754, 10, '76.00', '7.89741', NULL, '2019-08-01 17:14:27', '2019-08-01 17:14:27'),
(46, 46, 54719, 10, '23.00', '2.12000', NULL, '2019-08-01 17:19:30', '2019-08-01 17:19:30'),
(47, 47, 54735, 10, '60.00', '12.43100', NULL, '2019-08-01 17:22:17', '2019-08-01 17:22:17'),
(48, 48, 54754, 50, '76.00', '7.89804', NULL, '2019-08-01 17:30:45', '2019-08-01 17:30:45'),
(49, 49, 54754, 100, '76.00', '8.00000', NULL, '2019-08-01 17:57:58', '2019-08-01 17:57:58'),
(50, 50, 54765, 3, '1.50', '0.79000', NULL, '2019-08-01 18:10:21', '2019-08-01 18:10:21'),
(51, 51, 54754, 5, '76.00', '7.90071', NULL, '2019-08-01 21:42:35', '2019-08-01 21:42:35'),
(52, 51, 54720, 50, '10.00', '1.81000', NULL, '2019-08-01 21:42:46', '2019-08-01 21:42:46'),
(53, 52, 54754, 80, '76.00', '7.90071', NULL, '2019-08-01 21:58:33', '2019-08-01 21:58:33'),
(54, 52, 54756, 75, '110.00', '17.84000', NULL, '2019-08-01 21:58:45', '2019-08-01 21:58:45'),
(55, 53, 54754, 19, '76.00', '7.90071', NULL, '2019-08-01 23:16:50', '2019-08-01 23:16:50'),
(56, 54, 54754, 100, '76.00', '7.90071', NULL, '2019-08-02 14:49:39', '2019-08-02 14:49:39'),
(57, 55, 54720, 2, '10.00', '1.81000', NULL, '2019-08-02 14:53:10', '2019-08-02 14:53:10');

-- --------------------------------------------------------

--
-- Table structure for table `devoluciones_pagos`
--

CREATE TABLE IF NOT EXISTS `devoluciones_pagos` (
  `id` int(10) unsigned NOT NULL AUTO_INCREMENT,
  `devolucion_id` int(10) unsigned NOT NULL,
  `metodo_pago_id` int(10) unsigned NOT NULL,
  `monto` decimal(8,2) NOT NULL,
  `created_at` timestamp NOT NULL DEFAULT '0000-00-00 00:00:00',
  `updated_at` timestamp NOT NULL DEFAULT '0000-00-00 00:00:00',
  PRIMARY KEY (`id`),
  KEY `devoluciones_pagos_devolucion_id_foreign` (`devolucion_id`),
  KEY `devoluciones_pagos_metodo_pago_id_foreign` (`metodo_pago_id`)
) ENGINE=InnoDB  DEFAULT CHARSET=utf8 COLLATE=utf8_spanish_ci AUTO_INCREMENT=52 ;

--
-- Dumping data for table `devoluciones_pagos`
--

INSERT INTO `devoluciones_pagos` (`id`, `devolucion_id`, `metodo_pago_id`, `monto`, `created_at`, `updated_at`) VALUES
(1, 1, 6, '2000.00', '2019-07-05 21:22:54', '2019-07-05 21:22:54'),
(2, 2, 7, '100.00', '2019-07-08 22:56:11', '2019-07-08 22:56:11'),
(3, 3, 1, '2300.00', '2019-07-08 22:56:28', '2019-07-08 22:56:28'),
(4, 4, 7, '600.00', '2019-07-08 23:03:07', '2019-07-08 23:03:07'),
(5, 6, 7, '20.00', '2019-07-08 23:07:58', '2019-07-08 23:07:58'),
(6, 5, 7, '500.00', '2019-07-08 23:08:41', '2019-07-08 23:08:41'),
(7, 7, 1, '460.00', '2019-07-10 15:39:00', '2019-07-10 15:39:00'),
(8, 8, 7, '280.00', '2019-07-10 15:42:16', '2019-07-10 15:42:16'),
(9, 10, 6, '345.00', '2019-07-10 15:46:38', '2019-07-10 15:46:38'),
(10, 12, 6, '230.00', '2019-07-10 16:34:31', '2019-07-10 16:34:31'),
(11, 13, 7, '190.00', '2019-07-10 16:36:56', '2019-07-10 16:36:56'),
(12, 13, 6, '70.00', '2019-07-10 16:36:56', '2019-07-10 16:36:56'),
(13, 14, 6, '14.10', '2019-07-10 16:42:45', '2019-07-10 16:42:45'),
(14, 15, 7, '575.00', '2019-07-10 17:18:36', '2019-07-10 17:18:36'),
(15, 16, 7, '900.00', '2019-07-10 17:38:40', '2019-07-10 17:38:40'),
(16, 17, 6, '115.00', '2019-07-10 17:53:47', '2019-07-10 17:53:47'),
(17, 18, 7, '6500.00', '2019-07-10 20:19:51', '2019-07-10 20:19:51'),
(18, 20, 6, '6500.00', '2019-07-11 17:31:18', '2019-07-11 17:31:18'),
(19, 21, 7, '16100.00', '2019-07-11 17:42:59', '2019-07-11 17:42:59'),
(20, 23, 1, '150.00', '2019-07-11 18:16:28', '2019-07-11 18:16:28'),
(21, 24, 1, '321.50', '2019-07-12 17:44:12', '2019-07-12 17:44:12'),
(22, 25, 1, '48.50', '2019-07-12 18:34:25', '2019-07-12 18:34:25'),
(23, 26, 6, '600.00', '2019-07-30 17:28:09', '2019-07-30 17:28:09'),
(24, 27, 1, '4000.00', '2019-07-30 17:30:01', '2019-07-30 17:30:01'),
(25, 28, 7, '230.00', '2019-07-30 21:31:03', '2019-07-30 21:31:03'),
(26, 29, 1, '6800.00', '2019-07-30 21:33:29', '2019-07-30 21:33:29'),
(27, 30, 7, '204.00', '2019-07-30 21:33:36', '2019-07-30 21:33:36'),
(28, 31, 6, '760.00', '2019-07-31 15:37:25', '2019-07-31 15:37:25'),
(29, 32, 1, '1200.00', '2019-07-31 17:27:05', '2019-07-31 17:27:05'),
(30, 33, 6, '1200.00', '2019-07-31 17:41:00', '2019-07-31 17:41:00'),
(31, 34, 6, '380.00', '2019-07-31 17:49:06', '2019-07-31 17:49:06'),
(32, 35, 6, '1500.00', '2019-07-31 18:02:49', '2019-07-31 18:02:49'),
(33, 36, 1, '2080.00', '2019-07-31 20:49:17', '2019-07-31 20:49:17'),
(34, 37, 6, '1200.00', '2019-07-31 21:13:34', '2019-07-31 21:13:34'),
(35, 38, 6, '94.00', '2019-07-31 21:34:49', '2019-07-31 21:34:49'),
(36, 39, 6, '15.00', '2019-07-31 22:01:11', '2019-07-31 22:01:11'),
(37, 40, 6, '1900.00', '2019-08-01 15:11:19', '2019-08-01 15:11:19'),
(38, 41, 1, '6080.00', '2019-08-01 15:15:48', '2019-08-01 15:15:48'),
(39, 43, 6, '380.00', '2019-08-01 16:54:32', '2019-08-01 16:54:32'),
(40, 44, 6, '234.00', '2019-08-01 17:05:16', '2019-08-01 17:05:16'),
(41, 45, 6, '760.00', '2019-08-01 17:14:47', '2019-08-01 17:14:47'),
(42, 46, 6, '230.00', '2019-08-01 17:19:59', '2019-08-01 17:19:59'),
(43, 47, 6, '600.00', '2019-08-01 17:24:55', '2019-08-01 17:24:55'),
(44, 48, 6, '3800.00', '2019-08-01 17:31:11', '2019-08-01 17:31:11'),
(45, 49, 6, '7600.00', '2019-08-01 17:58:46', '2019-08-01 17:58:46'),
(46, 50, 6, '4.50', '2019-08-01 18:10:29', '2019-08-01 18:10:29'),
(47, 51, 6, '880.00', '2019-08-01 21:43:08', '2019-08-01 21:43:08'),
(48, 52, 1, '14330.00', '2019-08-01 21:59:26', '2019-08-01 21:59:26'),
(49, 53, 6, '1444.00', '2019-08-01 23:17:00', '2019-08-01 23:17:00'),
(50, 54, 1, '7600.00', '2019-08-02 14:50:03', '2019-08-02 14:50:03'),
(51, 55, 1, '20.00', '2019-08-02 14:53:34', '2019-08-02 14:53:34');

-- --------------------------------------------------------

--
-- Table structure for table `egresos`
--

CREATE TABLE IF NOT EXISTS `egresos` (
  `id` int(10) unsigned NOT NULL AUTO_INCREMENT,
  `tienda_id` int(10) unsigned NOT NULL,
  `user_id` int(10) unsigned NOT NULL,
  `caja_id` int(11) NOT NULL DEFAULT '0',
  `created_at` timestamp NOT NULL DEFAULT '0000-00-00 00:00:00',
  `updated_at` timestamp NOT NULL DEFAULT '0000-00-00 00:00:00',
  PRIMARY KEY (`id`),
  KEY `egresos_tienda_id_foreign` (`tienda_id`),
  KEY `egresos_user_id_foreign` (`user_id`)
) ENGINE=InnoDB  DEFAULT CHARSET=utf8 COLLATE=utf8_spanish_ci AUTO_INCREMENT=19 ;

--
-- Dumping data for table `egresos`
--

INSERT INTO `egresos` (`id`, `tienda_id`, `user_id`, `caja_id`, `created_at`, `updated_at`) VALUES
(3, 1, 1, 1, '2019-07-05 21:27:35', '2019-07-05 21:27:35'),
(4, 1, 14, 1, '2019-07-08 21:54:44', '2019-07-08 21:54:44'),
(5, 1, 15, 1, '2019-07-09 17:30:25', '2019-07-09 17:30:25'),
(6, 1, 14, 6, '2019-07-09 17:40:27', '2019-07-09 17:40:27'),
(7, 1, 17, 8, '2019-07-10 19:58:13', '2019-07-10 19:58:13'),
(8, 1, 17, 7, '2019-07-11 21:04:09', '2019-07-11 21:04:09'),
(9, 1, 17, 7, '2019-07-12 15:40:56', '2019-07-12 15:40:56'),
(10, 1, 17, 7, '2019-07-12 15:41:05', '2019-07-12 15:41:05'),
(11, 1, 17, 7, '2019-07-12 15:46:22', '2019-07-12 15:46:22'),
(12, 1, 17, 7, '2019-07-12 15:46:23', '2019-07-12 15:46:23'),
(13, 1, 17, 7, '2019-07-12 16:01:33', '2019-07-12 16:01:33'),
(14, 1, 17, 7, '2019-07-12 16:22:18', '2019-07-12 16:22:18'),
(15, 1, 17, 7, '2019-07-12 16:39:50', '2019-07-12 16:39:50'),
(16, 1, 1, 7, '2019-07-30 15:52:06', '2019-07-30 15:52:06'),
(17, 1, 20, 8, '2019-07-31 23:24:28', '2019-07-31 23:24:28'),
(18, 1, 15, 6, '2019-08-01 17:42:27', '2019-08-01 17:42:27');

-- --------------------------------------------------------

--
-- Table structure for table `existencias`
--

CREATE TABLE IF NOT EXISTS `existencias` (
  `id` int(10) unsigned NOT NULL AUTO_INCREMENT,
  `producto_id` int(10) unsigned NOT NULL,
  `tienda_id` int(10) unsigned NOT NULL,
  `existencia` int(11) NOT NULL DEFAULT '0',
  `existencia_real` int(11) DEFAULT NULL,
  `ajuste` int(11) DEFAULT NULL,
  `status` tinyint(4) NOT NULL DEFAULT '0',
  `user_id` int(11) DEFAULT NULL,
  `created_at` timestamp NOT NULL DEFAULT '0000-00-00 00:00:00',
  `updated_at` timestamp NOT NULL DEFAULT '0000-00-00 00:00:00',
  PRIMARY KEY (`id`),
  KEY `existencias_producto_id_foreign` (`producto_id`),
  KEY `existencias_tienda_id_foreign` (`tienda_id`)
) ENGINE=InnoDB  DEFAULT CHARSET=utf8 COLLATE=utf8_spanish_ci AUTO_INCREMENT=12134 ;

--
-- Dumping data for table `existencias`
--

INSERT INTO `existencias` (`id`, `producto_id`, `tienda_id`, `existencia`, `existencia_real`, `ajuste`, `status`, `user_id`, `created_at`, `updated_at`) VALUES
(12083, 54719, 1, 2372, 1570, 0, 1, 17, '2019-07-08 16:24:24', '2019-08-02 15:26:04'),
(12084, 54721, 1, 547, 150, 0, 1, 16, '2019-07-08 16:24:24', '2019-08-02 14:54:57'),
(12085, 54723, 1, 0, NULL, NULL, 0, NULL, '2019-07-08 16:24:24', '2019-08-02 00:06:08'),
(12086, 54725, 1, 1, NULL, NULL, 0, NULL, '2019-07-08 16:24:24', '2019-08-01 18:32:09'),
(12087, 54727, 1, 0, NULL, NULL, 0, NULL, '2019-07-08 16:24:24', '2019-07-30 22:27:13'),
(12088, 54720, 1, 2653, 450, 0, 1, 15, '2019-07-08 16:24:33', '2019-08-02 15:14:16'),
(12089, 54722, 1, 1, 150, -50, 1, 18, '2019-07-08 16:24:33', '2019-07-30 18:31:41'),
(12090, 54724, 1, 0, 54, -1, 1, 16, '2019-07-08 16:24:33', '2019-08-02 15:28:53'),
(12091, 54726, 1, 0, NULL, NULL, 0, NULL, '2019-07-08 16:24:33', '2019-07-31 21:01:44'),
(12092, 54728, 1, 0, NULL, NULL, 0, NULL, '2019-07-08 17:22:50', '2019-07-15 17:05:07'),
(12093, 54729, 1, 16, NULL, NULL, 0, NULL, '2019-07-08 17:22:50', '2019-08-02 15:13:54'),
(12094, 54730, 1, 83, NULL, NULL, 0, NULL, '2019-07-08 17:28:45', '2019-08-02 15:18:34'),
(12095, 54731, 1, 0, NULL, NULL, 0, NULL, '2019-07-08 22:41:37', '2019-07-30 18:33:41'),
(12096, 54732, 1, 26, NULL, NULL, 0, NULL, '2019-07-08 22:41:37', '2019-08-01 17:01:12'),
(12097, 54733, 1, 0, NULL, NULL, 0, NULL, '2019-07-09 16:52:48', '2019-08-02 00:06:08'),
(12098, 54735, 1, 29, NULL, NULL, 0, NULL, '2019-07-09 16:52:48', '2019-08-02 15:11:08'),
(12099, 54736, 1, 136, NULL, NULL, 0, NULL, '2019-07-09 16:52:48', '2019-08-02 14:44:13'),
(12100, 54739, 1, 43, NULL, NULL, 0, NULL, '2019-07-09 16:52:48', '2019-08-02 15:52:56'),
(12101, 54740, 1, 0, NULL, NULL, 0, NULL, '2019-07-09 16:52:48', '2019-07-30 22:22:38'),
(12102, 54743, 1, 0, NULL, NULL, 0, NULL, '2019-07-09 16:52:48', '2019-07-30 23:00:22'),
(12103, 54734, 1, 190, NULL, NULL, 0, NULL, '2019-07-09 16:53:03', '2019-08-02 15:11:08'),
(12104, 54737, 1, 262, NULL, NULL, 0, NULL, '2019-07-09 16:53:03', '2019-08-01 23:11:42'),
(12105, 54738, 1, 548, NULL, NULL, 0, NULL, '2019-07-09 16:53:03', '2019-08-02 15:09:14'),
(12106, 54741, 1, 18, NULL, NULL, 0, NULL, '2019-07-09 16:53:03', '2019-08-02 15:13:30'),
(12107, 54744, 1, 1, NULL, NULL, 0, NULL, '2019-07-09 17:18:25', '2019-07-31 14:18:51'),
(12108, 54745, 1, 1, NULL, NULL, 0, NULL, '2019-07-09 17:18:25', '2019-07-30 18:31:41'),
(12109, 54746, 1, 0, NULL, NULL, 0, NULL, '2019-07-09 17:18:25', '2019-07-12 14:36:39'),
(12110, 54747, 1, 0, NULL, NULL, 0, NULL, '2019-07-09 17:18:25', '2019-07-30 16:31:02'),
(12111, 54748, 1, 0, NULL, NULL, 0, NULL, '2019-07-09 17:18:25', '2019-07-30 16:31:02'),
(12112, 54749, 1, 1050, NULL, NULL, 0, NULL, '2019-07-10 17:10:41', '2019-08-02 15:18:34'),
(12113, 54750, 1, 65, NULL, NULL, 0, NULL, '2019-07-10 21:31:24', '2019-08-02 15:16:22'),
(12114, 54751, 1, 1, NULL, NULL, 0, NULL, '2019-07-10 21:31:24', '2019-07-24 23:26:45'),
(12115, 54752, 1, 0, NULL, NULL, 0, NULL, '2019-07-10 21:31:24', '2019-08-02 14:50:59'),
(12116, 54753, 1, 697, NULL, NULL, 0, NULL, '2019-07-25 15:28:05', '2019-08-02 15:15:55'),
(12117, 54754, 1, 1405, NULL, NULL, 0, NULL, '2019-07-25 16:59:07', '2019-08-02 15:52:56'),
(12118, 54755, 1, 0, NULL, NULL, 0, NULL, '2019-07-25 18:11:32', '2019-07-30 16:33:03'),
(12119, 54756, 1, 1948, NULL, NULL, 0, NULL, '2019-07-25 18:11:32', '2019-08-02 14:55:21'),
(12120, 54757, 1, 2447, NULL, NULL, 0, NULL, '2019-07-25 18:11:32', '2019-08-02 15:28:53'),
(12121, 54758, 1, 0, NULL, NULL, 0, NULL, '2019-07-25 18:20:15', '2019-07-31 21:56:57'),
(12122, 54761, 1, 42, NULL, NULL, 0, NULL, '2019-07-30 16:15:22', '2019-08-02 14:54:57'),
(12123, 54762, 1, 57, NULL, NULL, 0, NULL, '2019-07-30 16:15:22', '2019-08-02 15:13:31'),
(12124, 54764, 1, 32, NULL, NULL, 0, NULL, '2019-07-30 22:10:04', '2019-08-02 14:55:41'),
(12125, 54765, 1, 5, NULL, NULL, 0, NULL, '2019-07-30 22:10:04', '2019-08-01 18:13:34'),
(12126, 54766, 1, 43, NULL, NULL, 0, NULL, '2019-07-30 22:45:40', '2019-08-01 23:02:44'),
(12127, 54767, 1, 38, NULL, NULL, 0, NULL, '2019-07-30 22:45:40', '2019-08-02 15:18:34'),
(12128, 54768, 1, 1915, NULL, NULL, 0, NULL, '2019-07-31 16:03:58', '2019-08-02 15:20:32'),
(12129, 54769, 1, 700, NULL, NULL, 0, NULL, '2019-07-31 16:03:58', '2019-08-02 15:20:32'),
(12130, 54770, 1, 220, NULL, NULL, 0, NULL, '2019-07-31 16:03:58', '2019-08-02 15:13:30'),
(12131, 54771, 1, 1, NULL, NULL, 0, NULL, '2019-07-31 16:03:58', '2019-08-01 21:14:49'),
(12132, 54772, 1, 12, NULL, NULL, 0, NULL, '2019-07-31 21:50:36', '2019-08-02 15:13:54'),
(12133, 54773, 1, 0, NULL, NULL, 0, NULL, '2019-07-31 21:50:36', '2019-08-01 18:41:45');

--
-- Triggers `existencias`
--
DROP TRIGGER IF EXISTS `calculated_total_exist`;
DELIMITER //
CREATE TRIGGER `calculated_total_exist` AFTER INSERT ON `existencias`
 FOR EACH ROW BEGIN
	         UPDATE productos SET 
	         	existencia = (SELECT sum(existencia) from existencias where producto_id = NEW.producto_id )
	         	WHERE id = NEW.producto_id;
	   
	        END
//
DELIMITER ;
DROP TRIGGER IF EXISTS `calculated_total_exist_update`;
DELIMITER //
CREATE TRIGGER `calculated_total_exist_update` AFTER UPDATE ON `existencias`
 FOR EACH ROW BEGIN
	         UPDATE productos SET 
	         	existencia = (SELECT sum(existencia) from existencias where producto_id = NEW.producto_id )
	         	WHERE id = NEW.producto_id;
	        END
//
DELIMITER ;

-- --------------------------------------------------------

--
-- Table structure for table `fletes`
--

CREATE TABLE IF NOT EXISTS `fletes` (
  `id` int(10) unsigned NOT NULL AUTO_INCREMENT,
  `compra_id` int(10) unsigned NOT NULL,
  `monto` decimal(11,5) NOT NULL,
  `nota` varchar(255) COLLATE utf8_spanish_ci DEFAULT NULL,
  `created_at` timestamp NOT NULL DEFAULT '0000-00-00 00:00:00',
  `updated_at` timestamp NOT NULL DEFAULT '0000-00-00 00:00:00',
  PRIMARY KEY (`id`),
  KEY `fletes_compra_id_foreign` (`compra_id`)
) ENGINE=InnoDB DEFAULT CHARSET=utf8 COLLATE=utf8_spanish_ci AUTO_INCREMENT=1 ;

-- --------------------------------------------------------

--
-- Table structure for table `gastos`
--

CREATE TABLE IF NOT EXISTS `gastos` (
  `id` int(10) unsigned NOT NULL AUTO_INCREMENT,
  `tienda_id` int(10) unsigned NOT NULL,
  `user_id` int(10) unsigned NOT NULL,
  `caja_id` int(11) NOT NULL DEFAULT '0',
  `categoria_id` int(10) unsigned NOT NULL,
  `subcategoria_id` int(10) unsigned NOT NULL,
  `created_at` timestamp NOT NULL DEFAULT '0000-00-00 00:00:00',
  `updated_at` timestamp NOT NULL DEFAULT '0000-00-00 00:00:00',
  PRIMARY KEY (`id`),
  KEY `gastos_tienda_id_foreign` (`tienda_id`),
  KEY `gastos_user_id_foreign` (`user_id`),
  KEY `gastos_categoria_id_foreign` (`categoria_id`),
  KEY `gastos_subcategoria_id_foreign` (`subcategoria_id`)
) ENGINE=InnoDB DEFAULT CHARSET=utf8 COLLATE=utf8_spanish_ci AUTO_INCREMENT=1 ;

-- --------------------------------------------------------

--
-- Table structure for table `informe_cuentas_por_cobrar`
--

CREATE TABLE IF NOT EXISTS `informe_cuentas_por_cobrar` (
  `id` int(10) unsigned NOT NULL AUTO_INCREMENT,
  `informe_general_id` int(10) unsigned NOT NULL,
  `creditos` decimal(10,2) NOT NULL,
  `abonos` decimal(10,2) NOT NULL,
  `esperado` decimal(10,2) NOT NULL,
  `real` decimal(10,2) NOT NULL,
  `created_at` timestamp NOT NULL DEFAULT '0000-00-00 00:00:00',
  `updated_at` timestamp NOT NULL DEFAULT '0000-00-00 00:00:00',
  PRIMARY KEY (`id`),
  KEY `informe_cuentas_por_cobrar_informe_general_id_foreign` (`informe_general_id`)
) ENGINE=InnoDB DEFAULT CHARSET=utf8 COLLATE=utf8_spanish_ci AUTO_INCREMENT=1 ;

-- --------------------------------------------------------

--
-- Table structure for table `informe_cuentas_por_pagar`
--

CREATE TABLE IF NOT EXISTS `informe_cuentas_por_pagar` (
  `id` int(10) unsigned NOT NULL AUTO_INCREMENT,
  `informe_general_id` int(10) unsigned NOT NULL,
  `creditos` decimal(10,2) NOT NULL,
  `abonos` decimal(10,2) NOT NULL,
  `esperado` decimal(10,2) NOT NULL,
  `real` decimal(10,2) NOT NULL,
  `created_at` timestamp NOT NULL DEFAULT '0000-00-00 00:00:00',
  `updated_at` timestamp NOT NULL DEFAULT '0000-00-00 00:00:00',
  PRIMARY KEY (`id`),
  KEY `informe_cuentas_por_pagar_informe_general_id_foreign` (`informe_general_id`)
) ENGINE=InnoDB DEFAULT CHARSET=utf8 COLLATE=utf8_spanish_ci AUTO_INCREMENT=1 ;

-- --------------------------------------------------------

--
-- Table structure for table `informe_general`
--

CREATE TABLE IF NOT EXISTS `informe_general` (
  `id` int(10) unsigned NOT NULL AUTO_INCREMENT,
  `diferencia_inversion` decimal(10,2) NOT NULL,
  `diferencia_cobrar` decimal(10,2) NOT NULL,
  `diferencia_pagar` decimal(10,2) NOT NULL,
  `created_at` timestamp NOT NULL DEFAULT '0000-00-00 00:00:00',
  `updated_at` timestamp NOT NULL DEFAULT '0000-00-00 00:00:00',
  PRIMARY KEY (`id`)
) ENGINE=InnoDB DEFAULT CHARSET=utf8 COLLATE=utf8_spanish_ci AUTO_INCREMENT=1 ;

-- --------------------------------------------------------

--
-- Table structure for table `informe_inversion`
--

CREATE TABLE IF NOT EXISTS `informe_inversion` (
  `id` int(10) unsigned NOT NULL AUTO_INCREMENT,
  `informe_general_id` int(10) unsigned NOT NULL,
  `ventas` decimal(10,2) NOT NULL,
  `compras` decimal(10,2) NOT NULL,
  `descargas` decimal(10,2) NOT NULL,
  `traslados` decimal(10,2) NOT NULL,
  `esperado` decimal(10,2) NOT NULL,
  `real` decimal(10,2) NOT NULL,
  `created_at` timestamp NOT NULL DEFAULT '0000-00-00 00:00:00',
  `updated_at` timestamp NOT NULL DEFAULT '0000-00-00 00:00:00',
  PRIMARY KEY (`id`),
  KEY `informe_inversion_informe_general_id_foreign` (`informe_general_id`)
) ENGINE=InnoDB DEFAULT CHARSET=utf8 COLLATE=utf8_spanish_ci AUTO_INCREMENT=1 ;

-- --------------------------------------------------------

--
-- Table structure for table `ingresos`
--

CREATE TABLE IF NOT EXISTS `ingresos` (
  `id` int(10) unsigned NOT NULL AUTO_INCREMENT,
  `tienda_id` int(10) unsigned NOT NULL,
  `user_id` int(10) unsigned NOT NULL,
  `caja_id` int(11) NOT NULL DEFAULT '0',
  `created_at` timestamp NOT NULL DEFAULT '0000-00-00 00:00:00',
  `updated_at` timestamp NOT NULL DEFAULT '0000-00-00 00:00:00',
  PRIMARY KEY (`id`),
  KEY `ingresos_tienda_id_foreign` (`tienda_id`),
  KEY `ingresos_user_id_foreign` (`user_id`)
) ENGINE=InnoDB  DEFAULT CHARSET=utf8 COLLATE=utf8_spanish_ci AUTO_INCREMENT=21 ;

--
-- Dumping data for table `ingresos`
--

INSERT INTO `ingresos` (`id`, `tienda_id`, `user_id`, `caja_id`, `created_at`, `updated_at`) VALUES
(11, 1, 15, 6, '2019-07-08 21:30:59', '2019-07-08 21:30:59'),
(12, 1, 14, 1, '2019-07-08 21:54:49', '2019-07-08 21:54:49'),
(13, 1, 15, 1, '2019-07-09 17:30:32', '2019-07-09 17:30:32'),
(14, 1, 14, 6, '2019-07-09 17:40:32', '2019-07-09 17:40:32'),
(15, 1, 17, 7, '2019-07-11 21:05:43', '2019-07-11 21:05:43'),
(16, 1, 17, 7, '2019-07-12 14:34:31', '2019-07-12 14:34:31'),
(17, 1, 17, 7, '2019-07-12 16:39:56', '2019-07-12 16:39:56'),
(18, 1, 17, 7, '2019-07-12 18:55:04', '2019-07-12 18:55:04'),
(19, 1, 19, 7, '2019-07-30 17:23:57', '2019-07-30 17:23:57'),
(20, 1, 20, 8, '2019-07-31 23:25:34', '2019-07-31 23:25:34');

-- --------------------------------------------------------

--
-- Table structure for table `kardex`
--

CREATE TABLE IF NOT EXISTS `kardex` (
  `id` int(10) unsigned NOT NULL AUTO_INCREMENT,
  `tienda_id` int(10) unsigned NOT NULL,
  `user_id` int(10) unsigned NOT NULL,
  `kardex_accion_id` int(10) unsigned NOT NULL,
  `producto_id` int(10) unsigned NOT NULL,
  `kardex_transaccion_id` int(10) unsigned NOT NULL,
  `transaccion_id` int(11) NOT NULL,
  `evento` varchar(255) COLLATE utf8_spanish_ci NOT NULL,
  `cantidad` int(11) NOT NULL,
  `existencia` int(11) NOT NULL,
  `existencia_tienda` int(11) DEFAULT NULL,
  `costo` decimal(11,5) NOT NULL,
  `costo_promedio` decimal(11,5) NOT NULL,
  `created_at` timestamp NOT NULL DEFAULT '0000-00-00 00:00:00',
  `updated_at` timestamp NOT NULL DEFAULT '0000-00-00 00:00:00',
  PRIMARY KEY (`id`),
  KEY `kardex_tienda_id_foreign` (`tienda_id`),
  KEY `kardex_user_id_foreign` (`user_id`),
  KEY `kardex_kardex_accion_id_foreign` (`kardex_accion_id`),
  KEY `kardex_producto_id_foreign` (`producto_id`),
  KEY `kardex_kardex_transaccion_id_foreign` (`kardex_transaccion_id`)
) ENGINE=InnoDB  DEFAULT CHARSET=utf8 COLLATE=utf8_spanish_ci AUTO_INCREMENT=38819 ;

--
-- Dumping data for table `kardex`
--

INSERT INTO `kardex` (`id`, `tienda_id`, `user_id`, `kardex_accion_id`, `producto_id`, `kardex_transaccion_id`, `transaccion_id`, `evento`, `cantidad`, `existencia`, `existencia_tienda`, `costo`, `costo_promedio`, `created_at`, `updated_at`) VALUES
(37898, 1, 15, 2, 54719, 1, 959, 'ingreso', 780, 780, 780, '21.07840', '21.07840', '2019-07-08 16:24:24', '2019-07-08 16:24:24'),
(37899, 1, 15, 2, 54721, 1, 959, 'ingreso', 150, 150, 150, '37.40800', '37.40800', '2019-07-08 16:24:24', '2019-07-08 16:24:24'),
(37900, 1, 15, 2, 54723, 1, 959, 'ingreso', 500, 500, 500, '3.48320', '3.48320', '2019-07-08 16:24:24', '2019-07-08 16:24:24'),
(37901, 1, 15, 2, 54725, 1, 959, 'ingreso', 150, 150, 150, '3.62880', '3.62880', '2019-07-08 16:24:24', '2019-07-08 16:24:24'),
(37902, 1, 15, 2, 54727, 1, 959, 'ingreso', 150, 150, 150, '3.62880', '3.62880', '2019-07-08 16:24:24', '2019-07-08 16:24:24'),
(37903, 1, 16, 2, 54719, 1, 960, 'ingreso', 780, 1560, 1560, '21.07840', '21.07840', '2019-07-08 16:24:34', '2019-07-08 16:24:34'),
(37904, 1, 16, 2, 54720, 1, 960, 'ingreso', 450, 450, 450, '8.19840', '8.19840', '2019-07-08 16:24:34', '2019-07-08 16:24:34'),
(37905, 1, 16, 2, 54722, 1, 960, 'ingreso', 50, 50, 50, '3.62880', '3.62880', '2019-07-08 16:24:34', '2019-07-08 16:24:34'),
(37906, 1, 16, 2, 54724, 1, 960, 'ingreso', 55, 55, 55, '118.35040', '118.35040', '2019-07-08 16:24:34', '2019-07-08 16:24:34'),
(37907, 1, 16, 2, 54726, 1, 960, 'ingreso', 8, 8, 8, '146.42880', '146.42880', '2019-07-08 16:24:34', '2019-07-08 16:24:34'),
(37908, 1, 16, 2, 54724, 6, 12090, 'salida', 1, 54, 54, '118.35040', '118.35040', '2019-07-08 16:33:25', '2019-07-08 16:33:25'),
(37910, 1, 15, 2, 54724, 3, 63, 'salida', 25, 28, 28, '118.35040', '118.35040', '2019-07-08 17:04:34', '2019-07-08 17:04:34'),
(37911, 1, 15, 2, 54719, 6, 12083, 'salida', 60, 1500, 1500, '21.07840', '21.07840', '2019-07-08 17:09:50', '2019-07-08 17:09:50'),
(37912, 1, 15, 2, 54728, 1, 961, 'ingreso', 1, 1, 1, '3500.00000', '3500.00000', '2019-07-08 17:22:50', '2019-07-08 17:22:50'),
(37913, 1, 15, 2, 54729, 1, 961, 'ingreso', 1, 1, 1, '3500.00000', '3500.00000', '2019-07-08 17:22:50', '2019-07-08 17:22:50'),
(37914, 1, 16, 2, 54730, 1, 962, 'ingreso', 60, 60, 60, '53.70002', '53.70002', '2019-07-08 17:28:45', '2019-07-08 17:28:45'),
(37915, 1, 16, 2, 54730, 3, 67, 'salida', 10, 50, 50, '53.70002', '53.70002', '2019-07-08 17:32:50', '2019-07-08 17:32:50'),
(37916, 1, 15, 2, 54719, 2, 207597, 'salida', 100, 1400, 1400, '21.07840', '21.07840', '2019-07-08 17:51:16', '2019-07-08 17:51:16'),
(37917, 1, 16, 2, 54720, 2, 207598, 'salida', 90, 360, 360, '8.19840', '8.19840', '2019-07-08 17:51:17', '2019-07-08 17:51:17'),
(37918, 1, 16, 2, 54719, 2, 207601, 'salida', 100, 1300, 1300, '21.07840', '21.07840', '2019-07-08 21:06:46', '2019-07-08 21:06:46'),
(37919, 1, 15, 2, 54731, 1, 964, 'ingreso', 1, 1, 1, '899.99000', '899.99000', '2019-07-08 22:41:37', '2019-07-08 22:41:37'),
(37920, 1, 15, 2, 54732, 1, 964, 'ingreso', 1, 1, 1, '600.00000', '600.00000', '2019-07-08 22:41:37', '2019-07-08 22:41:37'),
(37921, 1, 16, 2, 54724, 2, 207607, 'salida', 10, 18, 18, '118.35040', '118.35040', '2019-07-08 22:47:24', '2019-07-08 22:47:24'),
(37922, 1, 16, 2, 54730, 2, 207607, 'salida', 20, 30, 30, '53.70002', '53.70002', '2019-07-08 22:47:24', '2019-07-08 22:47:24'),
(37923, 1, 15, 2, 54729, 2, 207608, 'salida', 1, 0, 0, '3500.00000', '3500.00000', '2019-07-08 22:47:40', '2019-07-08 22:47:40'),
(37924, 1, 15, 2, 54723, 2, 207609, 'salida', 2, 498, 498, '3.48320', '3.48320', '2019-07-08 22:49:47', '2019-07-08 22:49:47'),
(37925, 1, 15, 2, 54720, 5, 2, 'ingreso', 10, 370, 370, '8.19840', '8.19840', '2019-07-08 22:56:11', '2019-07-08 22:56:11'),
(37926, 1, 16, 2, 54719, 5, 3, 'ingreso', 100, 1400, 1400, '21.07840', '21.07840', '2019-07-08 22:56:28', '2019-07-08 22:56:28'),
(37927, 1, 16, 2, 54730, 5, 4, 'ingreso', 10, 40, 40, '53.70002', '53.70002', '2019-07-08 23:03:07', '2019-07-08 23:03:07'),
(37928, 1, 16, 2, 54720, 5, 6, 'ingreso', 2, 372, 372, '8.19840', '8.19840', '2019-07-08 23:07:58', '2019-07-08 23:07:58'),
(37929, 1, 15, 2, 54720, 5, 5, 'ingreso', 50, 422, 422, '8.19840', '8.19840', '2019-07-08 23:08:41', '2019-07-08 23:08:41'),
(37930, 1, 16, 2, 54733, 1, 966, 'ingreso', 50, 50, 50, '24.74000', '24.74000', '2019-07-09 16:52:48', '2019-07-09 16:52:48'),
(37931, 1, 16, 2, 54735, 1, 966, 'ingreso', 20, 20, 20, '47.37000', '47.37000', '2019-07-09 16:52:48', '2019-07-09 16:52:48'),
(37932, 1, 16, 2, 54736, 1, 966, 'ingreso', 20, 20, 20, '77.61000', '77.61000', '2019-07-09 16:52:48', '2019-07-09 16:52:48'),
(37933, 1, 16, 2, 54739, 1, 966, 'ingreso', 5, 5, 5, '170.55000', '170.55000', '2019-07-09 16:52:48', '2019-07-09 16:52:48'),
(37934, 1, 16, 2, 54740, 1, 966, 'ingreso', 17, 17, 17, '244.64000', '244.64000', '2019-07-09 16:52:48', '2019-07-09 16:52:48'),
(37935, 1, 16, 2, 54743, 1, 966, 'ingreso', 5, 5, 5, '499.40000', '499.40000', '2019-07-09 16:52:48', '2019-07-09 16:52:48'),
(37936, 1, 15, 2, 54734, 1, 965, 'ingreso', 100, 100, 100, '4.42000', '4.42000', '2019-07-09 16:53:03', '2019-07-09 16:53:03'),
(37937, 1, 15, 2, 54737, 1, 965, 'ingreso', 150, 150, 150, '3.63000', '3.63000', '2019-07-09 16:53:03', '2019-07-09 16:53:03'),
(37938, 1, 15, 2, 54738, 1, 965, 'ingreso', 100, 100, 100, '3.14000', '3.14000', '2019-07-09 16:53:03', '2019-07-09 16:53:03'),
(37939, 1, 15, 2, 54741, 1, 965, 'ingreso', 400, 400, 400, '3.63000', '3.63000', '2019-07-09 16:53:03', '2019-07-09 16:53:03'),
(37940, 1, 15, 2, 54727, 1, 965, 'ingreso', 785, 935, 935, '3.62880', '3.62880', '2019-07-09 16:53:03', '2019-07-09 16:53:03'),
(37941, 1, 15, 2, 54722, 1, 965, 'ingreso', 150, 200, 200, '3.62880', '3.62880', '2019-07-09 16:53:03', '2019-07-09 16:53:03'),
(37942, 1, 15, 2, 54725, 1, 965, 'ingreso', 400, 550, 550, '3.62880', '3.62880', '2019-07-09 16:53:03', '2019-07-09 16:53:03'),
(37943, 1, 17, 2, 54719, 1, 968, 'ingreso', 50, 1450, 1450, '16.30000', '20.91363', '2019-07-09 17:18:25', '2019-07-09 17:18:25'),
(37944, 1, 17, 2, 54744, 1, 968, 'ingreso', 3, 3, 3, '254.20000', '254.20000', '2019-07-09 17:18:25', '2019-07-09 17:18:25'),
(37945, 1, 17, 2, 54724, 1, 968, 'ingreso', 130, 148, 148, '111.28000', '112.13991', '2019-07-09 17:18:25', '2019-07-09 17:18:25'),
(37946, 1, 17, 2, 54745, 1, 968, 'ingreso', 60, 60, 60, '5.46000', '5.46000', '2019-07-09 17:18:25', '2019-07-09 17:18:25'),
(37947, 1, 17, 2, 54746, 1, 968, 'ingreso', 16, 16, 16, '406.10000', '406.10000', '2019-07-09 17:18:25', '2019-07-09 17:18:25'),
(37948, 1, 17, 2, 54747, 1, 968, 'ingreso', 11, 11, 11, '914.76000', '914.76000', '2019-07-09 17:18:25', '2019-07-09 17:18:25'),
(37949, 1, 17, 2, 54748, 1, 968, 'ingreso', 63, 63, 63, '337.96000', '337.96000', '2019-07-09 17:18:25', '2019-07-09 17:18:25'),
(37950, 1, 16, 2, 54733, 2, 207613, 'salida', 10, 40, 40, '24.74000', '24.74000', '2019-07-09 17:38:53', '2019-07-09 17:38:53'),
(37951, 1, 16, 2, 54736, 2, 207613, 'salida', 5, 15, 15, '77.61000', '77.61000', '2019-07-09 17:38:53', '2019-07-09 17:38:53'),
(37952, 1, 16, 2, 54720, 2, 207602, 'salida', 1, 421, 421, '8.19840', '8.19840', '2019-07-09 17:40:00', '2019-07-09 17:40:00'),
(37953, 1, 14, 2, 54719, 2, 207615, 'salida', 150, 1300, 1300, '20.91363', '20.91363', '2019-07-09 20:45:13', '2019-07-09 20:45:13'),
(37954, 1, 14, 2, 54719, 2, 207616, 'salida', 300, 1000, 1000, '20.91363', '20.91363', '2019-07-09 20:46:04', '2019-07-09 20:46:04'),
(37955, 1, 14, 2, 54719, 2, 207617, 'salida', 150, 850, 850, '20.91363', '20.91363', '2019-07-09 20:46:53', '2019-07-09 20:46:53'),
(37956, 1, 17, 2, 54719, 1, 967, 'ingreso', 50, 900, 900, '16.30000', '20.65732', '2019-07-09 20:50:37', '2019-07-09 20:50:37'),
(37957, 1, 14, 2, 54741, 2, 207614, 'salida', 1, 399, 399, '3.63000', '3.63000', '2019-07-09 22:02:40', '2019-07-09 22:02:40'),
(37958, 1, 16, 2, 54720, 2, 207618, 'salida', 1, 420, 420, '8.19840', '8.19840', '2019-07-09 22:11:30', '2019-07-09 22:11:30'),
(37959, 1, 16, 2, 54741, 2, 207619, 'salida', 215, 184, 184, '3.63000', '3.63000', '2019-07-09 22:12:24', '2019-07-09 22:12:24'),
(37960, 1, 15, 2, 54719, 2, 207620, 'salida', 10, 890, 890, '20.65732', '20.65732', '2019-07-09 22:14:57', '2019-07-09 22:14:57'),
(37961, 1, 15, 2, 54727, 2, 207621, 'salida', 50, 885, 885, '3.62880', '3.62880', '2019-07-09 22:24:06', '2019-07-09 22:24:06'),
(37962, 1, 16, 2, 54719, 5, 7, 'ingreso', 20, 910, 910, '21.07840', '20.66657', '2019-07-10 15:39:00', '2019-07-10 15:39:00'),
(37963, 1, 15, 2, 54720, 5, 8, 'ingreso', 28, 448, 448, '8.19840', '8.19840', '2019-07-10 15:42:16', '2019-07-10 15:42:16'),
(37964, 1, 14, 2, 54719, 5, 10, 'ingreso', 15, 925, 925, '21.07840', '20.67325', '2019-07-10 15:46:38', '2019-07-10 15:46:38'),
(37965, 1, 14, 2, 54737, 2, 207622, 'salida', 2, 148, 148, '3.63000', '3.63000', '2019-07-10 15:53:09', '2019-07-10 15:53:09'),
(37966, 1, 14, 2, 54720, 2, 207622, 'salida', 1, 447, 447, '8.19840', '8.19840', '2019-07-10 15:53:09', '2019-07-10 15:53:09'),
(37967, 1, 14, 2, 54724, 2, 207622, 'salida', 3, 145, 145, '112.13991', '112.13991', '2019-07-10 15:53:09', '2019-07-10 15:53:09'),
(37968, 1, 14, 2, 54727, 2, 207623, 'salida', 2, 883, 883, '3.62880', '3.62880', '2019-07-10 15:56:34', '2019-07-10 15:56:34'),
(37969, 1, 14, 2, 54719, 2, 207625, 'salida', 1, 924, 924, '20.67325', '20.67325', '2019-07-10 15:59:04', '2019-07-10 15:59:04'),
(37970, 1, 14, 2, 54724, 2, 207626, 'salida', 1, 144, 144, '112.13991', '112.13991', '2019-07-10 16:00:31', '2019-07-10 16:00:31'),
(37971, 1, 15, 2, 54724, 2, 207630, 'salida', 3, 141, 141, '112.13991', '112.13991', '2019-07-10 16:18:26', '2019-07-10 16:18:26'),
(37972, 1, 14, 2, 54721, 2, 207632, 'salida', 100, 50, 50, '37.40800', '37.40800', '2019-07-10 16:19:19', '2019-07-10 16:19:19'),
(37973, 1, 16, 2, 54748, 1, 971, 'ingreso', 200, 263, 263, '337.96000', '337.96000', '2019-07-10 16:19:41', '2019-07-10 16:19:41'),
(37974, 1, 16, 2, 54748, 2, 207634, 'salida', 100, 163, 163, '337.96000', '337.96000', '2019-07-10 16:22:03', '2019-07-10 16:22:03'),
(37975, 1, 15, 2, 54720, 2, 207636, 'salida', 67, 380, 380, '8.19840', '8.19840', '2019-07-10 16:27:17', '2019-07-10 16:27:17'),
(37976, 1, 14, 2, 54724, 2, 207637, 'salida', 16, 125, 125, '112.13991', '112.13991', '2019-07-10 16:27:40', '2019-07-10 16:27:40'),
(37977, 1, 14, 2, 54737, 2, 207638, 'salida', 50, 98, 98, '3.63000', '3.63000', '2019-07-10 16:34:16', '2019-07-10 16:34:16'),
(37978, 1, 15, 2, 54719, 5, 12, 'ingreso', 10, 934, 934, '21.07840', '20.67759', '2019-07-10 16:34:31', '2019-07-10 16:34:31'),
(37979, 1, 14, 2, 54724, 5, 13, 'ingreso', 2, 127, 127, '112.13991', '112.13991', '2019-07-10 16:36:57', '2019-07-10 16:36:57'),
(37980, 1, 15, 2, 54719, 2, 207639, 'salida', 10, 924, 924, '20.67759', '20.67759', '2019-07-10 16:38:46', '2019-07-10 16:38:46'),
(37981, 1, 14, 2, 54737, 5, 14, 'ingreso', 3, 101, 101, '3.63000', '3.63000', '2019-07-10 16:42:45', '2019-07-10 16:42:45'),
(37982, 1, 14, 2, 54723, 2, 207641, 'salida', 6, 492, 492, '3.48320', '3.48320', '2019-07-10 16:44:34', '2019-07-10 16:44:34'),
(37983, 1, 14, 2, 54748, 2, 207642, 'salida', 5, 158, 158, '337.96000', '337.96000', '2019-07-10 16:46:20', '2019-07-10 16:46:20'),
(37984, 1, 15, 2, 54725, 2, 207644, 'salida', 200, 350, 350, '3.62880', '3.62880', '2019-07-10 16:52:54', '2019-07-10 16:52:54'),
(37985, 1, 1, 2, 54719, 1, 972, 'ingreso', 1, 925, 925, '20.67659', '20.67759', '2019-07-10 17:10:41', '2019-07-10 17:10:41'),
(37986, 1, 1, 2, 54749, 1, 972, 'ingreso', 100, 100, 100, '20.00000', '20.00000', '2019-07-10 17:10:41', '2019-07-10 17:10:41'),
(37987, 1, 16, 2, 54723, 2, 207649, 'salida', 10, 482, 482, '3.48320', '3.48320', '2019-07-10 17:12:54', '2019-07-10 17:12:54'),
(37988, 1, 17, 2, 54719, 2, 207650, 'salida', 75, 850, 850, '20.67759', '20.67759', '2019-07-10 17:13:06', '2019-07-10 17:13:06'),
(37989, 1, 17, 2, 54719, 5, 15, 'ingreso', 25, 875, 875, '20.67759', '20.67759', '2019-07-10 17:18:36', '2019-07-10 17:18:36'),
(37990, 1, 1, 2, 54724, 3, 70, 'salida', 1, 126, 126, '112.13991', '112.13991', '2019-07-10 17:18:57', '2019-07-10 17:18:57'),
(37991, 1, 15, 2, 54719, 1, 973, 'ingreso', 1000, 1875, 1875, '21.07000', '20.88688', '2019-07-10 17:20:12', '2019-07-10 17:20:12'),
(37992, 1, 18, 2, 54723, 2, 207652, 'salida', 1, 481, 481, '3.48320', '3.48320', '2019-07-10 17:29:55', '2019-07-10 17:29:55'),
(37993, 1, 18, 2, 54722, 6, 12089, 'salida', 50, 150, 150, '3.62880', '3.62880', '2019-07-10 17:36:00', '2019-07-10 17:36:00'),
(37994, 1, 17, 2, 54748, 2, 207654, 'salida', 4, 154, 154, '337.96000', '337.96000', '2019-07-10 17:36:24', '2019-07-10 17:36:24'),
(37995, 1, 17, 2, 54748, 5, 16, 'ingreso', 2, 156, 156, '337.96000', '337.96000', '2019-07-10 17:38:40', '2019-07-10 17:38:40'),
(37996, 1, 16, 2, 54719, 5, 17, 'ingreso', 5, 1880, 1880, '21.07840', '20.88739', '2019-07-10 17:53:47', '2019-07-10 17:53:47'),
(37997, 1, 16, 2, 54720, 2, 207656, 'salida', 25, 355, 355, '8.19840', '8.19840', '2019-07-10 17:55:59', '2019-07-10 17:55:59'),
(37998, 1, 17, 2, 54737, 2, 207655, 'salida', 10, 91, 91, '3.63000', '3.63000', '2019-07-10 17:58:13', '2019-07-10 17:58:13'),
(37999, 1, 17, 2, 54725, 2, 207658, 'salida', 100, 250, 250, '3.62880', '3.62880', '2019-07-10 18:03:39', '2019-07-10 18:03:39'),
(38000, 1, 17, 2, 54748, 2, 207658, 'salida', 20, 136, 136, '337.96000', '337.96000', '2019-07-10 18:03:39', '2019-07-10 18:03:39'),
(38001, 1, 15, 2, 54719, 2, 207659, 'salida', 10, 1870, 1870, '20.88739', '20.88739', '2019-07-10 18:39:56', '2019-07-10 18:39:56'),
(38002, 1, 17, 2, 54719, 2, 207660, 'salida', 300, 1570, 1570, '20.88739', '20.88739', '2019-07-10 20:00:23', '2019-07-10 20:00:23'),
(38003, 1, 17, 2, 54724, 2, 207661, 'salida', 100, 26, 26, '112.13991', '112.13991', '2019-07-10 20:18:48', '2019-07-10 20:18:48'),
(38004, 1, 17, 2, 54724, 5, 18, 'ingreso', 50, 76, 76, '112.13991', '112.13991', '2019-07-10 20:19:51', '2019-07-10 20:19:51'),
(38005, 1, 17, 2, 54749, 2, 207662, 'salida', 50, 50, 50, '20.00000', '20.00000', '2019-07-10 20:21:44', '2019-07-10 20:21:44'),
(38006, 1, 14, 2, 54720, 2, 207663, 'salida', 1, 354, 354, '8.19840', '8.19840', '2019-07-10 20:44:11', '2019-07-10 20:44:11'),
(38007, 1, 14, 2, 54741, 2, 207664, 'salida', 1, 183, 183, '3.63000', '3.63000', '2019-07-10 20:53:01', '2019-07-10 20:53:01'),
(38008, 1, 16, 2, 54741, 2, 207667, 'salida', 20, 163, 163, '3.63000', '3.63000', '2019-07-10 21:25:46', '2019-07-10 21:25:46'),
(38009, 1, 17, 2, 54719, 2, 207666, 'salida', 400, 1170, 1170, '20.88739', '20.88739', '2019-07-10 21:26:34', '2019-07-10 21:26:34'),
(38010, 1, 16, 2, 54748, 2, 207665, 'salida', 4, 132, 132, '337.96000', '337.96000', '2019-07-10 21:27:39', '2019-07-10 21:27:39'),
(38011, 1, 16, 2, 54724, 2, 207665, 'salida', 10, 66, 66, '112.13991', '112.13991', '2019-07-10 21:27:39', '2019-07-10 21:27:39'),
(38012, 1, 15, 2, 54748, 1, 975, 'ingreso', 25, 157, 157, '337.00000', '337.80713', '2019-07-10 21:31:24', '2019-07-10 21:31:24'),
(38013, 1, 15, 2, 54750, 1, 975, 'ingreso', 60, 60, 60, '53.70000', '53.70000', '2019-07-10 21:31:24', '2019-07-10 21:31:24'),
(38014, 1, 15, 2, 54751, 1, 975, 'ingreso', 50, 50, 50, '12.50000', '12.50000', '2019-07-10 21:31:24', '2019-07-10 21:31:24'),
(38015, 1, 15, 2, 54752, 1, 975, 'ingreso', 50, 50, 50, '0.57000', '0.57000', '2019-07-10 21:31:24', '2019-07-10 21:31:24'),
(38016, 1, 16, 2, 54745, 2, 207668, 'salida', 4, 56, 56, '5.46000', '5.46000', '2019-07-10 21:32:52', '2019-07-10 21:32:52'),
(38017, 1, 17, 2, 54723, 2, 207669, 'salida', 3, 478, 478, '3.48320', '3.48320', '2019-07-10 21:34:03', '2019-07-10 21:34:03'),
(38018, 1, 17, 2, 54752, 2, 207671, 'salida', 10, 40, 40, '0.57000', '0.57000', '2019-07-10 21:44:41', '2019-07-10 21:44:41'),
(38019, 1, 17, 2, 54738, 2, 207672, 'salida', 10, 90, 90, '3.14000', '3.14000', '2019-07-10 21:53:09', '2019-07-10 21:53:09'),
(38020, 1, 17, 2, 54730, 2, 207675, 'salida', 35, 5, 5, '53.70002', '53.70002', '2019-07-11 14:10:07', '2019-07-11 14:10:07'),
(38021, 1, 17, 2, 54727, 2, 207676, 'salida', 75, 808, 808, '3.62880', '3.62880', '2019-07-11 14:21:33', '2019-07-11 14:21:33'),
(38022, 1, 17, 2, 54719, 2, 207677, 'salida', 100, 1070, 1070, '20.88739', '20.88739', '2019-07-11 14:31:17', '2019-07-11 14:31:17'),
(38023, 1, 17, 2, 54723, 2, 207678, 'salida', 5, 473, 473, '3.48320', '3.48320', '2019-07-11 14:33:05', '2019-07-11 14:33:05'),
(38024, 1, 17, 2, 54744, 2, 207679, 'salida', 1, 2, 2, '254.20000', '254.20000', '2019-07-11 14:38:13', '2019-07-11 14:38:13'),
(38025, 1, 17, 2, 54734, 2, 207680, 'salida', 1, 50, 50, '4.42000', '4.42000', '2019-07-11 15:03:43', '2019-07-11 15:03:43'),
(38026, 1, 17, 2, 54719, 2, 207681, 'salida', 700, 370, 370, '20.88739', '20.88739', '2019-07-11 15:51:25', '2019-07-11 15:51:25'),
(38027, 1, 17, 2, 54725, 2, 207682, 'salida', 100, 150, 150, '3.62880', '3.62880', '2019-07-11 15:52:54', '2019-07-11 15:52:54'),
(38028, 1, 17, 2, 54741, 2, 207683, 'salida', 50, 113, 113, '3.63000', '3.63000', '2019-07-11 15:54:21', '2019-07-11 15:54:21'),
(38029, 1, 17, 2, 54719, 2, 207684, 'salida', 100, 270, 270, '20.88739', '20.88739', '2019-07-11 15:55:21', '2019-07-11 15:55:21'),
(38030, 1, 17, 2, 54727, 2, 207685, 'salida', 1, 508, 508, '3.62880', '3.62880', '2019-07-11 15:56:08', '2019-07-11 15:56:08'),
(38031, 1, 15, 2, 54748, 2, 207686, 'salida', 100, 57, 57, '337.80713', '337.80713', '2019-07-11 16:14:06', '2019-07-11 16:14:06'),
(38032, 1, 15, 2, 54719, 2, 207674, 'salida', 100, 170, 170, '20.88739', '20.88739', '2019-07-11 16:33:40', '2019-07-11 16:33:40'),
(38033, 1, 17, 2, 54724, 5, 20, 'ingreso', 50, 116, 116, '112.13991', '112.13991', '2019-07-11 17:31:18', '2019-07-11 17:31:18'),
(38034, 1, 17, 2, 54719, 5, 21, 'ingreso', 700, 870, 870, '20.88739', '20.88739', '2019-07-11 17:42:59', '2019-07-11 17:42:59'),
(38035, 1, 17, 2, 54748, 2, 207688, 'salida', 30, 27, 27, '337.80713', '337.80713', '2019-07-11 17:45:33', '2019-07-11 17:45:33'),
(38036, 1, 16, 2, 54750, 2, 207690, 'salida', 50, 10, 10, '53.70000', '53.70000', '2019-07-11 17:59:33', '2019-07-11 17:59:33'),
(38037, 1, 16, 2, 54721, 2, 207690, 'salida', 30, 20, 20, '37.40800', '37.40800', '2019-07-11 17:59:33', '2019-07-11 17:59:33'),
(38038, 1, 16, 2, 54748, 2, 207690, 'salida', 20, 7, 7, '337.80713', '337.80713', '2019-07-11 17:59:33', '2019-07-11 17:59:33'),
(38039, 1, 16, 2, 54746, 2, 207692, 'salida', 15, 1, 1, '406.10000', '406.10000', '2019-07-11 18:02:48', '2019-07-11 18:02:48'),
(38040, 1, 16, 2, 54747, 2, 207692, 'salida', 3, 8, 8, '914.76000', '914.76000', '2019-07-11 18:02:48', '2019-07-11 18:02:48'),
(38041, 1, 16, 2, 54737, 2, 207693, 'salida', 2, 89, 89, '3.63000', '3.63000', '2019-07-11 18:06:50', '2019-07-11 18:06:50'),
(38042, 1, 17, 2, 54723, 2, 207694, 'salida', 20, 453, 453, '3.48320', '3.48320', '2019-07-11 18:08:40', '2019-07-11 18:08:40'),
(38043, 1, 17, 2, 54723, 5, 23, 'ingreso', 20, 473, 473, '3.48320', '3.48320', '2019-07-11 18:16:28', '2019-07-11 18:16:28'),
(38044, 1, 17, 2, 54723, 2, 207695, 'salida', 100, 373, 373, '3.48320', '3.48320', '2019-07-11 20:24:29', '2019-07-11 20:24:29'),
(38045, 1, 15, 2, 54723, 2, 207698, 'salida', 100, 273, 273, '3.48320', '3.48320', '2019-07-11 23:12:25', '2019-07-11 23:12:25'),
(38046, 1, 17, 2, 54746, 2, 207699, 'salida', 1, 0, 0, '406.10000', '406.10000', '2019-07-12 14:36:39', '2019-07-12 14:36:39'),
(38047, 1, 17, 2, 54719, 2, 207700, 'salida', 21, 849, 849, '20.88739', '20.88739', '2019-07-12 14:42:33', '2019-07-12 14:42:33'),
(38048, 1, 17, 2, 54748, 2, 207701, 'salida', 1, 4, 4, '337.80713', '337.80713', '2019-07-12 14:43:44', '2019-07-12 14:43:44'),
(38049, 1, 17, 2, 54727, 2, 207702, 'salida', 3, 505, 505, '3.62880', '3.62880', '2019-07-12 14:45:58', '2019-07-12 14:45:58'),
(38050, 1, 17, 2, 54720, 2, 207702, 'salida', 1, 353, 353, '8.19840', '8.19840', '2019-07-12 14:45:58', '2019-07-12 14:45:58'),
(38051, 1, 17, 2, 54724, 2, 207702, 'salida', 1, 115, 115, '112.13991', '112.13991', '2019-07-12 14:45:58', '2019-07-12 14:45:58'),
(38052, 1, 17, 2, 54724, 2, 207703, 'salida', 3, 112, 112, '112.13991', '112.13991', '2019-07-12 14:50:54', '2019-07-12 14:50:54'),
(38053, 1, 17, 2, 54741, 2, 207703, 'salida', 25, 88, 88, '3.63000', '3.63000', '2019-07-12 14:50:54', '2019-07-12 14:50:54'),
(38054, 1, 17, 2, 54737, 2, 207703, 'salida', 11, 78, 78, '3.63000', '3.63000', '2019-07-12 14:50:54', '2019-07-12 14:50:54'),
(38055, 1, 17, 2, 54723, 2, 207704, 'salida', 100, 173, 173, '3.48320', '3.48320', '2019-07-12 15:10:14', '2019-07-12 15:10:14'),
(38056, 1, 17, 2, 54727, 2, 207704, 'salida', 200, 305, 305, '3.62880', '3.62880', '2019-07-12 15:10:14', '2019-07-12 15:10:14'),
(38057, 1, 17, 2, 54724, 2, 207705, 'salida', 1, 111, 111, '112.13991', '112.13991', '2019-07-12 15:59:24', '2019-07-12 15:59:24'),
(38058, 1, 17, 2, 54722, 2, 207705, 'salida', 50, 100, 100, '3.62880', '3.62880', '2019-07-12 15:59:24', '2019-07-12 15:59:24'),
(38059, 1, 17, 2, 54749, 2, 207706, 'salida', 25, 25, 25, '20.00000', '20.00000', '2019-07-12 16:00:10', '2019-07-12 16:00:10'),
(38060, 1, 17, 2, 54727, 2, 207707, 'salida', 150, 155, 155, '3.62880', '3.62880', '2019-07-12 16:00:49', '2019-07-12 16:00:49'),
(38061, 1, 17, 2, 54723, 2, 207708, 'salida', 1, 123, 123, '3.48320', '3.48320', '2019-07-12 16:01:22', '2019-07-12 16:01:22'),
(38062, 1, 17, 2, 54722, 2, 207709, 'salida', 25, 75, 75, '3.62880', '3.62880', '2019-07-12 16:19:52', '2019-07-12 16:19:52'),
(38063, 1, 17, 2, 54720, 2, 207710, 'salida', 100, 253, 253, '8.19840', '8.19840', '2019-07-12 16:20:54', '2019-07-12 16:20:54'),
(38064, 1, 17, 2, 54719, 2, 207711, 'salida', 50, 799, 799, '20.88739', '20.88739', '2019-07-12 16:22:00', '2019-07-12 16:22:00'),
(38065, 1, 17, 2, 54723, 2, 207712, 'salida', 50, 73, 73, '3.48320', '3.48320', '2019-07-12 16:45:09', '2019-07-12 16:45:09'),
(38066, 1, 17, 2, 54732, 2, 207713, 'salida', 1, 0, 0, '600.00000', '600.00000', '2019-07-12 16:48:34', '2019-07-12 16:48:34'),
(38067, 1, 17, 2, 54722, 2, 207714, 'salida', 25, 50, 50, '3.62880', '3.62880', '2019-07-12 16:54:59', '2019-07-12 16:54:59'),
(38068, 1, 17, 2, 54745, 2, 207715, 'salida', 1, 55, 55, '5.46000', '5.46000', '2019-07-12 16:56:11', '2019-07-12 16:56:11'),
(38069, 1, 17, 2, 54723, 2, 207715, 'salida', 25, 48, 48, '3.48320', '3.48320', '2019-07-12 16:56:11', '2019-07-12 16:56:11'),
(38070, 1, 17, 2, 54724, 2, 207716, 'salida', 50, 61, 61, '112.13991', '112.13991', '2019-07-12 16:57:10', '2019-07-12 16:57:10'),
(38071, 1, 17, 2, 54741, 2, 207717, 'salida', 25, 63, 63, '3.63000', '3.63000', '2019-07-12 17:38:25', '2019-07-12 17:38:25'),
(38072, 1, 17, 2, 54738, 2, 207718, 'salida', 30, 60, 60, '3.14000', '3.14000', '2019-07-12 17:39:38', '2019-07-12 17:39:38'),
(38073, 1, 17, 2, 54741, 2, 207718, 'salida', 15, 48, 48, '3.63000', '3.63000', '2019-07-12 17:39:38', '2019-07-12 17:39:38'),
(38074, 1, 17, 2, 54725, 2, 207718, 'salida', 20, 130, 130, '3.62880', '3.62880', '2019-07-12 17:39:38', '2019-07-12 17:39:38'),
(38075, 1, 17, 2, 54738, 5, 24, 'ingreso', 30, 90, 90, '3.14000', '3.14000', '2019-07-12 17:44:12', '2019-07-12 17:44:12'),
(38076, 1, 17, 2, 54741, 5, 24, 'ingreso', 15, 63, 63, '3.63000', '3.63000', '2019-07-12 17:44:12', '2019-07-12 17:44:12'),
(38077, 1, 17, 2, 54725, 5, 24, 'ingreso', 20, 150, 150, '3.62880', '3.62880', '2019-07-12 17:44:12', '2019-07-12 17:44:12'),
(38078, 1, 17, 2, 54745, 2, 207719, 'salida', 50, 5, 5, '5.46000', '5.46000', '2019-07-12 18:25:37', '2019-07-12 18:25:37'),
(38079, 1, 17, 2, 54720, 2, 207720, 'salida', 60, 193, 193, '8.19840', '8.19840', '2019-07-12 18:26:45', '2019-07-12 18:26:45'),
(38080, 1, 17, 2, 54727, 2, 207720, 'salida', 65, 90, 90, '3.62880', '3.62880', '2019-07-12 18:26:45', '2019-07-12 18:26:45'),
(38081, 1, 17, 2, 54747, 2, 207720, 'salida', 3, 5, 5, '914.76000', '914.76000', '2019-07-12 18:26:45', '2019-07-12 18:26:45'),
(38082, 1, 17, 2, 54719, 2, 207721, 'salida', 400, 399, 399, '20.88739', '20.88739', '2019-07-12 18:29:06', '2019-07-12 18:29:06'),
(38083, 1, 17, 2, 54741, 2, 207721, 'salida', 25, 38, 38, '3.63000', '3.63000', '2019-07-12 18:29:06', '2019-07-12 18:29:06'),
(38084, 1, 17, 2, 54727, 2, 207721, 'salida', 55, 35, 35, '3.62880', '3.62880', '2019-07-12 18:29:06', '2019-07-12 18:29:06'),
(38085, 1, 17, 2, 54737, 2, 207722, 'salida', 35, 43, 43, '3.63000', '3.63000', '2019-07-12 18:30:18', '2019-07-12 18:30:18'),
(38086, 1, 17, 2, 54725, 2, 207722, 'salida', 50, 100, 100, '3.62880', '3.62880', '2019-07-12 18:30:18', '2019-07-12 18:30:18'),
(38087, 1, 17, 2, 54751, 2, 207723, 'salida', 10, 40, 40, '12.50000', '12.50000', '2019-07-12 18:32:01', '2019-07-12 18:32:01'),
(38088, 1, 17, 2, 54722, 2, 207723, 'salida', 15, 35, 35, '3.62880', '3.62880', '2019-07-12 18:32:01', '2019-07-12 18:32:01'),
(38089, 1, 17, 2, 54723, 2, 207723, 'salida', 20, 28, 28, '3.48320', '3.48320', '2019-07-12 18:32:01', '2019-07-12 18:32:01'),
(38090, 1, 17, 2, 54737, 2, 207723, 'salida', 10, 33, 33, '3.63000', '3.63000', '2019-07-12 18:32:01', '2019-07-12 18:32:01'),
(38091, 1, 17, 2, 54737, 5, 25, 'ingreso', 5, 38, 38, '3.63000', '3.63000', '2019-07-12 18:34:25', '2019-07-12 18:34:25'),
(38092, 1, 17, 2, 54722, 5, 25, 'ingreso', 5, 40, 40, '3.62880', '3.62880', '2019-07-12 18:34:25', '2019-07-12 18:34:25'),
(38093, 1, 17, 2, 54720, 2, 207724, 'salida', 90, 103, 103, '8.19840', '8.19840', '2019-07-15 15:15:12', '2019-07-15 15:15:12'),
(38094, 1, 17, 2, 54722, 2, 207724, 'salida', 20, 20, 20, '3.62880', '3.62880', '2019-07-15 15:15:12', '2019-07-15 15:15:12'),
(38095, 1, 17, 2, 54727, 2, 207725, 'salida', 5, 30, 30, '3.62880', '3.62880', '2019-07-15 17:01:52', '2019-07-15 17:01:52'),
(38096, 1, 17, 2, 54734, 2, 207725, 'salida', 25, 25, 25, '4.42000', '4.42000', '2019-07-15 17:01:52', '2019-07-15 17:01:52'),
(38097, 1, 17, 2, 54738, 2, 207725, 'salida', 45, 45, 45, '3.14000', '3.14000', '2019-07-15 17:01:52', '2019-07-15 17:01:52'),
(38098, 1, 17, 2, 54736, 2, 207726, 'salida', 5, 10, 10, '77.61000', '77.61000', '2019-07-15 17:05:07', '2019-07-15 17:05:07'),
(38099, 1, 17, 2, 54721, 2, 207726, 'salida', 5, 15, 15, '37.40800', '37.40800', '2019-07-15 17:05:07', '2019-07-15 17:05:07'),
(38100, 1, 17, 2, 54728, 2, 207726, 'salida', 1, 0, 0, '3500.00000', '3500.00000', '2019-07-15 17:05:07', '2019-07-15 17:05:07'),
(38101, 1, 17, 2, 54719, 2, 207726, 'salida', 52, 347, 347, '20.88739', '20.88739', '2019-07-15 17:05:07', '2019-07-15 17:05:07'),
(38102, 1, 17, 2, 54737, 2, 207727, 'salida', 12, 26, 26, '3.63000', '3.63000', '2019-07-15 17:15:49', '2019-07-15 17:15:49'),
(38103, 1, 17, 2, 54727, 2, 207728, 'salida', 20, 10, 10, '3.62880', '3.62880', '2019-07-15 17:25:06', '2019-07-15 17:25:06'),
(38104, 1, 17, 2, 54719, 2, 207729, 'salida', 200, 147, 147, '20.88739', '20.88739', '2019-07-15 17:35:03', '2019-07-15 17:35:03'),
(38105, 1, 17, 2, 54725, 2, 207729, 'salida', 51, 49, 49, '3.62880', '3.62880', '2019-07-15 17:35:03', '2019-07-15 17:35:03'),
(38106, 1, 17, 2, 54720, 2, 207729, 'salida', 50, 53, 53, '8.19840', '8.19840', '2019-07-15 17:35:03', '2019-07-15 17:35:03'),
(38107, 1, 17, 2, 54733, 2, 207729, 'salida', 20, 20, 20, '24.74000', '24.74000', '2019-07-15 17:35:03', '2019-07-15 17:35:03'),
(38108, 1, 17, 2, 54724, 2, 207730, 'salida', 20, 41, 41, '112.13991', '112.13991', '2019-07-15 17:35:51', '2019-07-15 17:35:51'),
(38109, 1, 15, 2, 54752, 2, 207732, 'salida', 2, 38, 38, '0.57000', '0.57000', '2019-07-15 18:39:35', '2019-07-15 18:39:35'),
(38110, 1, 15, 2, 54725, 2, 207731, 'salida', 30, 19, 19, '3.62880', '3.62880', '2019-07-15 18:41:18', '2019-07-15 18:41:18'),
(38111, 1, 15, 2, 54724, 2, 207737, 'salida', 39, 2, 2, '112.13991', '112.13991', '2019-07-17 15:01:10', '2019-07-17 15:01:10'),
(38112, 1, 17, 2, 54720, 2, 207738, 'salida', 20, 33, 33, '8.19840', '8.19840', '2019-07-23 17:22:30', '2019-07-23 17:22:30'),
(38113, 1, 17, 2, 54751, 2, 207739, 'salida', 16, 24, 24, '12.50000', '12.50000', '2019-07-23 17:29:34', '2019-07-23 17:29:34'),
(38114, 1, 17, 2, 54733, 2, 207739, 'salida', 5, 15, 15, '24.74000', '24.74000', '2019-07-23 17:29:34', '2019-07-23 17:29:34'),
(38115, 1, 17, 2, 54719, 2, 207739, 'salida', 20, 127, 127, '20.88739', '20.88739', '2019-07-23 17:29:34', '2019-07-23 17:29:34'),
(38116, 1, 17, 2, 54748, 2, 207739, 'salida', 1, 3, 3, '337.80713', '337.80713', '2019-07-23 17:29:34', '2019-07-23 17:29:34'),
(38117, 1, 17, 2, 54752, 2, 207740, 'salida', 10, 28, 28, '0.57000', '0.57000', '2019-07-23 17:35:34', '2019-07-23 17:35:34'),
(38118, 1, 17, 2, 54751, 2, 207740, 'salida', 7, 17, 17, '12.50000', '12.50000', '2019-07-23 17:35:34', '2019-07-23 17:35:34'),
(38119, 1, 17, 2, 54735, 2, 207740, 'salida', 3, 17, 17, '47.37000', '47.37000', '2019-07-23 17:35:34', '2019-07-23 17:35:34'),
(38120, 1, 17, 2, 54750, 2, 207740, 'salida', 3, 7, 7, '53.70000', '53.70000', '2019-07-23 17:35:34', '2019-07-23 17:35:34'),
(38121, 1, 17, 2, 54719, 2, 207740, 'salida', 5, 122, 122, '20.88739', '20.88739', '2019-07-23 17:35:35', '2019-07-23 17:35:35'),
(38122, 1, 17, 2, 54752, 2, 207741, 'salida', 14, 14, 14, '0.57000', '0.57000', '2019-07-23 17:40:17', '2019-07-23 17:40:17'),
(38123, 1, 17, 2, 54747, 2, 207741, 'salida', 1, 4, 4, '914.76000', '914.76000', '2019-07-23 17:40:17', '2019-07-23 17:40:17'),
(38124, 1, 17, 2, 54730, 2, 207741, 'salida', 4, 1, 1, '53.70002', '53.70002', '2019-07-23 17:40:17', '2019-07-23 17:40:17'),
(38125, 1, 17, 2, 54725, 2, 207744, 'salida', 5, 14, 14, '3.62880', '3.62880', '2019-07-23 18:17:34', '2019-07-23 18:17:34'),
(38126, 1, 15, 2, 54720, 2, 207745, 'salida', 33, 0, 0, '8.19840', '8.19840', '2019-07-23 18:35:12', '2019-07-23 18:35:12'),
(38127, 1, 15, 2, 54749, 2, 207746, 'salida', 25, 0, 0, '20.00000', '20.00000', '2019-07-23 18:36:01', '2019-07-23 18:36:01'),
(38128, 1, 17, 2, 54735, 2, 207748, 'salida', 5, 12, 12, '47.37000', '47.37000', '2019-07-24 17:12:11', '2019-07-24 17:12:11'),
(38129, 1, 17, 2, 54722, 2, 207748, 'salida', 3, 17, 17, '3.62880', '3.62880', '2019-07-24 17:12:11', '2019-07-24 17:12:11'),
(38130, 1, 17, 2, 54751, 2, 207748, 'salida', 3, 14, 14, '12.50000', '12.50000', '2019-07-24 17:12:11', '2019-07-24 17:12:11'),
(38131, 1, 17, 2, 54737, 2, 207749, 'salida', 5, 21, 21, '3.63000', '3.63000', '2019-07-24 17:14:21', '2019-07-24 17:14:21'),
(38132, 1, 17, 2, 54738, 2, 207749, 'salida', 10, 35, 35, '3.14000', '3.14000', '2019-07-24 17:14:21', '2019-07-24 17:14:21'),
(38133, 1, 15, 2, 54719, 2, 207751, 'salida', 50, 72, 72, '20.88739', '20.88739', '2019-07-24 17:58:25', '2019-07-24 17:58:25'),
(38134, 1, 15, 2, 54719, 2, 207752, 'salida', 22, 50, 50, '20.88739', '20.88739', '2019-07-24 17:59:01', '2019-07-24 17:59:01'),
(38135, 1, 15, 2, 54738, 2, 207752, 'salida', 5, 30, 30, '3.14000', '3.14000', '2019-07-24 17:59:01', '2019-07-24 17:59:01'),
(38136, 1, 15, 2, 54741, 2, 207752, 'salida', 8, 30, 30, '3.63000', '3.63000', '2019-07-24 17:59:01', '2019-07-24 17:59:01'),
(38137, 1, 17, 2, 54719, 2, 207753, 'salida', 20, 30, 30, '20.88739', '20.88739', '2019-07-24 18:23:02', '2019-07-24 18:23:02'),
(38138, 1, 17, 2, 54719, 2, 207754, 'salida', 10, 20, 20, '20.88739', '20.88739', '2019-07-24 18:34:59', '2019-07-24 18:34:59'),
(38139, 1, 17, 2, 54738, 2, 207756, 'salida', 10, 20, 20, '3.14000', '3.14000', '2019-07-24 18:45:31', '2019-07-24 18:45:31'),
(38140, 1, 17, 2, 54747, 2, 207763, 'salida', 2, 2, 2, '914.76000', '914.76000', '2019-07-24 19:14:24', '2019-07-24 19:14:24'),
(38141, 1, 17, 2, 54741, 2, 207764, 'salida', 5, 25, 25, '3.63000', '3.63000', '2019-07-24 20:46:26', '2019-07-24 20:46:26'),
(38142, 1, 17, 2, 54738, 2, 207761, 'salida', 4, 16, 16, '3.14000', '3.14000', '2019-07-24 20:47:31', '2019-07-24 20:47:31'),
(38143, 1, 17, 2, 54721, 2, 207760, 'salida', 3, 12, 12, '37.40800', '37.40800', '2019-07-24 20:48:13', '2019-07-24 20:48:13'),
(38144, 1, 17, 2, 54719, 2, 207760, 'salida', 3, 17, 17, '20.88739', '20.88739', '2019-07-24 20:48:13', '2019-07-24 20:48:13'),
(38145, 1, 17, 2, 54723, 2, 207780, 'salida', 10, 18, 18, '3.48320', '3.48320', '2019-07-24 23:25:27', '2019-07-24 23:25:27'),
(38146, 1, 17, 2, 54737, 2, 207781, 'salida', 2, 19, 19, '3.63000', '3.63000', '2019-07-24 23:25:40', '2019-07-24 23:25:40'),
(38147, 1, 17, 2, 54723, 2, 207782, 'salida', 5, 13, 13, '3.48320', '3.48320', '2019-07-24 23:25:53', '2019-07-24 23:25:53'),
(38148, 1, 17, 2, 54722, 2, 207782, 'salida', 5, 12, 12, '3.62880', '3.62880', '2019-07-24 23:25:53', '2019-07-24 23:25:53'),
(38149, 1, 17, 2, 54723, 2, 207783, 'salida', 4, 9, 9, '3.48320', '3.48320', '2019-07-24 23:26:11', '2019-07-24 23:26:11'),
(38150, 1, 17, 2, 54751, 2, 207784, 'salida', 10, 4, 4, '12.50000', '12.50000', '2019-07-24 23:26:30', '2019-07-24 23:26:30'),
(38151, 1, 17, 2, 54733, 2, 207784, 'salida', 5, 10, 10, '24.74000', '24.74000', '2019-07-24 23:26:30', '2019-07-24 23:26:30'),
(38152, 1, 17, 2, 54722, 2, 207785, 'salida', 10, 2, 2, '3.62880', '3.62880', '2019-07-24 23:26:45', '2019-07-24 23:26:45'),
(38153, 1, 17, 2, 54752, 2, 207785, 'salida', 10, 4, 4, '0.57000', '0.57000', '2019-07-24 23:26:45', '2019-07-24 23:26:45'),
(38154, 1, 17, 2, 54751, 2, 207785, 'salida', 3, 1, 1, '12.50000', '12.50000', '2019-07-24 23:26:45', '2019-07-24 23:26:45'),
(38155, 1, 17, 2, 54723, 2, 207785, 'salida', 4, 5, 5, '3.48320', '3.48320', '2019-07-24 23:26:45', '2019-07-24 23:26:45'),
(38156, 1, 17, 2, 54719, 2, 207786, 'salida', 5, 12, 12, '20.88739', '20.88739', '2019-07-24 23:29:36', '2019-07-24 23:29:36'),
(38157, 1, 17, 2, 54738, 2, 207786, 'salida', 4, 12, 12, '3.14000', '3.14000', '2019-07-24 23:29:36', '2019-07-24 23:29:36'),
(38158, 1, 17, 2, 54726, 2, 207786, 'salida', 1, 7, 7, '146.42880', '146.42880', '2019-07-24 23:29:36', '2019-07-24 23:29:36'),
(38159, 1, 15, 2, 54753, 1, 978, 'ingreso', 10000, 10000, 10000, '19.50000', '19.50000', '2019-07-25 15:28:05', '2019-07-25 15:28:05'),
(38160, 1, 17, 2, 54734, 2, 207788, 'salida', 7, 18, 18, '4.42000', '4.42000', '2019-07-25 16:46:01', '2019-07-25 16:46:01'),
(38161, 1, 17, 2, 54736, 2, 207788, 'salida', 7, 3, 3, '77.61000', '77.61000', '2019-07-25 16:46:01', '2019-07-25 16:46:01'),
(38162, 1, 17, 2, 54721, 2, 207788, 'salida', 1, 11, 11, '37.40800', '37.40800', '2019-07-25 16:46:01', '2019-07-25 16:46:01'),
(38163, 1, 17, 2, 54734, 2, 207789, 'salida', 3, 15, 15, '4.42000', '4.42000', '2019-07-25 16:46:12', '2019-07-25 16:46:12'),
(38164, 1, 17, 2, 54737, 2, 207789, 'salida', 2, 17, 17, '3.63000', '3.63000', '2019-07-25 16:46:12', '2019-07-25 16:46:12'),
(38165, 1, 17, 2, 54735, 2, 207789, 'salida', 3, 9, 9, '47.37000', '47.37000', '2019-07-25 16:46:12', '2019-07-25 16:46:12'),
(38166, 1, 17, 2, 54747, 2, 207790, 'salida', 1, 1, 1, '914.76000', '914.76000', '2019-07-25 16:46:29', '2019-07-25 16:46:29'),
(38167, 1, 17, 2, 54736, 2, 207792, 'salida', 2, 1, 1, '77.61000', '77.61000', '2019-07-25 16:49:34', '2019-07-25 16:49:34'),
(38168, 1, 17, 2, 54719, 2, 207794, 'salida', 4, 8, 8, '20.88739', '20.88739', '2019-07-25 16:49:44', '2019-07-25 16:49:44'),
(38169, 1, 17, 2, 54727, 2, 207794, 'salida', 1, 9, 9, '3.62880', '3.62880', '2019-07-25 16:49:44', '2019-07-25 16:49:44'),
(38170, 1, 17, 2, 54737, 2, 207795, 'salida', 6, 11, 11, '3.63000', '3.63000', '2019-07-25 16:49:54', '2019-07-25 16:49:54'),
(38171, 1, 17, 2, 54725, 2, 207796, 'salida', 4, 10, 10, '3.62880', '3.62880', '2019-07-25 16:50:04', '2019-07-25 16:50:04'),
(38172, 1, 17, 2, 54735, 2, 207796, 'salida', 6, 3, 3, '47.37000', '47.37000', '2019-07-25 16:50:04', '2019-07-25 16:50:04'),
(38173, 1, 17, 2, 54719, 2, 207797, 'salida', 6, 2, 2, '20.88739', '20.88739', '2019-07-25 16:50:14', '2019-07-25 16:50:14'),
(38174, 1, 17, 2, 54721, 2, 207797, 'salida', 3, 8, 8, '37.40800', '37.40800', '2019-07-25 16:50:14', '2019-07-25 16:50:14'),
(38175, 1, 17, 2, 54739, 2, 207798, 'salida', 1, 4, 4, '170.55000', '170.55000', '2019-07-25 16:50:22', '2019-07-25 16:50:22'),
(38176, 1, 15, 2, 54754, 1, 981, 'ingreso', 10000, 10000, 10000, '68.00000', '68.00000', '2019-07-25 16:59:07', '2019-07-25 16:59:07'),
(38177, 1, 15, 2, 54719, 1, 983, 'ingreso', 1000, 1002, 1002, '20.88000', '20.88001', '2019-07-25 18:01:46', '2019-07-25 18:01:46'),
(38178, 1, 15, 2, 54755, 1, 984, 'ingreso', 128, 128, 128, '122.84000', '122.84000', '2019-07-25 18:11:32', '2019-07-25 18:11:32'),
(38179, 1, 15, 2, 54756, 1, 984, 'ingreso', 88, 88, 88, '92.16000', '92.16000', '2019-07-25 18:11:32', '2019-07-25 18:11:32'),
(38180, 1, 15, 2, 54757, 1, 984, 'ingreso', 80, 80, 80, '61.44000', '61.44000', '2019-07-25 18:11:32', '2019-07-25 18:11:32'),
(38181, 1, 15, 2, 54758, 1, 985, 'ingreso', 500, 500, 500, '57.00000', '57.00000', '2019-07-25 18:20:15', '2019-07-25 18:20:15'),
(38182, 1, 15, 2, 54756, 1, 986, 'ingreso', 100, 188, 188, '92.16000', '92.16000', '2019-07-25 19:09:53', '2019-07-25 19:09:53'),
(38183, 1, 15, 2, 54758, 1, 987, 'ingreso', 300, 800, 800, '57.00000', '57.00000', '2019-07-25 19:14:13', '2019-07-25 19:14:13'),
(38184, 1, 17, 2, 54753, 2, 207799, 'salida', 250, 9750, 9750, '19.50000', '19.50000', '2019-07-25 20:28:22', '2019-07-25 20:28:22'),
(38185, 1, 17, 2, 54754, 2, 207800, 'salida', 230, 9770, 9770, '68.00000', '68.00000', '2019-07-25 20:28:39', '2019-07-25 20:28:39'),
(38186, 1, 17, 2, 54754, 2, 207801, 'salida', 79, 9691, 9691, '68.00000', '68.00000', '2019-07-25 20:28:51', '2019-07-25 20:28:51'),
(38187, 1, 17, 2, 54754, 2, 207802, 'salida', 400, 9291, 9291, '68.00000', '68.00000', '2019-07-25 20:29:07', '2019-07-25 20:29:07'),
(38188, 1, 17, 2, 54719, 2, 207803, 'salida', 25, 977, 977, '20.88001', '20.88001', '2019-07-25 20:29:18', '2019-07-25 20:29:18'),
(38189, 1, 17, 2, 54753, 2, 207804, 'salida', 5, 9745, 9745, '19.50000', '19.50000', '2019-07-25 20:29:29', '2019-07-25 20:29:29'),
(38190, 1, 17, 2, 54757, 2, 207805, 'salida', 20, 60, 60, '61.44000', '61.44000', '2019-07-25 20:29:39', '2019-07-25 20:29:39'),
(38191, 1, 17, 2, 54719, 2, 207806, 'salida', 50, 927, 927, '20.88001', '20.88001', '2019-07-26 22:15:01', '2019-07-26 22:15:01'),
(38192, 1, 17, 2, 54758, 2, 207806, 'salida', 100, 700, 700, '57.00000', '57.00000', '2019-07-26 22:15:01', '2019-07-26 22:15:01'),
(38193, 1, 17, 2, 54755, 2, 207806, 'salida', 10, 118, 118, '122.84000', '122.84000', '2019-07-26 22:15:01', '2019-07-26 22:15:01'),
(38194, 1, 17, 2, 54754, 2, 207808, 'salida', 3, 9288, 9288, '68.00000', '68.00000', '2019-07-26 22:15:35', '2019-07-26 22:15:35'),
(38195, 1, 17, 2, 54753, 2, 207808, 'salida', 5, 9740, 9740, '19.50000', '19.50000', '2019-07-26 22:15:35', '2019-07-26 22:15:35'),
(38196, 1, 17, 2, 54719, 2, 207808, 'salida', 50, 877, 877, '20.88001', '20.88001', '2019-07-26 22:15:35', '2019-07-26 22:15:35'),
(38197, 1, 17, 2, 54757, 2, 207809, 'salida', 6, 54, 54, '61.44000', '61.44000', '2019-07-26 22:18:09', '2019-07-26 22:18:09'),
(38198, 1, 17, 2, 54754, 2, 207811, 'salida', 100, 9188, 9188, '68.00000', '68.00000', '2019-07-26 22:21:06', '2019-07-26 22:21:06'),
(38199, 1, 17, 2, 54753, 2, 207807, 'salida', 500, 9240, 9240, '19.50000', '19.50000', '2019-07-26 22:23:37', '2019-07-26 22:23:37'),
(38200, 1, 17, 2, 54758, 2, 207807, 'salida', 20, 680, 680, '57.00000', '57.00000', '2019-07-26 22:23:37', '2019-07-26 22:23:37'),
(38201, 1, 17, 2, 54726, 2, 207807, 'salida', 1, 6, 6, '146.42880', '146.42880', '2019-07-26 22:23:37', '2019-07-26 22:23:37'),
(38202, 1, 17, 2, 54741, 2, 207810, 'salida', 2, 23, 23, '3.63000', '3.63000', '2019-07-26 22:24:25', '2019-07-26 22:24:25'),
(38203, 1, 17, 2, 54740, 2, 207812, 'salida', 4, 13, 13, '244.64000', '244.64000', '2019-07-26 22:41:39', '2019-07-26 22:41:39'),
(38204, 1, 17, 2, 54719, 2, 207812, 'salida', 300, 577, 577, '20.88001', '20.88001', '2019-07-26 22:41:39', '2019-07-26 22:41:39'),
(38205, 1, 17, 2, 54753, 2, 207813, 'salida', 50, 9190, 9190, '19.50000', '19.50000', '2019-07-26 22:42:04', '2019-07-26 22:42:04'),
(38206, 1, 17, 2, 54754, 2, 207814, 'salida', 200, 8988, 8988, '68.00000', '68.00000', '2019-07-26 22:46:46', '2019-07-26 22:46:46'),
(38207, 1, 17, 2, 54754, 2, 207815, 'salida', 40, 8948, 8948, '68.00000', '68.00000', '2019-07-26 22:56:14', '2019-07-26 22:56:14'),
(38208, 1, 19, 2, 54754, 2, 207817, 'salida', 1, 8947, 8947, '68.00000', '68.00000', '2019-07-29 22:35:08', '2019-07-29 22:35:08'),
(38209, 1, 19, 2, 54753, 2, 207817, 'salida', 30, 9160, 9160, '19.50000', '19.50000', '2019-07-29 22:35:08', '2019-07-29 22:35:08'),
(38210, 1, 19, 2, 54754, 2, 207818, 'salida', 25, 8922, 8922, '68.00000', '68.00000', '2019-07-29 22:35:23', '2019-07-29 22:35:23'),
(38211, 1, 19, 2, 54756, 2, 207818, 'salida', 30, 158, 158, '92.16000', '92.16000', '2019-07-29 22:35:23', '2019-07-29 22:35:23'),
(38212, 1, 19, 2, 54757, 2, 207819, 'salida', 46, 8, 8, '61.44000', '61.44000', '2019-07-29 22:35:41', '2019-07-29 22:35:41'),
(38213, 1, 19, 2, 54734, 2, 207819, 'salida', 1, 14, 14, '4.42000', '4.42000', '2019-07-29 22:35:41', '2019-07-29 22:35:41'),
(38214, 1, 19, 2, 54740, 2, 207820, 'salida', 3, 10, 10, '244.64000', '244.64000', '2019-07-29 22:35:58', '2019-07-29 22:35:58'),
(38215, 1, 17, 2, 54757, 2, 207821, 'salida', 3, 5, 5, '61.44000', '61.44000', '2019-07-29 22:36:24', '2019-07-29 22:36:24'),
(38216, 1, 19, 2, 54758, 2, 207823, 'salida', 1, 679, 679, '57.00000', '57.00000', '2019-07-29 22:36:50', '2019-07-29 22:36:50'),
(38217, 1, 17, 2, 54754, 2, 207824, 'salida', 50, 8872, 8872, '68.00000', '68.00000', '2019-07-29 22:37:05', '2019-07-29 22:37:05'),
(38218, 1, 19, 2, 54756, 2, 207825, 'salida', 25, 133, 133, '92.16000', '92.16000', '2019-07-29 22:37:50', '2019-07-29 22:37:50'),
(38219, 1, 19, 2, 54734, 2, 207825, 'salida', 10, 4, 4, '4.42000', '4.42000', '2019-07-29 22:37:50', '2019-07-29 22:37:50'),
(38220, 1, 19, 2, 54756, 2, 207826, 'salida', 4, 129, 129, '92.16000', '92.16000', '2019-07-29 22:38:04', '2019-07-29 22:38:04'),
(38221, 1, 19, 2, 54754, 2, 207826, 'salida', 30, 8842, 8842, '68.00000', '68.00000', '2019-07-29 22:38:04', '2019-07-29 22:38:04'),
(38222, 1, 19, 2, 54753, 2, 207827, 'salida', 25, 9135, 9135, '19.50000', '19.50000', '2019-07-29 22:38:14', '2019-07-29 22:38:14'),
(38223, 1, 17, 2, 54754, 2, 207828, 'salida', 111, 8731, 8731, '68.00000', '68.00000', '2019-07-29 22:38:26', '2019-07-29 22:38:26'),
(38224, 1, 19, 2, 54755, 2, 207829, 'salida', 30, 88, 88, '122.84000', '122.84000', '2019-07-29 22:38:36', '2019-07-29 22:38:36'),
(38225, 1, 19, 2, 54740, 2, 207829, 'salida', 1, 9, 9, '244.64000', '244.64000', '2019-07-29 22:38:36', '2019-07-29 22:38:36'),
(38226, 1, 17, 2, 54753, 2, 207831, 'salida', 35, 9100, 9100, '19.50000', '19.50000', '2019-07-29 22:39:11', '2019-07-29 22:39:11'),
(38227, 1, 17, 2, 54734, 2, 207831, 'salida', 4, 0, 0, '4.42000', '4.42000', '2019-07-29 22:39:12', '2019-07-29 22:39:12'),
(38228, 1, 19, 2, 54748, 2, 207832, 'salida', 1, 2, 2, '337.80713', '337.80713', '2019-07-29 22:39:23', '2019-07-29 22:39:23'),
(38229, 1, 19, 2, 54750, 2, 207833, 'salida', 6, 1, 1, '53.70000', '53.70000', '2019-07-29 22:39:34', '2019-07-29 22:39:34'),
(38230, 1, 17, 2, 54754, 2, 207835, 'salida', 200, 8531, 8531, '68.00000', '68.00000', '2019-07-29 22:39:45', '2019-07-29 22:39:45'),
(38231, 1, 17, 2, 54719, 2, 207835, 'salida', 10, 567, 567, '20.88001', '20.88001', '2019-07-29 22:39:45', '2019-07-29 22:39:45'),
(38232, 1, 17, 2, 54757, 2, 207835, 'salida', 5, 0, 0, '61.44000', '61.44000', '2019-07-29 22:39:45', '2019-07-29 22:39:45'),
(38233, 1, 17, 2, 54753, 2, 207839, 'salida', 1000, 8100, 8100, '19.50000', '19.50000', '2019-07-29 22:40:10', '2019-07-29 22:40:10'),
(38234, 1, 17, 2, 54754, 2, 207839, 'salida', 1000, 7531, 7531, '68.00000', '68.00000', '2019-07-29 22:40:10', '2019-07-29 22:40:10'),
(38235, 1, 17, 2, 54753, 2, 207837, 'salida', 50, 8050, 8050, '19.50000', '19.50000', '2019-07-29 22:40:21', '2019-07-29 22:40:21'),
(38236, 1, 17, 2, 54719, 2, 207837, 'salida', 20, 547, 547, '20.88001', '20.88001', '2019-07-29 22:40:21', '2019-07-29 22:40:21'),
(38237, 1, 17, 2, 54741, 2, 207838, 'salida', 11, 12, 12, '3.63000', '3.63000', '2019-07-29 22:40:32', '2019-07-29 22:40:32'),
(38238, 1, 17, 2, 54758, 2, 207838, 'salida', 20, 659, 659, '57.00000', '57.00000', '2019-07-29 22:40:32', '2019-07-29 22:40:32'),
(38239, 1, 15, 2, 54761, 1, 989, 'ingreso', 100, 100, 100, '0.29000', '0.29000', '2019-07-30 16:15:22', '2019-07-30 16:15:22'),
(38240, 1, 15, 2, 54762, 1, 989, 'ingreso', 100, 100, 100, '0.43000', '0.43000', '2019-07-30 16:15:22', '2019-07-30 16:15:22'),
(38242, 1, 15, 2, 54753, 3, 77, 'salida', 25, 8025, 8025, '19.50000', '19.50000', '2019-07-30 16:18:58', '2019-07-30 16:18:58'),
(38243, 1, 19, 2, 54725, 2, 207843, 'salida', 3, 7, 7, '3.62880', '3.62880', '2019-07-30 16:29:22', '2019-07-30 16:29:22'),
(38244, 1, 19, 2, 54738, 2, 207843, 'salida', 5, 7, 7, '3.14000', '3.14000', '2019-07-30 16:29:22', '2019-07-30 16:29:22'),
(38245, 1, 19, 2, 54737, 2, 207844, 'salida', 3, 8, 8, '3.63000', '3.63000', '2019-07-30 16:29:36', '2019-07-30 16:29:36'),
(38246, 1, 19, 2, 54733, 2, 207844, 'salida', 3, 7, 7, '24.74000', '24.74000', '2019-07-30 16:29:36', '2019-07-30 16:29:36'),
(38247, 1, 19, 2, 54738, 2, 207846, 'salida', 1, 6, 6, '3.14000', '3.14000', '2019-07-30 16:29:45', '2019-07-30 16:29:45'),
(38248, 1, 19, 2, 54723, 2, 207846, 'salida', 3, 2, 2, '3.48320', '3.48320', '2019-07-30 16:29:45', '2019-07-30 16:29:45'),
(38249, 1, 19, 2, 54725, 2, 207847, 'salida', 5, 2, 2, '3.62880', '3.62880', '2019-07-30 16:30:02', '2019-07-30 16:30:02'),
(38250, 1, 19, 2, 54724, 2, 207847, 'salida', 1, 1, 1, '112.13991', '112.13991', '2019-07-30 16:30:02', '2019-07-30 16:30:02'),
(38251, 1, 19, 2, 54756, 2, 207848, 'salida', 30, 99, 99, '92.16000', '92.16000', '2019-07-30 16:30:29', '2019-07-30 16:30:29'),
(38252, 1, 19, 2, 54743, 2, 207848, 'salida', 4, 1, 1, '499.40000', '499.40000', '2019-07-30 16:30:29', '2019-07-30 16:30:29'),
(38253, 1, 19, 2, 54754, 2, 207849, 'salida', 45, 7466, 7466, '68.00000', '68.00000', '2019-07-30 16:30:42', '2019-07-30 16:30:42'),
(38254, 1, 19, 2, 54738, 2, 207849, 'salida', 3, 3, 3, '3.14000', '3.14000', '2019-07-30 16:30:42', '2019-07-30 16:30:42'),
(38255, 1, 19, 2, 54747, 2, 207850, 'salida', 1, 0, 0, '914.76000', '914.76000', '2019-07-30 16:31:02', '2019-07-30 16:31:02'),
(38256, 1, 19, 2, 54740, 2, 207850, 'salida', 1, 8, 8, '244.64000', '244.64000', '2019-07-30 16:31:02', '2019-07-30 16:31:02'),
(38257, 1, 19, 2, 54750, 2, 207850, 'salida', 1, 0, 0, '53.70000', '53.70000', '2019-07-30 16:31:02', '2019-07-30 16:31:02'),
(38258, 1, 19, 2, 54748, 2, 207850, 'salida', 2, 0, 0, '337.80713', '337.80713', '2019-07-30 16:31:02', '2019-07-30 16:31:02'),
(38259, 1, 19, 2, 54755, 2, 207851, 'salida', 85, 3, 3, '122.84000', '122.84000', '2019-07-30 16:31:19', '2019-07-30 16:31:19'),
(38260, 1, 19, 2, 54758, 2, 207851, 'salida', 35, 624, 624, '57.00000', '57.00000', '2019-07-30 16:31:19', '2019-07-30 16:31:19'),
(38261, 1, 19, 2, 54753, 2, 207851, 'salida', 350, 7675, 7675, '19.50000', '19.50000', '2019-07-30 16:31:19', '2019-07-30 16:31:19'),
(38262, 1, 19, 2, 54737, 2, 207852, 'salida', 6, 2, 2, '3.63000', '3.63000', '2019-07-30 16:31:27', '2019-07-30 16:31:27'),
(38263, 1, 19, 2, 54741, 2, 207853, 'salida', 6, 6, 6, '3.63000', '3.63000', '2019-07-30 16:33:03', '2019-07-30 16:33:03'),
(38264, 1, 19, 2, 54755, 2, 207853, 'salida', 3, 0, 0, '122.84000', '122.84000', '2019-07-30 16:33:03', '2019-07-30 16:33:03'),
(38265, 1, 19, 2, 54758, 2, 207855, 'salida', 15, 609, 609, '57.00000', '57.00000', '2019-07-30 16:33:44', '2019-07-30 16:33:44'),
(38266, 1, 19, 2, 54761, 2, 207855, 'salida', 20, 80, 80, '0.29000', '0.29000', '2019-07-30 16:33:44', '2019-07-30 16:33:44'),
(38267, 1, 19, 2, 54719, 2, 207856, 'salida', 145, 402, 402, '20.88001', '20.88001', '2019-07-30 17:20:53', '2019-07-30 17:20:53'),
(38268, 1, 19, 2, 54727, 2, 207856, 'salida', 3, 6, 6, '3.62880', '3.62880', '2019-07-30 17:20:53', '2019-07-30 17:20:53'),
(38269, 1, 1, 2, 54754, 2, 207859, 'salida', 1, 7465, 7465, '68.00000', '68.00000', '2019-07-30 17:22:31', '2019-07-30 17:22:31'),
(38270, 1, 19, 2, 54730, 5, 26, 'ingreso', 10, 11, 11, '53.70002', '53.70002', '2019-07-30 17:28:09', '2019-07-30 17:28:09'),
(38271, 1, 19, 2, 54729, 5, 27, 'ingreso', 1, 1, 1, '3500.00000', '3500.00000', '2019-07-30 17:30:01', '2019-07-30 17:30:01'),
(38272, 1, 19, 2, 54758, 2, 207860, 'salida', 5, 604, 604, '57.00000', '57.00000', '2019-07-30 17:47:02', '2019-07-30 17:47:02'),
(38273, 1, 19, 2, 54721, 2, 207860, 'salida', 6, 2, 2, '37.40800', '37.40800', '2019-07-30 17:47:02', '2019-07-30 17:47:02'),
(38274, 1, 19, 2, 54735, 2, 207860, 'salida', 1, 2, 2, '47.37000', '47.37000', '2019-07-30 17:47:02', '2019-07-30 17:47:02'),
(38275, 1, 19, 2, 54758, 2, 207857, 'salida', 1, 603, 603, '57.00000', '57.00000', '2019-07-30 17:47:36', '2019-07-30 17:47:36'),
(38276, 1, 19, 2, 54756, 2, 207861, 'salida', 6, 93, 93, '92.16000', '92.16000', '2019-07-30 17:51:15', '2019-07-30 17:51:15'),
(38277, 1, 19, 2, 54730, 2, 207862, 'salida', 3, 8, 8, '53.70002', '53.70002', '2019-07-30 17:57:33', '2019-07-30 17:57:33'),
(38278, 1, 19, 2, 54752, 2, 207862, 'salida', 2, 2, 2, '0.57000', '0.57000', '2019-07-30 17:57:33', '2019-07-30 17:57:33'),
(38279, 1, 19, 2, 54719, 2, 207863, 'salida', 15, 387, 387, '20.88001', '20.88001', '2019-07-30 18:00:24', '2019-07-30 18:00:24'),
(38280, 1, 19, 2, 54761, 2, 207863, 'salida', 15, 65, 65, '0.29000', '0.29000', '2019-07-30 18:00:24', '2019-07-30 18:00:24'),
(38281, 1, 19, 2, 54739, 2, 207864, 'salida', 1, 3, 3, '170.55000', '170.55000', '2019-07-30 18:02:05', '2019-07-30 18:02:05'),
(38282, 1, 19, 2, 54758, 2, 207864, 'salida', 300, 303, 303, '57.00000', '57.00000', '2019-07-30 18:02:05', '2019-07-30 18:02:05'),
(38283, 1, 19, 2, 54730, 2, 207864, 'salida', 4, 4, 4, '53.70002', '53.70002', '2019-07-30 18:02:05', '2019-07-30 18:02:05'),
(38284, 1, 19, 2, 54761, 2, 207865, 'salida', 35, 30, 30, '0.29000', '0.29000', '2019-07-30 18:03:55', '2019-07-30 18:03:55'),
(38285, 1, 19, 2, 54754, 2, 207865, 'salida', 125, 7340, 7340, '68.00000', '68.00000', '2019-07-30 18:03:55', '2019-07-30 18:03:55'),
(38286, 1, 19, 2, 54762, 2, 207866, 'salida', 50, 50, 50, '0.43000', '0.43000', '2019-07-30 18:05:07', '2019-07-30 18:05:07'),
(38287, 1, 19, 2, 54754, 2, 207866, 'salida', 154, 7186, 7186, '68.00000', '68.00000', '2019-07-30 18:05:07', '2019-07-30 18:05:07'),
(38288, 1, 19, 2, 54758, 2, 207866, 'salida', 155, 148, 148, '57.00000', '57.00000', '2019-07-30 18:05:07', '2019-07-30 18:05:07'),
(38289, 1, 19, 2, 54727, 2, 207867, 'salida', 5, 1, 1, '3.62880', '3.62880', '2019-07-30 18:07:29', '2019-07-30 18:07:29'),
(38290, 1, 19, 2, 54741, 2, 207867, 'salida', 4, 2, 2, '3.63000', '3.63000', '2019-07-30 18:07:29', '2019-07-30 18:07:29'),
(38291, 1, 19, 2, 54719, 2, 207867, 'salida', 300, 87, 87, '20.88001', '20.88001', '2019-07-30 18:07:29', '2019-07-30 18:07:29');
INSERT INTO `kardex` (`id`, `tienda_id`, `user_id`, `kardex_accion_id`, `producto_id`, `kardex_transaccion_id`, `transaccion_id`, `evento`, `cantidad`, `existencia`, `existencia_tienda`, `costo`, `costo_promedio`, `created_at`, `updated_at`) VALUES
(38292, 1, 19, 2, 54754, 2, 207868, 'salida', 325, 6861, 6861, '68.00000', '68.00000', '2019-07-30 18:09:37', '2019-07-30 18:09:37'),
(38293, 1, 19, 2, 54753, 2, 207868, 'salida', 146, 7529, 7529, '19.50000', '19.50000', '2019-07-30 18:09:37', '2019-07-30 18:09:37'),
(38294, 1, 19, 2, 54761, 2, 207868, 'salida', 15, 15, 15, '0.29000', '0.29000', '2019-07-30 18:09:37', '2019-07-30 18:09:37'),
(38295, 1, 19, 2, 54753, 2, 207869, 'salida', 185, 7344, 7344, '19.50000', '19.50000', '2019-07-30 18:12:56', '2019-07-30 18:12:56'),
(38296, 1, 19, 2, 54762, 2, 207869, 'salida', 15, 35, 35, '0.43000', '0.43000', '2019-07-30 18:12:56', '2019-07-30 18:12:56'),
(38297, 1, 19, 2, 54726, 2, 207869, 'salida', 4, 2, 2, '146.42880', '146.42880', '2019-07-30 18:12:56', '2019-07-30 18:12:56'),
(38298, 1, 19, 2, 54754, 2, 207869, 'salida', 298, 6563, 6563, '68.00000', '68.00000', '2019-07-30 18:12:56', '2019-07-30 18:12:56'),
(38299, 1, 19, 2, 54762, 2, 207870, 'salida', 20, 15, 15, '0.43000', '0.43000', '2019-07-30 18:14:45', '2019-07-30 18:14:45'),
(38300, 1, 19, 2, 54719, 2, 207870, 'salida', 45, 42, 42, '20.88001', '20.88001', '2019-07-30 18:14:45', '2019-07-30 18:14:45'),
(38301, 1, 19, 2, 54741, 2, 207870, 'salida', 1, 1, 1, '3.63000', '3.63000', '2019-07-30 18:14:45', '2019-07-30 18:14:45'),
(38302, 1, 19, 2, 54719, 2, 207871, 'salida', 32, 10, 10, '20.88001', '20.88001', '2019-07-30 18:25:59', '2019-07-30 18:25:59'),
(38303, 1, 19, 2, 54756, 2, 207871, 'salida', 45, 48, 48, '92.16000', '92.16000', '2019-07-30 18:25:59', '2019-07-30 18:25:59'),
(38304, 1, 19, 2, 54726, 2, 207871, 'salida', 1, 1, 1, '146.42880', '146.42880', '2019-07-30 18:25:59', '2019-07-30 18:25:59'),
(38305, 1, 19, 2, 54761, 2, 207872, 'salida', 13, 2, 2, '0.29000', '0.29000', '2019-07-30 18:27:19', '2019-07-30 18:27:19'),
(38306, 1, 19, 2, 54740, 2, 207872, 'salida', 7, 1, 1, '244.64000', '244.64000', '2019-07-30 18:27:19', '2019-07-30 18:27:19'),
(38307, 1, 19, 2, 54753, 2, 207873, 'salida', 6000, 1344, 1344, '19.50000', '19.50000', '2019-07-30 18:29:06', '2019-07-30 18:29:06'),
(38308, 1, 19, 2, 54758, 2, 207873, 'salida', 100, 48, 48, '57.00000', '57.00000', '2019-07-30 18:29:06', '2019-07-30 18:29:06'),
(38309, 1, 19, 2, 54719, 2, 207873, 'salida', 10, 0, 0, '20.88001', '20.88001', '2019-07-30 18:29:06', '2019-07-30 18:29:06'),
(38310, 1, 19, 2, 54756, 2, 207874, 'salida', 35, 13, 13, '92.16000', '92.16000', '2019-07-30 18:31:41', '2019-07-30 18:31:41'),
(38311, 1, 19, 2, 54754, 2, 207874, 'salida', 563, 6000, 6000, '68.00000', '68.00000', '2019-07-30 18:31:41', '2019-07-30 18:31:41'),
(38312, 1, 19, 2, 54745, 2, 207874, 'salida', 4, 1, 1, '5.46000', '5.46000', '2019-07-30 18:31:41', '2019-07-30 18:31:41'),
(38313, 1, 19, 2, 54722, 2, 207874, 'salida', 1, 1, 1, '3.62880', '3.62880', '2019-07-30 18:31:41', '2019-07-30 18:31:41'),
(38314, 1, 19, 2, 54733, 2, 207874, 'salida', 6, 1, 1, '24.74000', '24.74000', '2019-07-30 18:31:41', '2019-07-30 18:31:41'),
(38315, 1, 19, 2, 54739, 2, 207874, 'salida', 3, 0, 0, '170.55000', '170.55000', '2019-07-30 18:31:41', '2019-07-30 18:31:41'),
(38316, 1, 19, 2, 54724, 2, 207875, 'salida', 1, 0, 0, '112.13991', '112.13991', '2019-07-30 18:32:28', '2019-07-30 18:32:28'),
(38317, 1, 19, 2, 54731, 2, 207876, 'salida', 1, 0, 0, '899.99000', '899.99000', '2019-07-30 18:33:41', '2019-07-30 18:33:41'),
(38318, 1, 19, 2, 54753, 2, 207876, 'salida', 45, 1299, 1299, '19.50000', '19.50000', '2019-07-30 18:33:41', '2019-07-30 18:33:41'),
(38319, 1, 19, 2, 54754, 2, 207876, 'salida', 25, 5975, 5975, '68.00000', '68.00000', '2019-07-30 18:33:41', '2019-07-30 18:33:41'),
(38320, 1, 19, 2, 54753, 2, 207877, 'salida', 145, 1154, 1154, '19.50000', '19.50000', '2019-07-30 18:35:58', '2019-07-30 18:35:58'),
(38321, 1, 19, 2, 54730, 2, 207877, 'salida', 1, 3, 3, '53.70002', '53.70002', '2019-07-30 18:35:58', '2019-07-30 18:35:58'),
(38322, 1, 19, 2, 54754, 2, 207877, 'salida', 956, 5019, 5019, '68.00000', '68.00000', '2019-07-30 18:35:58', '2019-07-30 18:35:58'),
(38323, 1, 19, 2, 54756, 2, 207878, 'salida', 13, 0, 0, '92.16000', '92.16000', '2019-07-30 18:37:02', '2019-07-30 18:37:02'),
(38324, 1, 19, 2, 54753, 2, 207878, 'salida', 3, 1151, 1151, '19.50000', '19.50000', '2019-07-30 18:37:02', '2019-07-30 18:37:02'),
(38325, 1, 19, 2, 54754, 2, 207879, 'salida', 3, 5016, 5016, '68.00000', '68.00000', '2019-07-30 18:39:00', '2019-07-30 18:39:00'),
(38326, 1, 19, 2, 54762, 2, 207879, 'salida', 2, 13, 13, '0.43000', '0.43000', '2019-07-30 18:39:00', '2019-07-30 18:39:00'),
(38327, 1, 19, 2, 54723, 2, 207879, 'salida', 1, 1, 1, '3.48320', '3.48320', '2019-07-30 18:39:00', '2019-07-30 18:39:00'),
(38328, 1, 19, 2, 54721, 2, 207879, 'salida', 1, 1, 1, '37.40800', '37.40800', '2019-07-30 18:39:00', '2019-07-30 18:39:00'),
(38329, 1, 19, 2, 54762, 2, 207880, 'salida', 1, 12, 12, '0.43000', '0.43000', '2019-07-30 18:45:51', '2019-07-30 18:45:51'),
(38330, 1, 19, 2, 54738, 2, 207880, 'salida', 1, 2, 2, '3.14000', '3.14000', '2019-07-30 18:45:51', '2019-07-30 18:45:51'),
(38331, 1, 19, 2, 54758, 2, 207880, 'salida', 5, 43, 43, '57.00000', '57.00000', '2019-07-30 18:45:51', '2019-07-30 18:45:51'),
(38332, 1, 19, 2, 54753, 2, 207881, 'salida', 15, 1136, 1136, '19.50000', '19.50000', '2019-07-30 18:47:41', '2019-07-30 18:47:41'),
(38333, 1, 19, 2, 54754, 2, 207881, 'salida', 3, 5013, 5013, '68.00000', '68.00000', '2019-07-30 18:47:41', '2019-07-30 18:47:41'),
(38334, 1, 19, 2, 54754, 2, 207882, 'salida', 3, 5010, 5010, '68.00000', '68.00000', '2019-07-30 18:49:41', '2019-07-30 18:49:41'),
(38335, 1, 19, 2, 54758, 2, 207882, 'salida', 3, 40, 40, '57.00000', '57.00000', '2019-07-30 18:49:41', '2019-07-30 18:49:41'),
(38336, 1, 19, 2, 54753, 2, 207882, 'salida', 12, 1124, 1124, '19.50000', '19.50000', '2019-07-30 18:49:41', '2019-07-30 18:49:41'),
(38337, 1, 19, 2, 54758, 2, 207883, 'salida', 1, 39, 39, '57.00000', '57.00000', '2019-07-30 18:51:35', '2019-07-30 18:51:35'),
(38338, 1, 19, 2, 54753, 2, 207883, 'salida', 3, 1121, 1121, '19.50000', '19.50000', '2019-07-30 18:51:35', '2019-07-30 18:51:35'),
(38339, 1, 19, 2, 54754, 2, 207883, 'salida', 4, 5006, 5006, '68.00000', '68.00000', '2019-07-30 18:51:35', '2019-07-30 18:51:35'),
(38340, 1, 19, 2, 54754, 2, 207885, 'salida', 4, 5002, 5002, '68.00000', '68.00000', '2019-07-30 21:09:56', '2019-07-30 21:09:56'),
(38341, 1, 19, 2, 54758, 2, 207885, 'salida', 3, 36, 36, '57.00000', '57.00000', '2019-07-30 21:09:56', '2019-07-30 21:09:56'),
(38342, 1, 19, 2, 54735, 2, 207885, 'salida', 1, 1, 1, '47.37000', '47.37000', '2019-07-30 21:09:56', '2019-07-30 21:09:56'),
(38343, 1, 1, 2, 54762, 2, 207886, 'salida', 10, 2, 2, '0.43000', '0.43000', '2019-07-30 21:13:01', '2019-07-30 21:13:01'),
(38344, 1, 1, 2, 54758, 2, 207888, 'salida', 30, 6, 6, '57.00000', '57.00000', '2019-07-30 21:18:34', '2019-07-30 21:18:34'),
(38345, 1, 1, 2, 54758, 2, 207889, 'salida', 6, 0, 0, '57.00000', '57.00000', '2019-07-30 21:25:19', '2019-07-30 21:25:19'),
(38346, 1, 16, 2, 54719, 5, 28, 'ingreso', 10, 10, 10, '20.88001', '20.88001', '2019-07-30 21:31:03', '2019-07-30 21:31:03'),
(38347, 1, 16, 2, 54758, 5, 29, 'ingreso', 100, 100, 100, '57.00000', '57.00000', '2019-07-30 21:33:29', '2019-07-30 21:33:29'),
(38348, 1, 19, 2, 54758, 5, 30, 'ingreso', 3, 103, 103, '57.00000', '57.00000', '2019-07-30 21:33:36', '2019-07-30 21:33:36'),
(38349, 1, 15, 2, 54738, 1, 990, 'ingreso', 600, 602, 602, '3.50000', '3.49880', '2019-07-30 21:52:09', '2019-07-30 21:52:09'),
(38350, 1, 15, 2, 54764, 1, 991, 'ingreso', 12, 12, 12, '1.24000', '1.24000', '2019-07-30 22:10:04', '2019-07-30 22:10:04'),
(38351, 1, 15, 2, 54765, 1, 991, 'ingreso', 12, 12, 12, '0.71000', '0.71000', '2019-07-30 22:10:04', '2019-07-30 22:10:04'),
(38352, 1, 19, 2, 54738, 2, 207891, 'salida', 2, 600, 600, '3.49880', '3.49880', '2019-07-30 22:15:15', '2019-07-30 22:15:15'),
(38353, 1, 19, 2, 54719, 2, 207891, 'salida', 2, 8, 8, '20.88001', '20.88001', '2019-07-30 22:15:15', '2019-07-30 22:15:15'),
(38354, 1, 19, 2, 54765, 2, 207894, 'salida', 1, 11, 11, '0.71000', '0.71000', '2019-07-30 22:19:27', '2019-07-30 22:19:27'),
(38355, 1, 19, 2, 54764, 2, 207894, 'salida', 1, 11, 11, '1.24000', '1.24000', '2019-07-30 22:19:27', '2019-07-30 22:19:27'),
(38356, 1, 19, 2, 54754, 2, 207893, 'salida', 2, 5000, 5000, '68.00000', '68.00000', '2019-07-30 22:19:52', '2019-07-30 22:19:52'),
(38357, 1, 19, 2, 54738, 2, 207893, 'salida', 3, 597, 597, '3.49880', '3.49880', '2019-07-30 22:19:52', '2019-07-30 22:19:52'),
(38358, 1, 19, 2, 54758, 2, 207892, 'salida', 2, 101, 101, '57.00000', '57.00000', '2019-07-30 22:20:20', '2019-07-30 22:20:20'),
(38359, 1, 19, 2, 54738, 2, 207892, 'salida', 3, 594, 594, '3.49880', '3.49880', '2019-07-30 22:20:20', '2019-07-30 22:20:20'),
(38360, 1, 19, 2, 54754, 2, 207895, 'salida', 3, 4997, 4997, '68.00000', '68.00000', '2019-07-30 22:22:38', '2019-07-30 22:22:38'),
(38361, 1, 19, 2, 54765, 2, 207895, 'salida', 2, 9, 9, '0.71000', '0.71000', '2019-07-30 22:22:38', '2019-07-30 22:22:38'),
(38362, 1, 19, 2, 54758, 2, 207895, 'salida', 3, 98, 98, '57.00000', '57.00000', '2019-07-30 22:22:38', '2019-07-30 22:22:38'),
(38363, 1, 19, 2, 54730, 2, 207895, 'salida', 1, 2, 2, '53.70002', '53.70002', '2019-07-30 22:22:38', '2019-07-30 22:22:38'),
(38364, 1, 19, 2, 54740, 2, 207895, 'salida', 1, 0, 0, '244.64000', '244.64000', '2019-07-30 22:22:38', '2019-07-30 22:22:38'),
(38365, 1, 19, 2, 54754, 2, 207896, 'salida', 1, 4996, 4996, '68.00000', '68.00000', '2019-07-30 22:25:27', '2019-07-30 22:25:27'),
(38366, 1, 19, 2, 54727, 2, 207897, 'salida', 1, 0, 0, '3.62880', '3.62880', '2019-07-30 22:27:13', '2019-07-30 22:27:13'),
(38367, 1, 15, 2, 54766, 1, 992, 'ingreso', 100, 100, 100, '0.95000', '0.95000', '2019-07-30 22:45:40', '2019-07-30 22:45:40'),
(38368, 1, 15, 2, 54767, 1, 992, 'ingreso', 150, 150, 150, '0.95000', '0.95000', '2019-07-30 22:45:40', '2019-07-30 22:45:40'),
(38369, 1, 19, 2, 54753, 2, 207898, 'salida', 9, 1112, 1112, '19.50000', '19.50000', '2019-07-30 22:56:17', '2019-07-30 22:56:17'),
(38370, 1, 17, 2, 54743, 2, 207842, 'salida', 1, 0, 0, '499.40000', '499.40000', '2019-07-30 23:00:22', '2019-07-30 23:00:22'),
(38371, 1, 19, 2, 54754, 2, 207901, 'salida', 5, 4991, 4991, '68.00000', '68.00000', '2019-07-31 14:05:53', '2019-07-31 14:05:53'),
(38372, 1, 19, 2, 54766, 2, 207901, 'salida', 3, 97, 97, '0.95000', '0.95000', '2019-07-31 14:05:53', '2019-07-31 14:05:53'),
(38373, 1, 19, 2, 54736, 2, 207901, 'salida', 1, 0, 0, '77.61000', '77.61000', '2019-07-31 14:05:53', '2019-07-31 14:05:53'),
(38374, 1, 19, 2, 54738, 2, 207902, 'salida', 3, 591, 591, '3.49880', '3.49880', '2019-07-31 14:09:06', '2019-07-31 14:09:06'),
(38375, 1, 19, 2, 54753, 2, 207902, 'salida', 13, 1099, 1099, '19.50000', '19.50000', '2019-07-31 14:09:06', '2019-07-31 14:09:06'),
(38376, 1, 19, 2, 54764, 2, 207902, 'salida', 5, 6, 6, '1.24000', '1.24000', '2019-07-31 14:09:06', '2019-07-31 14:09:06'),
(38377, 1, 19, 2, 54753, 2, 207904, 'salida', 2, 1097, 1097, '19.50000', '19.50000', '2019-07-31 14:14:44', '2019-07-31 14:14:44'),
(38378, 1, 19, 2, 54758, 2, 207904, 'salida', 3, 95, 95, '57.00000', '57.00000', '2019-07-31 14:14:44', '2019-07-31 14:14:44'),
(38379, 1, 19, 2, 54719, 2, 207904, 'salida', 5, 3, 3, '20.88001', '20.88001', '2019-07-31 14:14:44', '2019-07-31 14:14:44'),
(38380, 1, 19, 2, 54754, 2, 207905, 'salida', 3, 4988, 4988, '68.00000', '68.00000', '2019-07-31 14:18:51', '2019-07-31 14:18:51'),
(38381, 1, 19, 2, 54758, 2, 207905, 'salida', 2, 93, 93, '57.00000', '57.00000', '2019-07-31 14:18:51', '2019-07-31 14:18:51'),
(38382, 1, 19, 2, 54744, 2, 207905, 'salida', 1, 1, 1, '254.20000', '254.20000', '2019-07-31 14:18:51', '2019-07-31 14:18:51'),
(38383, 1, 19, 2, 54754, 2, 207908, 'salida', 3, 4985, 4985, '68.00000', '68.00000', '2019-07-31 14:26:28', '2019-07-31 14:26:28'),
(38384, 1, 19, 2, 54753, 2, 207908, 'salida', 3, 1094, 1094, '19.50000', '19.50000', '2019-07-31 14:26:28', '2019-07-31 14:26:28'),
(38385, 1, 19, 2, 54758, 2, 207908, 'salida', 2, 91, 91, '57.00000', '57.00000', '2019-07-31 14:26:28', '2019-07-31 14:26:28'),
(38386, 1, 19, 2, 54754, 2, 207911, 'salida', 5, 4980, 4980, '68.00000', '68.00000', '2019-07-31 14:29:57', '2019-07-31 14:29:57'),
(38387, 1, 19, 2, 54767, 2, 207911, 'salida', 3, 147, 147, '0.95000', '0.95000', '2019-07-31 14:29:57', '2019-07-31 14:29:57'),
(38388, 1, 17, 2, 54754, 2, 207903, 'salida', 7, 4973, 4973, '68.00000', '68.00000', '2019-07-31 14:31:54', '2019-07-31 14:31:54'),
(38389, 1, 17, 2, 54767, 2, 207906, 'salida', 5, 142, 142, '0.95000', '0.95000', '2019-07-31 14:32:26', '2019-07-31 14:32:26'),
(38390, 1, 17, 2, 54753, 2, 207906, 'salida', 3, 1091, 1091, '19.50000', '19.50000', '2019-07-31 14:32:26', '2019-07-31 14:32:26'),
(38391, 1, 17, 2, 54752, 2, 207907, 'salida', 1, 1, 1, '0.57000', '0.57000', '2019-07-31 14:32:50', '2019-07-31 14:32:50'),
(38392, 1, 17, 2, 54766, 2, 207907, 'salida', 14, 83, 83, '0.95000', '0.95000', '2019-07-31 14:32:50', '2019-07-31 14:32:50'),
(38393, 1, 17, 2, 54754, 2, 207909, 'salida', 20, 4953, 4953, '68.00000', '68.00000', '2019-07-31 14:35:07', '2019-07-31 14:35:07'),
(38394, 1, 17, 2, 54758, 2, 207909, 'salida', 5, 86, 86, '57.00000', '57.00000', '2019-07-31 14:35:07', '2019-07-31 14:35:07'),
(38395, 1, 17, 2, 54754, 2, 207910, 'salida', 32, 4921, 4921, '68.00000', '68.00000', '2019-07-31 14:35:22', '2019-07-31 14:35:22'),
(38396, 1, 17, 2, 54754, 2, 207912, 'salida', 25, 4896, 4896, '68.00000', '68.00000', '2019-07-31 14:40:53', '2019-07-31 14:40:53'),
(38397, 1, 17, 2, 54765, 2, 207912, 'salida', 1, 8, 8, '0.71000', '0.71000', '2019-07-31 14:40:53', '2019-07-31 14:40:53'),
(38398, 1, 15, 2, 54730, 1, 993, 'ingreso', 150, 152, 152, '53.70000', '53.70000', '2019-07-31 14:41:19', '2019-07-31 14:41:19'),
(38399, 1, 15, 2, 54729, 1, 993, 'ingreso', 100, 101, 101, '3500.00000', '3500.00000', '2019-07-31 14:41:19', '2019-07-31 14:41:19'),
(38400, 1, 15, 2, 54739, 1, 993, 'ingreso', 60, 60, 60, '170.55000', '170.55000', '2019-07-31 14:41:19', '2019-07-31 14:41:19'),
(38401, 1, 15, 2, 54735, 1, 993, 'ingreso', 200, 201, 201, '47.57000', '47.56900', '2019-07-31 14:41:19', '2019-07-31 14:41:19'),
(38402, 1, 15, 2, 54736, 1, 993, 'ingreso', 300, 300, 300, '77.61000', '77.61000', '2019-07-31 14:41:19', '2019-07-31 14:41:19'),
(38403, 1, 15, 2, 54732, 1, 993, 'ingreso', 30, 30, 30, '600.00000', '600.00000', '2019-07-31 14:41:19', '2019-07-31 14:41:19'),
(38404, 1, 15, 2, 54750, 1, 993, 'ingreso', 100, 100, 100, '53.70000', '53.70000', '2019-07-31 14:41:19', '2019-07-31 14:41:19'),
(38405, 1, 19, 2, 54758, 2, 207914, 'salida', 1, 85, 85, '57.00000', '57.00000', '2019-07-31 14:41:51', '2019-07-31 14:41:51'),
(38406, 1, 19, 2, 54753, 2, 207914, 'salida', 1, 1090, 1090, '19.50000', '19.50000', '2019-07-31 14:41:51', '2019-07-31 14:41:51'),
(38407, 1, 17, 2, 54754, 2, 207913, 'salida', 5, 4891, 4891, '68.00000', '68.00000', '2019-07-31 14:44:46', '2019-07-31 14:44:46'),
(38408, 1, 19, 2, 54750, 2, 207916, 'salida', 5, 95, 95, '53.70000', '53.70000', '2019-07-31 14:47:33', '2019-07-31 14:47:33'),
(38409, 1, 19, 2, 54758, 2, 207916, 'salida', 3, 82, 82, '57.00000', '57.00000', '2019-07-31 14:47:33', '2019-07-31 14:47:33'),
(38410, 1, 19, 2, 54738, 2, 207916, 'salida', 3, 588, 588, '3.49880', '3.49880', '2019-07-31 14:47:33', '2019-07-31 14:47:33'),
(38411, 1, 17, 2, 54735, 2, 207915, 'salida', 50, 151, 151, '47.56900', '47.56900', '2019-07-31 14:47:57', '2019-07-31 14:47:57'),
(38412, 1, 17, 2, 54730, 2, 207915, 'salida', 5, 147, 147, '53.70000', '53.70000', '2019-07-31 14:47:57', '2019-07-31 14:47:57'),
(38413, 1, 17, 2, 54767, 2, 207915, 'salida', 5, 137, 137, '0.95000', '0.95000', '2019-07-31 14:47:57', '2019-07-31 14:47:57'),
(38414, 1, 17, 2, 54750, 2, 207915, 'salida', 10, 85, 85, '53.70000', '53.70000', '2019-07-31 14:47:57', '2019-07-31 14:47:57'),
(38415, 1, 17, 2, 54758, 2, 207915, 'salida', 20, 62, 62, '57.00000', '57.00000', '2019-07-31 14:47:57', '2019-07-31 14:47:57'),
(38416, 1, 17, 2, 54738, 2, 207917, 'salida', 20, 568, 568, '3.49880', '3.49880', '2019-07-31 14:48:13', '2019-07-31 14:48:13'),
(38417, 1, 19, 2, 54729, 2, 207919, 'salida', 1, 100, 100, '3500.00000', '3500.00000', '2019-07-31 14:49:30', '2019-07-31 14:49:30'),
(38418, 1, 19, 2, 54754, 2, 207919, 'salida', 3, 4888, 4888, '68.00000', '68.00000', '2019-07-31 14:49:30', '2019-07-31 14:49:30'),
(38419, 1, 17, 2, 54735, 2, 207918, 'salida', 25, 126, 126, '47.56900', '47.56900', '2019-07-31 14:49:48', '2019-07-31 14:49:48'),
(38420, 1, 17, 2, 54754, 2, 207920, 'salida', 35, 4853, 4853, '68.00000', '68.00000', '2019-07-31 15:08:09', '2019-07-31 15:08:09'),
(38421, 1, 17, 2, 54729, 2, 207921, 'salida', 20, 80, 80, '3500.00000', '3500.00000', '2019-07-31 15:20:31', '2019-07-31 15:20:31'),
(38422, 1, 17, 2, 54736, 2, 207921, 'salida', 6, 294, 294, '77.61000', '77.61000', '2019-07-31 15:20:31', '2019-07-31 15:20:31'),
(38423, 1, 17, 2, 54754, 2, 207925, 'salida', 30, 4823, 4823, '68.00000', '68.00000', '2019-07-31 15:32:04', '2019-07-31 15:32:04'),
(38424, 1, 17, 2, 54736, 2, 207925, 'salida', 10, 284, 284, '77.61000', '77.61000', '2019-07-31 15:32:04', '2019-07-31 15:32:04'),
(38425, 1, 19, 2, 54754, 5, 31, 'ingreso', 10, 4833, 4833, '68.00000', '68.00000', '2019-07-31 15:37:25', '2019-07-31 15:37:25'),
(38426, 1, 15, 2, 54762, 1, 995, 'ingreso', 100, 102, 102, '0.43000', '0.43000', '2019-07-31 15:42:02', '2019-07-31 15:42:02'),
(38427, 1, 15, 2, 54761, 1, 995, 'ingreso', 50, 52, 52, '0.29000', '0.29000', '2019-07-31 15:42:02', '2019-07-31 15:42:02'),
(38428, 1, 15, 2, 54764, 1, 995, 'ingreso', 50, 56, 56, '1.24000', '1.24000', '2019-07-31 15:42:02', '2019-07-31 15:42:02'),
(38429, 1, 15, 2, 54768, 1, 996, 'ingreso', 2640, 2640, 2640, '100.00000', '100.00000', '2019-07-31 16:03:58', '2019-07-31 16:03:58'),
(38430, 1, 15, 2, 54769, 1, 996, 'ingreso', 1140, 1140, 1140, '66.00000', '66.00000', '2019-07-31 16:03:58', '2019-07-31 16:03:58'),
(38431, 1, 15, 2, 54770, 1, 996, 'ingreso', 500, 500, 500, '3.50000', '3.50000', '2019-07-31 16:03:58', '2019-07-31 16:03:58'),
(38432, 1, 15, 2, 54771, 1, 996, 'ingreso', 10, 10, 10, '200.00000', '200.00000', '2019-07-31 16:03:58', '2019-07-31 16:03:58'),
(38433, 1, 17, 2, 54730, 2, 207927, 'salida', 40, 107, 107, '53.70000', '53.70000', '2019-07-31 16:07:50', '2019-07-31 16:07:50'),
(38434, 1, 17, 2, 54764, 2, 207927, 'salida', 13, 43, 43, '1.24000', '1.24000', '2019-07-31 16:07:50', '2019-07-31 16:07:50'),
(38435, 1, 17, 2, 54736, 2, 207928, 'salida', 1, 283, 283, '77.61000', '77.61000', '2019-07-31 16:08:15', '2019-07-31 16:08:15'),
(38436, 1, 19, 2, 54754, 2, 207931, 'salida', 3, 4830, 4830, '68.00000', '68.00000', '2019-07-31 16:09:28', '2019-07-31 16:09:28'),
(38437, 1, 19, 2, 54753, 2, 207931, 'salida', 1, 1089, 1089, '19.50000', '19.50000', '2019-07-31 16:09:28', '2019-07-31 16:09:28'),
(38438, 1, 17, 2, 54754, 2, 207930, 'salida', 250, 4580, 4580, '68.00000', '68.00000', '2019-07-31 16:10:42', '2019-07-31 16:10:42'),
(38439, 1, 17, 2, 54770, 2, 207930, 'salida', 200, 300, 300, '3.50000', '3.50000', '2019-07-31 16:10:42', '2019-07-31 16:10:42'),
(38440, 1, 19, 2, 54768, 2, 207932, 'salida', 4, 2636, 2636, '100.00000', '100.00000', '2019-07-31 16:20:24', '2019-07-31 16:20:24'),
(38441, 1, 19, 2, 54738, 2, 207932, 'salida', 3, 565, 565, '3.49880', '3.49880', '2019-07-31 16:20:24', '2019-07-31 16:20:24'),
(38442, 1, 19, 2, 54735, 2, 207932, 'salida', 1, 125, 125, '47.56900', '47.56900', '2019-07-31 16:20:24', '2019-07-31 16:20:24'),
(38443, 1, 19, 2, 54754, 2, 207933, 'salida', 9, 4571, 4571, '68.00000', '68.00000', '2019-07-31 16:25:21', '2019-07-31 16:25:21'),
(38444, 1, 19, 2, 54735, 2, 207933, 'salida', 1, 124, 124, '47.56900', '47.56900', '2019-07-31 16:25:21', '2019-07-31 16:25:21'),
(38445, 1, 19, 2, 54768, 2, 207933, 'salida', 5, 2631, 2631, '100.00000', '100.00000', '2019-07-31 16:25:21', '2019-07-31 16:25:21'),
(38446, 1, 19, 2, 54768, 2, 207937, 'salida', 7, 2624, 2624, '100.00000', '100.00000', '2019-07-31 16:36:25', '2019-07-31 16:36:25'),
(38447, 1, 17, 2, 54754, 2, 207938, 'salida', 25, 4546, 4546, '68.00000', '68.00000', '2019-07-31 16:44:16', '2019-07-31 16:44:16'),
(38448, 1, 17, 2, 54753, 2, 207938, 'salida', 20, 1069, 1069, '19.50000', '19.50000', '2019-07-31 16:44:16', '2019-07-31 16:44:16'),
(38449, 1, 17, 2, 54735, 2, 207938, 'salida', 10, 114, 114, '47.56900', '47.56900', '2019-07-31 16:44:16', '2019-07-31 16:44:16'),
(38450, 1, 15, 2, 54754, 2, 207939, 'salida', 5, 4541, 4541, '68.00000', '68.00000', '2019-07-31 16:45:29', '2019-07-31 16:45:29'),
(38451, 1, 15, 2, 54768, 2, 207940, 'salida', 10, 2614, 2614, '100.00000', '100.00000', '2019-07-31 16:47:38', '2019-07-31 16:47:38'),
(38452, 1, 15, 2, 54771, 2, 207941, 'salida', 2, 8, 8, '200.00000', '200.00000', '2019-07-31 16:56:05', '2019-07-31 16:56:05'),
(38453, 1, 15, 2, 54754, 2, 207942, 'salida', 80, 4461, 4461, '68.00000', '68.00000', '2019-07-31 17:04:34', '2019-07-31 17:04:34'),
(38454, 1, 15, 2, 54771, 2, 207942, 'salida', 2, 6, 6, '200.00000', '200.00000', '2019-07-31 17:04:34', '2019-07-31 17:04:34'),
(38455, 1, 15, 2, 54721, 2, 207942, 'salida', 1, 0, 0, '37.40800', '37.40800', '2019-07-31 17:04:34', '2019-07-31 17:04:34'),
(38456, 1, 17, 2, 54753, 2, 207923, 'salida', 10, 1059, 1059, '19.50000', '19.50000', '2019-07-31 17:08:09', '2019-07-31 17:08:09'),
(38457, 1, 15, 2, 54754, 2, 207944, 'salida', 15, 4446, 4446, '68.00000', '68.00000', '2019-07-31 17:11:47', '2019-07-31 17:11:47'),
(38458, 1, 19, 2, 54753, 2, 207945, 'salida', 1, 1058, 1058, '19.50000', '19.50000', '2019-07-31 17:14:02', '2019-07-31 17:14:02'),
(38459, 1, 19, 2, 54769, 2, 207946, 'salida', 1, 1139, 1139, '66.00000', '66.00000', '2019-07-31 17:22:30', '2019-07-31 17:22:30'),
(38460, 1, 19, 2, 54768, 5, 32, 'ingreso', 10, 2624, 2624, '100.00000', '100.00000', '2019-07-31 17:27:05', '2019-07-31 17:27:05'),
(38461, 1, 15, 2, 54754, 2, 207950, 'salida', 50, 4396, 4396, '68.00000', '68.00000', '2019-07-31 17:33:11', '2019-07-31 17:33:11'),
(38462, 1, 17, 2, 54754, 2, 207947, 'salida', 10, 4386, 4386, '68.00000', '68.00000', '2019-07-31 17:35:20', '2019-07-31 17:35:20'),
(38463, 1, 19, 2, 54768, 5, 33, 'ingreso', 10, 2634, 2634, '120.00000', '100.07593', '2019-07-31 17:41:00', '2019-07-31 17:41:00'),
(38464, 1, 15, 2, 54754, 2, 207954, 'salida', 5, 4381, 4381, '68.00000', '68.00000', '2019-07-31 17:45:23', '2019-07-31 17:45:23'),
(38465, 1, 19, 2, 54754, 5, 34, 'ingreso', 5, 4386, 4386, '68.00000', '68.00000', '2019-07-31 17:49:06', '2019-07-31 17:49:06'),
(38466, 1, 15, 2, 54754, 2, 207956, 'salida', 5, 4381, 4381, '68.00000', '68.00000', '2019-07-31 17:54:50', '2019-07-31 17:54:50'),
(38467, 1, 19, 2, 54735, 5, 35, 'ingreso', 25, 139, 139, '47.56900', '47.56900', '2019-07-31 18:02:49', '2019-07-31 18:02:49'),
(38468, 1, 17, 2, 54735, 2, 207957, 'salida', 25, 114, 114, '47.56900', '47.56900', '2019-07-31 18:06:26', '2019-07-31 18:06:26'),
(38469, 1, 20, 2, 54754, 2, 207958, 'salida', 5, 4376, 4376, '68.00000', '68.00000', '2019-07-31 18:12:56', '2019-07-31 18:12:56'),
(38470, 1, 20, 2, 54768, 2, 207958, 'salida', 5, 2619, 2619, '100.07593', '100.07593', '2019-07-31 18:12:56', '2019-07-31 18:12:56'),
(38471, 1, 20, 2, 54754, 2, 207959, 'salida', 1, 4375, 4375, '68.00000', '68.00000', '2019-07-31 18:18:18', '2019-07-31 18:18:18'),
(38472, 1, 19, 2, 54754, 2, 207960, 'salida', 1, 4374, 4374, '68.00000', '68.00000', '2019-07-31 18:23:33', '2019-07-31 18:23:33'),
(38473, 1, 20, 2, 54724, 5, 36, 'ingreso', 16, 16, 16, '112.13991', '112.13991', '2019-07-31 20:49:17', '2019-07-31 20:49:17'),
(38474, 1, 17, 2, 54719, 2, 207948, 'salida', 3, 0, 0, '20.88001', '20.88001', '2019-07-31 21:01:44', '2019-07-31 21:01:44'),
(38475, 1, 17, 2, 54726, 2, 207948, 'salida', 1, 0, 0, '146.42880', '146.42880', '2019-07-31 21:01:44', '2019-07-31 21:01:44'),
(38476, 1, 17, 2, 54735, 2, 207948, 'salida', 5, 109, 109, '47.56900', '47.56900', '2019-07-31 21:01:44', '2019-07-31 21:01:44'),
(38477, 1, 17, 2, 54768, 2, 207961, 'salida', 10, 2609, 2609, '100.07593', '100.07593', '2019-07-31 21:05:55', '2019-07-31 21:05:55'),
(38478, 1, 19, 2, 54758, 2, 207964, 'salida', 20, 42, 42, '57.00000', '57.00000', '2019-07-31 21:07:57', '2019-07-31 21:07:57'),
(38479, 1, 15, 2, 54754, 1, 997, 'ingreso', 500, 4874, 4874, '69.00000', '68.10259', '2019-07-31 21:10:58', '2019-07-31 21:10:58'),
(38480, 1, 20, 2, 54768, 5, 37, 'ingreso', 10, 2619, 2619, '100.07593', '100.07593', '2019-07-31 21:13:34', '2019-07-31 21:13:34'),
(38481, 1, 19, 2, 54754, 2, 207966, 'salida', 10, 4864, 4864, '68.10259', '68.10259', '2019-07-31 21:15:42', '2019-07-31 21:15:42'),
(38482, 1, 15, 2, 54721, 1, 998, 'ingreso', 3000, 3000, 3000, '37.40000', '37.40000', '2019-07-31 21:17:18', '2019-07-31 21:17:18'),
(38483, 1, 15, 2, 54757, 1, 998, 'ingreso', 3000, 3000, 3000, '61.44000', '61.44000', '2019-07-31 21:17:18', '2019-07-31 21:17:18'),
(38484, 1, 15, 2, 54719, 1, 998, 'ingreso', 4000, 4000, 4000, '20.88000', '20.88000', '2019-07-31 21:17:18', '2019-07-31 21:17:18'),
(38485, 1, 15, 2, 54720, 1, 998, 'ingreso', 5000, 5000, 5000, '8.19000', '8.19000', '2019-07-31 21:17:18', '2019-07-31 21:17:18'),
(38486, 1, 15, 2, 54749, 1, 998, 'ingreso', 2600, 2600, 2600, '20.00000', '20.00000', '2019-07-31 21:17:18', '2019-07-31 21:17:18'),
(38487, 1, 15, 2, 54756, 1, 998, 'ingreso', 4000, 4000, 4000, '92.16000', '92.16000', '2019-07-31 21:17:18', '2019-07-31 21:17:18'),
(38488, 1, 17, 2, 54730, 2, 207967, 'salida', 10, 97, 97, '53.70000', '53.70000', '2019-07-31 21:18:23', '2019-07-31 21:18:23'),
(38489, 1, 20, 2, 54741, 5, 38, 'ingreso', 20, 21, 21, '3.63000', '3.63000', '2019-07-31 21:34:49', '2019-07-31 21:34:49'),
(38490, 1, 17, 2, 54720, 2, 207971, 'salida', 10, 4990, 4990, '8.19000', '8.19000', '2019-07-31 21:40:15', '2019-07-31 21:40:15'),
(38491, 1, 15, 2, 54734, 1, 999, 'ingreso', 200, 200, 200, '4.42000', '4.42000', '2019-07-31 21:41:34', '2019-07-31 21:41:34'),
(38492, 1, 15, 2, 54737, 1, 999, 'ingreso', 300, 302, 302, '3.63000', '3.63000', '2019-07-31 21:41:34', '2019-07-31 21:41:34'),
(38493, 1, 19, 2, 54720, 2, 207970, 'salida', 100, 4890, 4890, '8.19000', '8.19000', '2019-07-31 21:43:06', '2019-07-31 21:43:06'),
(38494, 1, 17, 2, 54754, 2, 207973, 'salida', 150, 4714, 4714, '68.10259', '68.10259', '2019-07-31 21:45:22', '2019-07-31 21:45:22'),
(38495, 1, 17, 2, 54719, 2, 207973, 'salida', 120, 3880, 3880, '20.88000', '20.88000', '2019-07-31 21:45:22', '2019-07-31 21:45:22'),
(38496, 1, 17, 2, 54771, 2, 207973, 'salida', 2, 4, 4, '200.00000', '200.00000', '2019-07-31 21:45:22', '2019-07-31 21:45:22'),
(38497, 1, 15, 2, 54772, 1, 1000, 'ingreso', 50, 50, 50, '63.00000', '63.00000', '2019-07-31 21:50:36', '2019-07-31 21:50:36'),
(38498, 1, 15, 2, 54773, 1, 1000, 'ingreso', 10, 10, 10, '225.00000', '225.00000', '2019-07-31 21:50:36', '2019-07-31 21:50:36'),
(38499, 1, 19, 2, 54754, 2, 207972, 'salida', 50, 4664, 4664, '68.10259', '68.10259', '2019-07-31 21:52:11', '2019-07-31 21:52:11'),
(38500, 1, 19, 2, 54771, 2, 207972, 'salida', 2, 2, 2, '200.00000', '200.00000', '2019-07-31 21:52:11', '2019-07-31 21:52:11'),
(38501, 1, 19, 2, 54719, 2, 207974, 'salida', 25, 3855, 3855, '20.88000', '20.88000', '2019-07-31 21:56:57', '2019-07-31 21:56:57'),
(38502, 1, 19, 2, 54758, 2, 207974, 'salida', 42, 0, 0, '57.00000', '57.00000', '2019-07-31 21:56:57', '2019-07-31 21:56:57'),
(38503, 1, 20, 2, 54723, 5, 39, 'ingreso', 2, 3, 3, '3.48320', '3.48320', '2019-07-31 22:01:11', '2019-07-31 22:01:11'),
(38504, 1, 15, 2, 54754, 3, 79, 'salida', 100, 4564, 4564, '68.10259', '68.10259', '2019-07-31 22:14:15', '2019-07-31 22:14:15'),
(38505, 1, 17, 2, 54720, 2, 207976, 'salida', 3, 4887, 4887, '8.19000', '8.19000', '2019-07-31 22:16:38', '2019-07-31 22:16:38'),
(38506, 1, 17, 2, 54756, 2, 207976, 'salida', 65, 3935, 3935, '92.16000', '92.16000', '2019-07-31 22:16:38', '2019-07-31 22:16:38'),
(38507, 1, 17, 2, 54754, 2, 207977, 'salida', 150, 4414, 4414, '68.10259', '68.10259', '2019-07-31 22:32:11', '2019-07-31 22:32:11'),
(38508, 1, 17, 2, 54756, 2, 207977, 'salida', 30, 3905, 3905, '92.16000', '92.16000', '2019-07-31 22:32:11', '2019-07-31 22:32:11'),
(38509, 1, 19, 2, 54720, 2, 207978, 'salida', 1000, 3887, 3887, '8.19000', '8.19000', '2019-07-31 22:36:58', '2019-07-31 22:36:58'),
(38510, 1, 19, 2, 54719, 2, 207979, 'salida', 353, 3502, 3502, '20.88000', '20.88000', '2019-07-31 22:37:15', '2019-07-31 22:37:15'),
(38511, 1, 19, 2, 54768, 2, 207980, 'salida', 53, 2566, 2566, '100.07593', '100.07593', '2019-07-31 22:37:33', '2019-07-31 22:37:33'),
(38512, 1, 17, 2, 54720, 2, 207981, 'salida', 100, 3787, 3787, '8.19000', '8.19000', '2019-07-31 22:37:51', '2019-07-31 22:37:51'),
(38513, 1, 17, 2, 54754, 2, 207982, 'salida', 300, 4114, 4114, '68.10259', '68.10259', '2019-07-31 22:38:43', '2019-07-31 22:38:43'),
(38514, 1, 19, 2, 54756, 2, 207983, 'salida', 20, 3885, 3885, '92.16000', '92.16000', '2019-07-31 22:38:57', '2019-07-31 22:38:57'),
(38515, 1, 19, 2, 54749, 2, 207984, 'salida', 30, 2570, 2570, '20.00000', '20.00000', '2019-07-31 22:39:16', '2019-07-31 22:39:16'),
(38516, 1, 17, 2, 54721, 2, 207985, 'salida', 1000, 2000, 2000, '37.40000', '37.40000', '2019-07-31 22:39:37', '2019-07-31 22:39:37'),
(38517, 1, 15, 2, 54736, 2, 207963, 'salida', 25, 258, 258, '77.61000', '77.61000', '2019-07-31 22:40:00', '2019-07-31 22:40:00'),
(38518, 1, 15, 2, 54767, 2, 207963, 'salida', 56, 81, 81, '0.95000', '0.95000', '2019-07-31 22:40:00', '2019-07-31 22:40:00'),
(38519, 1, 17, 2, 54772, 2, 207988, 'salida', 15, 35, 35, '63.00000', '63.00000', '2019-08-01 14:40:43', '2019-08-01 14:40:43'),
(38520, 1, 17, 2, 54720, 2, 207988, 'salida', 10, 3777, 3777, '8.19000', '8.19000', '2019-08-01 14:40:43', '2019-08-01 14:40:43'),
(38521, 1, 17, 2, 54754, 2, 207995, 'salida', 5, 4109, 4109, '68.10259', '68.10259', '2019-08-01 14:46:43', '2019-08-01 14:46:43'),
(38522, 1, 17, 2, 54719, 2, 207995, 'salida', 13, 3489, 3489, '20.88000', '20.88000', '2019-08-01 14:46:43', '2019-08-01 14:46:43'),
(38523, 1, 17, 2, 54754, 2, 207994, 'salida', 15, 4094, 4094, '68.10259', '68.10259', '2019-08-01 14:47:57', '2019-08-01 14:47:57'),
(38524, 1, 17, 2, 54719, 2, 207994, 'salida', 17, 3472, 3472, '20.88000', '20.88000', '2019-08-01 14:47:57', '2019-08-01 14:47:57'),
(38525, 1, 19, 2, 54767, 2, 207989, 'salida', 3, 78, 78, '0.95000', '0.95000', '2019-08-01 14:48:48', '2019-08-01 14:48:48'),
(38526, 1, 19, 2, 54720, 2, 207989, 'salida', 5, 3772, 3772, '8.19000', '8.19000', '2019-08-01 14:48:48', '2019-08-01 14:48:48'),
(38527, 1, 19, 2, 54749, 2, 207990, 'salida', 1, 2569, 2569, '20.00000', '20.00000', '2019-08-01 14:53:10', '2019-08-01 14:53:10'),
(38528, 1, 19, 2, 54753, 2, 207990, 'salida', 1, 1057, 1057, '19.50000', '19.50000', '2019-08-01 14:53:10', '2019-08-01 14:53:10'),
(38529, 1, 19, 2, 54754, 2, 207990, 'salida', 10, 4084, 4084, '68.10259', '68.10259', '2019-08-01 14:53:10', '2019-08-01 14:53:10'),
(38530, 1, 19, 2, 54719, 2, 207991, 'salida', 39, 3433, 3433, '20.88000', '20.88000', '2019-08-01 14:53:55', '2019-08-01 14:53:55'),
(38531, 1, 19, 2, 54720, 2, 207991, 'salida', 60, 3712, 3712, '8.19000', '8.19000', '2019-08-01 14:53:55', '2019-08-01 14:53:55'),
(38532, 1, 17, 2, 54749, 2, 207992, 'salida', 1000, 1569, 1569, '20.00000', '20.00000', '2019-08-01 14:55:01', '2019-08-01 14:55:01'),
(38533, 1, 17, 2, 54738, 2, 207997, 'salida', 10, 555, 555, '3.49880', '3.49880', '2019-08-01 14:57:02', '2019-08-01 14:57:02'),
(38534, 1, 17, 2, 54756, 2, 207993, 'salida', 200, 3685, 3685, '92.16000', '92.16000', '2019-08-01 14:58:05', '2019-08-01 14:58:05'),
(38535, 1, 19, 2, 54754, 2, 207996, 'salida', 5, 4079, 4079, '68.10259', '68.10259', '2019-08-01 14:58:25', '2019-08-01 14:58:25'),
(38536, 1, 17, 2, 54754, 2, 208000, 'salida', 80, 3999, 3999, '68.10259', '68.10259', '2019-08-01 15:02:03', '2019-08-01 15:02:03'),
(38537, 1, 17, 2, 54753, 2, 208002, 'salida', 15, 1042, 1042, '19.50000', '19.50000', '2019-08-01 15:02:35', '2019-08-01 15:02:35'),
(38538, 1, 15, 2, 54754, 5, 40, 'ingreso', 25, 4024, 4024, '68.00000', '68.10195', '2019-08-01 15:11:19', '2019-08-01 15:11:19'),
(38539, 1, 15, 2, 54754, 5, 41, 'ingreso', 80, 4104, 4104, '68.10259', '68.10196', '2019-08-01 15:15:48', '2019-08-01 15:15:48'),
(38540, 1, 19, 2, 54754, 2, 208007, 'salida', 80, 4024, 4024, '68.10196', '68.10196', '2019-08-01 15:24:43', '2019-08-01 15:24:43'),
(38541, 1, 19, 2, 54720, 2, 208008, 'salida', 1, 3711, 3711, '8.19000', '8.19000', '2019-08-01 15:26:43', '2019-08-01 15:26:43'),
(38542, 1, 17, 2, 54754, 2, 208009, 'salida', 10, 4014, 4014, '68.10196', '68.10196', '2019-08-01 15:34:13', '2019-08-01 15:34:13'),
(38543, 1, 17, 2, 54719, 2, 208009, 'salida', 65, 3368, 3368, '20.88000', '20.88000', '2019-08-01 15:34:13', '2019-08-01 15:34:13'),
(38544, 1, 17, 2, 54723, 2, 208009, 'salida', 2, 1, 1, '3.48320', '3.48320', '2019-08-01 15:34:13', '2019-08-01 15:34:13'),
(38545, 1, 19, 2, 54754, 2, 208010, 'salida', 5, 4009, 4009, '68.10196', '68.10196', '2019-08-01 15:37:08', '2019-08-01 15:37:08'),
(38546, 1, 19, 2, 54754, 2, 208011, 'salida', 20, 3989, 3989, '68.10196', '68.10196', '2019-08-01 15:45:16', '2019-08-01 15:45:16'),
(38547, 1, 19, 2, 54756, 2, 207999, 'salida', 15, 3670, 3670, '92.16000', '92.16000', '2019-08-01 16:10:44', '2019-08-01 16:10:44'),
(38548, 1, 19, 2, 54754, 2, 208012, 'salida', 10, 3979, 3979, '68.10196', '68.10196', '2019-08-01 16:11:09', '2019-08-01 16:11:09'),
(38549, 1, 19, 2, 54719, 2, 208012, 'salida', 10, 3358, 3358, '20.88000', '20.88000', '2019-08-01 16:11:09', '2019-08-01 16:11:09'),
(38550, 1, 17, 2, 54720, 2, 208013, 'salida', 10, 3701, 3701, '8.19000', '8.19000', '2019-08-01 16:11:44', '2019-08-01 16:11:44'),
(38551, 1, 17, 2, 54719, 2, 208013, 'salida', 10, 3348, 3348, '20.88000', '20.88000', '2019-08-01 16:11:44', '2019-08-01 16:11:44'),
(38552, 1, 17, 2, 54721, 2, 208013, 'salida', 11, 1989, 1989, '37.40000', '37.40000', '2019-08-01 16:11:44', '2019-08-01 16:11:44'),
(38553, 1, 19, 2, 54756, 2, 208005, 'salida', 5, 3665, 3665, '92.16000', '92.16000', '2019-08-01 16:12:02', '2019-08-01 16:12:02'),
(38554, 1, 19, 2, 54754, 2, 208005, 'salida', 10, 3969, 3969, '68.10196', '68.10196', '2019-08-01 16:12:02', '2019-08-01 16:12:02'),
(38555, 1, 17, 2, 54756, 2, 208015, 'salida', 90, 3575, 3575, '92.16000', '92.16000', '2019-08-01 16:12:38', '2019-08-01 16:12:38'),
(38556, 1, 19, 2, 54754, 2, 208001, 'salida', 15, 3954, 3954, '68.10196', '68.10196', '2019-08-01 16:13:08', '2019-08-01 16:13:08'),
(38557, 1, 17, 2, 54754, 2, 208016, 'salida', 100, 3854, 3854, '68.10196', '68.10196', '2019-08-01 16:13:40', '2019-08-01 16:13:40'),
(38558, 1, 17, 2, 54721, 2, 208016, 'salida', 50, 1939, 1939, '37.40000', '37.40000', '2019-08-01 16:13:40', '2019-08-01 16:13:40'),
(38559, 1, 17, 2, 54754, 2, 208017, 'salida', 23, 3831, 3831, '68.10196', '68.10196', '2019-08-01 16:14:23', '2019-08-01 16:14:23'),
(38560, 1, 17, 2, 54719, 2, 208017, 'salida', 25, 3323, 3323, '20.88000', '20.88000', '2019-08-01 16:14:23', '2019-08-01 16:14:23'),
(38561, 1, 19, 2, 54754, 2, 208003, 'salida', 1, 3830, 3830, '68.10196', '68.10196', '2019-08-01 16:15:06', '2019-08-01 16:15:06'),
(38562, 1, 19, 2, 54754, 2, 208004, 'salida', 15, 3815, 3815, '68.10196', '68.10196', '2019-08-01 16:15:38', '2019-08-01 16:15:38'),
(38563, 1, 19, 2, 54754, 2, 208019, 'salida', 3, 3812, 3812, '68.10196', '68.10196', '2019-08-01 16:28:29', '2019-08-01 16:28:29'),
(38564, 1, 19, 2, 54756, 2, 208019, 'salida', 4, 3571, 3571, '92.16000', '92.16000', '2019-08-01 16:28:29', '2019-08-01 16:28:29'),
(38565, 1, 19, 2, 54769, 2, 208019, 'salida', 15, 1124, 1124, '66.00000', '66.00000', '2019-08-01 16:28:29', '2019-08-01 16:28:29'),
(38566, 1, 17, 2, 54754, 2, 208020, 'salida', 25, 3787, 3787, '68.10196', '68.10196', '2019-08-01 16:31:06', '2019-08-01 16:31:06'),
(38567, 1, 17, 2, 54757, 2, 208020, 'salida', 250, 2750, 2750, '61.44000', '61.44000', '2019-08-01 16:31:06', '2019-08-01 16:31:06'),
(38568, 1, 17, 2, 54754, 2, 208021, 'salida', 30, 3757, 3757, '68.10196', '68.10196', '2019-08-01 16:35:45', '2019-08-01 16:35:45'),
(38569, 1, 17, 2, 54719, 2, 208021, 'salida', 35, 3288, 3288, '20.88000', '20.88000', '2019-08-01 16:35:45', '2019-08-01 16:35:45'),
(38570, 1, 19, 2, 54719, 2, 208022, 'salida', 12, 3276, 3276, '20.88000', '20.88000', '2019-08-01 16:36:31', '2019-08-01 16:36:31'),
(38571, 1, 19, 2, 54769, 2, 208022, 'salida', 4, 1120, 1120, '66.00000', '66.00000', '2019-08-01 16:36:31', '2019-08-01 16:36:31'),
(38572, 1, 19, 2, 54754, 2, 208022, 'salida', 4, 3753, 3753, '68.10196', '68.10196', '2019-08-01 16:36:31', '2019-08-01 16:36:31'),
(38573, 1, 15, 2, 54754, 2, 208023, 'salida', 40, 3713, 3713, '68.10196', '68.10196', '2019-08-01 16:38:31', '2019-08-01 16:38:31'),
(38574, 1, 19, 2, 54772, 2, 208024, 'salida', 3, 32, 32, '63.00000', '63.00000', '2019-08-01 16:46:27', '2019-08-01 16:46:27'),
(38575, 1, 19, 2, 54732, 2, 208024, 'salida', 3, 27, 27, '600.00000', '600.00000', '2019-08-01 16:46:27', '2019-08-01 16:46:27'),
(38576, 1, 19, 2, 54767, 2, 208024, 'salida', 2, 76, 76, '0.95000', '0.95000', '2019-08-01 16:46:27', '2019-08-01 16:46:27'),
(38577, 1, 19, 2, 54754, 2, 208025, 'salida', 5, 3708, 3708, '68.10196', '68.10196', '2019-08-01 16:50:28', '2019-08-01 16:50:28'),
(38578, 1, 19, 2, 54769, 2, 208025, 'salida', 20, 1100, 1100, '66.00000', '66.00000', '2019-08-01 16:50:28', '2019-08-01 16:50:28'),
(38579, 1, 19, 2, 54768, 2, 208025, 'salida', 6, 2560, 2560, '100.07593', '100.07593', '2019-08-01 16:50:28', '2019-08-01 16:50:28'),
(38580, 1, 15, 2, 54754, 5, 43, 'ingreso', 5, 3713, 3713, '68.10196', '68.10196', '2019-08-01 16:54:32', '2019-08-01 16:54:32'),
(38581, 1, 15, 2, 54754, 2, 208029, 'salida', 5, 3708, 3708, '68.10196', '68.10196', '2019-08-01 16:59:34', '2019-08-01 16:59:34'),
(38582, 1, 19, 2, 54768, 2, 208026, 'salida', 3, 2557, 2557, '100.07593', '100.07593', '2019-08-01 17:01:00', '2019-08-01 17:01:00'),
(38583, 1, 19, 2, 54753, 2, 208026, 'salida', 12, 1030, 1030, '19.50000', '19.50000', '2019-08-01 17:01:00', '2019-08-01 17:01:00'),
(38584, 1, 19, 2, 54734, 2, 208026, 'salida', 3, 197, 197, '4.42000', '4.42000', '2019-08-01 17:01:00', '2019-08-01 17:01:00'),
(38585, 1, 19, 2, 54721, 2, 208027, 'salida', 3, 1936, 1936, '37.40000', '37.40000', '2019-08-01 17:01:12', '2019-08-01 17:01:12'),
(38586, 1, 19, 2, 54720, 2, 208027, 'salida', 4, 3697, 3697, '8.19000', '8.19000', '2019-08-01 17:01:12', '2019-08-01 17:01:12'),
(38587, 1, 19, 2, 54732, 2, 208027, 'salida', 1, 26, 26, '600.00000', '600.00000', '2019-08-01 17:01:12', '2019-08-01 17:01:12'),
(38588, 1, 15, 2, 54753, 5, 44, 'ingreso', 12, 1042, 1042, '19.50000', '19.50000', '2019-08-01 17:05:16', '2019-08-01 17:05:16'),
(38589, 1, 17, 2, 54753, 2, 208030, 'salida', 250, 792, 792, '19.50000', '19.50000', '2019-08-01 17:09:51', '2019-08-01 17:09:51'),
(38590, 1, 17, 2, 54719, 2, 208030, 'salida', 100, 3176, 3176, '20.88000', '20.88000', '2019-08-01 17:09:51', '2019-08-01 17:09:51'),
(38591, 1, 17, 2, 54719, 2, 208032, 'salida', 104, 3072, 3072, '20.88000', '20.88000', '2019-08-01 17:11:15', '2019-08-01 17:11:15'),
(38592, 1, 15, 2, 54754, 5, 45, 'ingreso', 10, 3718, 3718, '68.10259', '68.10196', '2019-08-01 17:14:47', '2019-08-01 17:14:47'),
(38593, 1, 15, 2, 54719, 5, 46, 'ingreso', 10, 3082, 3082, '20.88000', '20.88000', '2019-08-01 17:19:59', '2019-08-01 17:19:59'),
(38594, 1, 17, 2, 54735, 2, 208033, 'salida', 10, 99, 99, '47.56900', '47.56900', '2019-08-01 17:20:52', '2019-08-01 17:20:52'),
(38595, 1, 15, 2, 54735, 5, 47, 'ingreso', 10, 109, 109, '47.56900', '47.56900', '2019-08-01 17:24:55', '2019-08-01 17:24:55'),
(38596, 1, 19, 2, 54754, 2, 208034, 'salida', 50, 3668, 3668, '68.10196', '68.10196', '2019-08-01 17:28:49', '2019-08-01 17:28:49'),
(38597, 1, 15, 2, 54754, 5, 48, 'ingreso', 50, 3718, 3718, '68.10196', '68.10196', '2019-08-01 17:31:11', '2019-08-01 17:31:11'),
(38598, 1, 19, 2, 54719, 2, 208037, 'salida', 175, 2907, 2907, '20.88000', '20.88000', '2019-08-01 17:49:58', '2019-08-01 17:49:58'),
(38599, 1, 17, 2, 54720, 2, 208038, 'salida', 300, 3397, 3397, '8.19000', '8.19000', '2019-08-01 17:54:48', '2019-08-01 17:54:48'),
(38600, 1, 17, 2, 54756, 2, 208038, 'salida', 200, 3371, 3371, '92.16000', '92.16000', '2019-08-01 17:54:48', '2019-08-01 17:54:48'),
(38601, 1, 17, 2, 54757, 2, 208038, 'salida', 50, 2700, 2700, '61.44000', '61.44000', '2019-08-01 17:54:48', '2019-08-01 17:54:48'),
(38602, 1, 15, 2, 54754, 5, 49, 'ingreso', 100, 3818, 3818, '68.00000', '68.09929', '2019-08-01 17:58:46', '2019-08-01 17:58:46'),
(38603, 1, 19, 2, 54754, 2, 208039, 'salida', 110, 3708, 3708, '68.09929', '68.09929', '2019-08-01 18:02:14', '2019-08-01 18:02:14'),
(38604, 1, 19, 2, 54754, 2, 208040, 'salida', 110, 3598, 3598, '68.09929', '68.09929', '2019-08-01 18:04:29', '2019-08-01 18:04:29'),
(38605, 1, 19, 2, 54754, 2, 208031, 'salida', 20, 3578, 3578, '68.09929', '68.09929', '2019-08-01 18:06:34', '2019-08-01 18:06:34'),
(38606, 1, 19, 2, 54719, 2, 208036, 'salida', 170, 2737, 2737, '20.88000', '20.88000', '2019-08-01 18:06:49', '2019-08-01 18:06:49'),
(38607, 1, 17, 2, 54766, 2, 208041, 'salida', 20, 63, 63, '0.95000', '0.95000', '2019-08-01 18:07:35', '2019-08-01 18:07:35'),
(38608, 1, 17, 2, 54765, 2, 208041, 'salida', 3, 5, 5, '0.71000', '0.71000', '2019-08-01 18:07:35', '2019-08-01 18:07:35'),
(38609, 1, 17, 2, 54754, 2, 208041, 'salida', 100, 3478, 3478, '68.09929', '68.09929', '2019-08-01 18:07:35', '2019-08-01 18:07:35'),
(38610, 1, 15, 2, 54765, 5, 50, 'ingreso', 3, 8, 8, '0.71000', '0.71000', '2019-08-01 18:10:29', '2019-08-01 18:10:29'),
(38611, 1, 15, 2, 54765, 2, 208042, 'salida', 3, 5, 5, '0.71000', '0.71000', '2019-08-01 18:13:34', '2019-08-01 18:13:34'),
(38612, 1, 19, 2, 54754, 2, 208045, 'salida', 3, 3475, 3475, '68.09929', '68.09929', '2019-08-01 18:23:26', '2019-08-01 18:23:26'),
(38613, 1, 19, 2, 54769, 2, 208045, 'salida', 8, 1092, 1092, '66.00000', '66.00000', '2019-08-01 18:23:26', '2019-08-01 18:23:26'),
(38614, 1, 19, 2, 54756, 2, 208046, 'salida', 3, 3368, 3368, '92.16000', '92.16000', '2019-08-01 18:32:09', '2019-08-01 18:32:09'),
(38615, 1, 19, 2, 54772, 2, 208046, 'salida', 5, 27, 27, '63.00000', '63.00000', '2019-08-01 18:32:09', '2019-08-01 18:32:09'),
(38616, 1, 19, 2, 54725, 2, 208046, 'salida', 1, 1, 1, '3.62880', '3.62880', '2019-08-01 18:32:09', '2019-08-01 18:32:09'),
(38617, 1, 17, 2, 54757, 2, 208049, 'salida', 15, 2685, 2685, '61.44000', '61.44000', '2019-08-01 18:40:53', '2019-08-01 18:40:53'),
(38618, 1, 17, 2, 54719, 2, 208049, 'salida', 39, 2698, 2698, '20.88000', '20.88000', '2019-08-01 18:40:53', '2019-08-01 18:40:53'),
(38619, 1, 17, 2, 54721, 2, 208049, 'salida', 56, 1880, 1880, '37.40000', '37.40000', '2019-08-01 18:40:53', '2019-08-01 18:40:53'),
(38620, 1, 19, 2, 54719, 2, 208047, 'salida', 91, 2607, 2607, '20.88000', '20.88000', '2019-08-01 18:41:45', '2019-08-01 18:41:45'),
(38621, 1, 19, 2, 54721, 2, 208047, 'salida', 49, 1831, 1831, '37.40000', '37.40000', '2019-08-01 18:41:45', '2019-08-01 18:41:45'),
(38622, 1, 19, 2, 54773, 2, 208047, 'salida', 10, 0, 0, '225.00000', '225.00000', '2019-08-01 18:41:45', '2019-08-01 18:41:45'),
(38623, 1, 17, 2, 54754, 2, 208048, 'salida', 10, 3465, 3465, '68.09929', '68.09929', '2019-08-01 20:53:57', '2019-08-01 20:53:57'),
(38624, 1, 19, 2, 54754, 2, 208050, 'salida', 3, 3462, 3462, '68.09929', '68.09929', '2019-08-01 20:54:16', '2019-08-01 20:54:16'),
(38625, 1, 19, 2, 54720, 2, 208050, 'salida', 1, 3396, 3396, '8.19000', '8.19000', '2019-08-01 20:54:16', '2019-08-01 20:54:16'),
(38626, 1, 19, 2, 54768, 2, 208050, 'salida', 1, 2556, 2556, '100.07593', '100.07593', '2019-08-01 20:54:16', '2019-08-01 20:54:16'),
(38627, 1, 19, 2, 54756, 2, 208051, 'salida', 3, 3365, 3365, '92.16000', '92.16000', '2019-08-01 20:58:19', '2019-08-01 20:58:19'),
(38628, 1, 19, 2, 54754, 2, 208051, 'salida', 2, 3460, 3460, '68.09929', '68.09929', '2019-08-01 20:58:19', '2019-08-01 20:58:19'),
(38629, 1, 19, 2, 54768, 2, 208052, 'salida', 5, 2551, 2551, '100.07593', '100.07593', '2019-08-01 20:58:44', '2019-08-01 20:58:44'),
(38630, 1, 19, 2, 54753, 2, 208052, 'salida', 1, 791, 791, '19.50000', '19.50000', '2019-08-01 20:58:44', '2019-08-01 20:58:44'),
(38631, 1, 15, 2, 54757, 2, 208053, 'salida', 5, 2680, 2680, '61.44000', '61.44000', '2019-08-01 21:07:16', '2019-08-01 21:07:16'),
(38632, 1, 15, 2, 54754, 2, 208053, 'salida', 25, 3435, 3435, '68.09929', '68.09929', '2019-08-01 21:07:16', '2019-08-01 21:07:16'),
(38633, 1, 19, 2, 54754, 2, 208054, 'salida', 2, 3433, 3433, '68.09929', '68.09929', '2019-08-01 21:13:27', '2019-08-01 21:13:27'),
(38634, 1, 19, 2, 54719, 2, 208054, 'salida', 4, 2603, 2603, '20.88000', '20.88000', '2019-08-01 21:13:27', '2019-08-01 21:13:27'),
(38635, 1, 19, 2, 54753, 2, 208054, 'salida', 2, 789, 789, '19.50000', '19.50000', '2019-08-01 21:13:27', '2019-08-01 21:13:27'),
(38636, 1, 19, 2, 54735, 2, 208054, 'salida', 3, 106, 106, '47.56900', '47.56900', '2019-08-01 21:13:27', '2019-08-01 21:13:27'),
(38637, 1, 19, 2, 54720, 2, 208055, 'salida', 3, 3393, 3393, '8.19000', '8.19000', '2019-08-01 21:14:49', '2019-08-01 21:14:49'),
(38638, 1, 19, 2, 54769, 2, 208055, 'salida', 2, 1090, 1090, '66.00000', '66.00000', '2019-08-01 21:14:49', '2019-08-01 21:14:49'),
(38639, 1, 19, 2, 54771, 2, 208055, 'salida', 1, 1, 1, '200.00000', '200.00000', '2019-08-01 21:14:49', '2019-08-01 21:14:49'),
(38640, 1, 19, 2, 54720, 2, 208056, 'salida', 3, 3390, 3390, '8.19000', '8.19000', '2019-08-01 21:22:26', '2019-08-01 21:22:26'),
(38641, 1, 19, 2, 54757, 2, 208057, 'salida', 3, 2677, 2677, '61.44000', '61.44000', '2019-08-01 21:36:33', '2019-08-01 21:36:33'),
(38642, 1, 19, 2, 54720, 2, 208058, 'salida', 50, 3340, 3340, '8.19000', '8.19000', '2019-08-01 21:40:48', '2019-08-01 21:40:48'),
(38643, 1, 19, 2, 54754, 2, 208058, 'salida', 5, 3428, 3428, '68.09929', '68.09929', '2019-08-01 21:40:48', '2019-08-01 21:40:48'),
(38644, 1, 15, 2, 54754, 5, 51, 'ingreso', 5, 3433, 3433, '68.09929', '68.09929', '2019-08-01 21:43:08', '2019-08-01 21:43:08'),
(38645, 1, 15, 2, 54720, 5, 51, 'ingreso', 50, 3390, 3390, '8.19000', '8.19000', '2019-08-01 21:43:08', '2019-08-01 21:43:08'),
(38646, 1, 19, 2, 54736, 2, 208059, 'salida', 10, 248, 248, '77.61000', '77.61000', '2019-08-01 21:50:41', '2019-08-01 21:50:41'),
(38647, 1, 19, 2, 54736, 2, 208060, 'salida', 10, 238, 238, '77.61000', '77.61000', '2019-08-01 21:51:46', '2019-08-01 21:51:46'),
(38648, 1, 19, 2, 54754, 2, 208061, 'salida', 80, 3353, 3353, '68.09929', '68.09929', '2019-08-01 21:56:41', '2019-08-01 21:56:41'),
(38649, 1, 19, 2, 54756, 2, 208061, 'salida', 75, 3290, 3290, '92.16000', '92.16000', '2019-08-01 21:56:41', '2019-08-01 21:56:41'),
(38650, 1, 15, 2, 54754, 5, 52, 'ingreso', 80, 3433, 3433, '68.09929', '68.09929', '2019-08-01 21:59:26', '2019-08-01 21:59:26'),
(38651, 1, 15, 2, 54756, 5, 52, 'ingreso', 75, 3365, 3365, '92.16000', '92.16000', '2019-08-01 21:59:26', '2019-08-01 21:59:26'),
(38652, 1, 17, 2, 54754, 2, 208062, 'salida', 80, 3353, 3353, '68.09929', '68.09929', '2019-08-01 22:02:40', '2019-08-01 22:02:40'),
(38653, 1, 17, 2, 54756, 2, 208062, 'salida', 75, 3290, 3290, '92.16000', '92.16000', '2019-08-01 22:02:40', '2019-08-01 22:02:40'),
(38654, 1, 19, 2, 54754, 2, 208063, 'salida', 10, 3343, 3343, '68.09929', '68.09929', '2019-08-01 22:38:26', '2019-08-01 22:38:26'),
(38655, 1, 19, 2, 54720, 2, 208063, 'salida', 15, 3375, 3375, '8.19000', '8.19000', '2019-08-01 22:38:26', '2019-08-01 22:38:26'),
(38656, 1, 17, 2, 54756, 2, 208065, 'salida', 3, 3287, 3287, '92.16000', '92.16000', '2019-08-01 22:46:04', '2019-08-01 22:46:04'),
(38657, 1, 17, 2, 54768, 2, 208065, 'salida', 50, 2501, 2501, '100.07593', '100.07593', '2019-08-01 22:46:04', '2019-08-01 22:46:04'),
(38658, 1, 17, 2, 54749, 2, 208065, 'salida', 65, 1504, 1504, '20.00000', '20.00000', '2019-08-01 22:46:04', '2019-08-01 22:46:04'),
(38659, 1, 19, 2, 54724, 2, 208067, 'salida', 1, 15, 15, '112.13991', '112.13991', '2019-08-01 22:53:05', '2019-08-01 22:53:05'),
(38660, 1, 19, 2, 54719, 2, 208067, 'salida', 2, 2601, 2601, '20.88000', '20.88000', '2019-08-01 22:53:05', '2019-08-01 22:53:05'),
(38661, 1, 19, 2, 54736, 2, 208067, 'salida', 1, 237, 237, '77.61000', '77.61000', '2019-08-01 22:53:05', '2019-08-01 22:53:05'),
(38662, 1, 19, 2, 54720, 2, 208064, 'salida', 15, 3360, 3360, '8.19000', '8.19000', '2019-08-01 22:53:37', '2019-08-01 22:53:37'),
(38663, 1, 19, 2, 54754, 2, 208064, 'salida', 5, 3338, 3338, '68.09929', '68.09929', '2019-08-01 22:53:37', '2019-08-01 22:53:37'),
(38664, 1, 19, 2, 54749, 2, 208064, 'salida', 7, 1497, 1497, '20.00000', '20.00000', '2019-08-01 22:53:37', '2019-08-01 22:53:37'),
(38665, 1, 17, 2, 54770, 2, 208066, 'salida', 75, 225, 225, '3.50000', '3.50000', '2019-08-01 22:53:53', '2019-08-01 22:53:53'),
(38666, 1, 17, 2, 54756, 2, 208066, 'salida', 100, 3187, 3187, '92.16000', '92.16000', '2019-08-01 22:53:53', '2019-08-01 22:53:53'),
(38667, 1, 17, 2, 54767, 2, 208068, 'salida', 25, 51, 51, '0.95000', '0.95000', '2019-08-01 22:54:12', '2019-08-01 22:54:12'),
(38668, 1, 17, 2, 54772, 2, 208068, 'salida', 10, 17, 17, '63.00000', '63.00000', '2019-08-01 22:54:12', '2019-08-01 22:54:12'),
(38669, 1, 17, 2, 54768, 2, 208068, 'salida', 500, 2001, 2001, '100.07593', '100.07593', '2019-08-01 22:54:12', '2019-08-01 22:54:12'),
(38670, 1, 19, 2, 54754, 2, 208069, 'salida', 5, 3333, 3333, '68.09929', '68.09929', '2019-08-01 22:56:45', '2019-08-01 22:56:45'),
(38671, 1, 19, 2, 54719, 2, 208069, 'salida', 11, 2590, 2590, '20.88000', '20.88000', '2019-08-01 22:56:45', '2019-08-01 22:56:45'),
(38672, 1, 19, 2, 54720, 2, 208069, 'salida', 30, 3330, 3330, '8.19000', '8.19000', '2019-08-01 22:56:45', '2019-08-01 22:56:45'),
(38673, 1, 19, 2, 54753, 2, 208070, 'salida', 3, 786, 786, '19.50000', '19.50000', '2019-08-01 22:59:29', '2019-08-01 22:59:29'),
(38674, 1, 19, 2, 54756, 2, 208070, 'salida', 4, 3183, 3183, '92.16000', '92.16000', '2019-08-01 22:59:29', '2019-08-01 22:59:29'),
(38675, 1, 19, 2, 54754, 2, 208070, 'salida', 2, 3331, 3331, '68.09929', '68.09929', '2019-08-01 22:59:29', '2019-08-01 22:59:29'),
(38676, 1, 17, 2, 54749, 2, 208071, 'salida', 50, 1447, 1447, '20.00000', '20.00000', '2019-08-01 23:02:44', '2019-08-01 23:02:44'),
(38677, 1, 17, 2, 54766, 2, 208071, 'salida', 20, 43, 43, '0.95000', '0.95000', '2019-08-01 23:02:44', '2019-08-01 23:02:44');
INSERT INTO `kardex` (`id`, `tienda_id`, `user_id`, `kardex_accion_id`, `producto_id`, `kardex_transaccion_id`, `transaccion_id`, `evento`, `cantidad`, `existencia`, `existencia_tienda`, `costo`, `costo_promedio`, `created_at`, `updated_at`) VALUES
(38678, 1, 17, 2, 54721, 2, 208071, 'salida', 150, 1681, 1681, '37.40000', '37.40000', '2019-08-01 23:02:44', '2019-08-01 23:02:44'),
(38679, 1, 19, 2, 54754, 2, 208072, 'salida', 2, 3329, 3329, '68.09929', '68.09929', '2019-08-01 23:03:14', '2019-08-01 23:03:14'),
(38680, 1, 19, 2, 54720, 2, 208072, 'salida', 30, 3300, 3300, '8.19000', '8.19000', '2019-08-01 23:03:14', '2019-08-01 23:03:14'),
(38681, 1, 19, 2, 54719, 2, 208072, 'salida', 13, 2577, 2577, '20.88000', '20.88000', '2019-08-01 23:03:14', '2019-08-01 23:03:14'),
(38682, 1, 19, 2, 54719, 2, 208073, 'salida', 7, 2570, 2570, '20.88000', '20.88000', '2019-08-01 23:03:31', '2019-08-01 23:03:31'),
(38683, 1, 19, 2, 54720, 2, 208073, 'salida', 3, 3297, 3297, '8.19000', '8.19000', '2019-08-01 23:03:31', '2019-08-01 23:03:31'),
(38684, 1, 19, 2, 54757, 2, 208073, 'salida', 1, 2676, 2676, '61.44000', '61.44000', '2019-08-01 23:03:31', '2019-08-01 23:03:31'),
(38685, 1, 17, 2, 54769, 2, 208074, 'salida', 300, 790, 790, '66.00000', '66.00000', '2019-08-01 23:04:25', '2019-08-01 23:04:25'),
(38686, 1, 17, 2, 54729, 2, 208074, 'salida', 50, 30, 30, '3500.00000', '3500.00000', '2019-08-01 23:04:25', '2019-08-01 23:04:25'),
(38687, 1, 17, 2, 54721, 2, 208074, 'salida', 1000, 681, 681, '37.40000', '37.40000', '2019-08-01 23:04:25', '2019-08-01 23:04:25'),
(38688, 1, 17, 2, 54735, 2, 208075, 'salida', 60, 46, 46, '47.56900', '47.56900', '2019-08-01 23:11:42', '2019-08-01 23:11:42'),
(38689, 1, 17, 2, 54737, 2, 208075, 'salida', 40, 262, 262, '3.63000', '3.63000', '2019-08-01 23:11:42', '2019-08-01 23:11:42'),
(38690, 1, 19, 2, 54756, 2, 208076, 'salida', 5, 3178, 3178, '92.16000', '92.16000', '2019-08-01 23:12:05', '2019-08-01 23:12:05'),
(38691, 1, 19, 2, 54769, 2, 208076, 'salida', 13, 777, 777, '66.00000', '66.00000', '2019-08-01 23:12:05', '2019-08-01 23:12:05'),
(38692, 1, 17, 2, 54756, 2, 208077, 'salida', 800, 2378, 2378, '92.16000', '92.16000', '2019-08-01 23:14:49', '2019-08-01 23:14:49'),
(38693, 1, 19, 2, 54754, 2, 208078, 'salida', 29, 3300, 3300, '68.09929', '68.09929', '2019-08-01 23:15:10', '2019-08-01 23:15:10'),
(38694, 1, 15, 2, 54754, 5, 53, 'ingreso', 19, 3319, 3319, '68.09929', '68.09929', '2019-08-01 23:17:00', '2019-08-01 23:17:00'),
(38695, 1, 19, 2, 54756, 2, 208079, 'salida', 20, 2358, 2358, '92.16000', '92.16000', '2019-08-01 23:20:15', '2019-08-01 23:20:15'),
(38696, 1, 17, 2, 54754, 2, 208080, 'salida', 20, 3299, 3299, '68.09929', '68.09929', '2019-08-01 23:21:04', '2019-08-01 23:21:04'),
(38697, 1, 17, 2, 54721, 2, 208081, 'salida', 28, 653, 653, '37.40000', '37.40000', '2019-08-01 23:30:18', '2019-08-01 23:30:18'),
(38698, 1, 19, 2, 54719, 2, 208082, 'salida', 39, 2531, 2531, '20.88000', '20.88000', '2019-08-01 23:31:58', '2019-08-01 23:31:58'),
(38699, 1, 19, 2, 54756, 2, 208083, 'salida', 1, 2357, 2357, '92.16000', '92.16000', '2019-08-01 23:49:51', '2019-08-01 23:49:51'),
(38700, 1, 19, 2, 54719, 2, 208083, 'salida', 1, 2530, 2530, '20.88000', '20.88000', '2019-08-01 23:49:51', '2019-08-01 23:49:51'),
(38701, 1, 19, 2, 54753, 2, 208083, 'salida', 1, 785, 785, '19.50000', '19.50000', '2019-08-01 23:49:51', '2019-08-01 23:49:51'),
(38702, 1, 17, 2, 54754, 2, 208084, 'salida', 2, 3297, 3297, '68.09929', '68.09929', '2019-08-01 23:58:54', '2019-08-01 23:58:54'),
(38703, 1, 17, 2, 54753, 2, 208084, 'salida', 1, 784, 784, '19.50000', '19.50000', '2019-08-01 23:58:54', '2019-08-01 23:58:54'),
(38704, 1, 17, 2, 54721, 2, 208084, 'salida', 49, 604, 604, '37.40000', '37.40000', '2019-08-01 23:58:54', '2019-08-01 23:58:54'),
(38705, 1, 17, 2, 54772, 2, 208085, 'salida', 1, 16, 16, '63.00000', '63.00000', '2019-08-01 23:59:13', '2019-08-01 23:59:13'),
(38706, 1, 17, 2, 54720, 2, 208085, 'salida', 2, 3295, 3295, '8.19000', '8.19000', '2019-08-01 23:59:13', '2019-08-01 23:59:13'),
(38707, 1, 17, 2, 54754, 2, 208086, 'salida', 80, 3217, 3217, '68.09929', '68.09929', '2019-08-02 00:01:43', '2019-08-02 00:01:43'),
(38708, 1, 17, 2, 54719, 2, 208086, 'salida', 26, 2504, 2504, '20.88000', '20.88000', '2019-08-02 00:01:43', '2019-08-02 00:01:43'),
(38709, 1, 17, 2, 54735, 2, 208086, 'salida', 10, 36, 36, '47.56900', '47.56900', '2019-08-02 00:01:43', '2019-08-02 00:01:43'),
(38710, 1, 19, 2, 54754, 2, 208087, 'salida', 30, 3187, 3187, '68.09929', '68.09929', '2019-08-02 00:06:08', '2019-08-02 00:06:08'),
(38711, 1, 19, 2, 54719, 2, 208087, 'salida', 13, 2491, 2491, '20.88000', '20.88000', '2019-08-02 00:06:08', '2019-08-02 00:06:08'),
(38712, 1, 19, 2, 54723, 2, 208087, 'salida', 1, 0, 0, '3.48320', '3.48320', '2019-08-02 00:06:08', '2019-08-02 00:06:08'),
(38713, 1, 19, 2, 54733, 2, 208087, 'salida', 1, 0, 0, '24.74000', '24.74000', '2019-08-02 00:06:08', '2019-08-02 00:06:08'),
(38714, 1, 19, 2, 54754, 2, 208098, 'salida', 250, 2937, 2937, '68.09929', '68.09929', '2019-08-02 14:39:04', '2019-08-02 14:39:04'),
(38715, 1, 19, 2, 54720, 2, 208098, 'salida', 180, 3115, 3115, '8.19000', '8.19000', '2019-08-02 14:39:04', '2019-08-02 14:39:04'),
(38716, 1, 19, 2, 54736, 2, 208098, 'salida', 100, 137, 137, '77.61000', '77.61000', '2019-08-02 14:39:04', '2019-08-02 14:39:04'),
(38717, 1, 19, 2, 54720, 2, 208090, 'salida', 36, 3079, 3079, '8.19000', '8.19000', '2019-08-02 14:40:14', '2019-08-02 14:40:14'),
(38718, 1, 19, 2, 54754, 2, 208090, 'salida', 3, 2934, 2934, '68.09929', '68.09929', '2019-08-02 14:40:14', '2019-08-02 14:40:14'),
(38719, 1, 19, 2, 54719, 2, 208090, 'salida', 7, 2484, 2484, '20.88000', '20.88000', '2019-08-02 14:40:14', '2019-08-02 14:40:14'),
(38720, 1, 19, 2, 54738, 2, 208090, 'salida', 1, 554, 554, '3.49880', '3.49880', '2019-08-02 14:40:14', '2019-08-02 14:40:14'),
(38721, 1, 17, 2, 54754, 2, 208091, 'salida', 1100, 1834, 1834, '68.09929', '68.09929', '2019-08-02 14:40:47', '2019-08-02 14:40:47'),
(38722, 1, 17, 2, 54756, 2, 208091, 'salida', 400, 1957, 1957, '92.16000', '92.16000', '2019-08-02 14:40:47', '2019-08-02 14:40:47'),
(38723, 1, 17, 2, 54749, 2, 208091, 'salida', 351, 1096, 1096, '20.00000', '20.00000', '2019-08-02 14:40:47', '2019-08-02 14:40:47'),
(38724, 1, 17, 2, 54721, 2, 208091, 'salida', 50, 554, 554, '37.40000', '37.40000', '2019-08-02 14:40:47', '2019-08-02 14:40:47'),
(38725, 1, 17, 2, 54762, 2, 208091, 'salida', 40, 62, 62, '0.43000', '0.43000', '2019-08-02 14:40:47', '2019-08-02 14:40:47'),
(38726, 1, 17, 2, 54750, 2, 208091, 'salida', 10, 75, 75, '53.70000', '53.70000', '2019-08-02 14:40:47', '2019-08-02 14:40:47'),
(38727, 1, 19, 2, 54756, 2, 208092, 'salida', 2, 1955, 1955, '92.16000', '92.16000', '2019-08-02 14:44:13', '2019-08-02 14:44:13'),
(38728, 1, 19, 2, 54769, 2, 208092, 'salida', 3, 774, 774, '66.00000', '66.00000', '2019-08-02 14:44:13', '2019-08-02 14:44:13'),
(38729, 1, 19, 2, 54764, 2, 208092, 'salida', 8, 35, 35, '1.24000', '1.24000', '2019-08-02 14:44:14', '2019-08-02 14:44:14'),
(38730, 1, 19, 2, 54736, 2, 208092, 'salida', 1, 136, 136, '77.61000', '77.61000', '2019-08-02 14:44:14', '2019-08-02 14:44:14'),
(38731, 1, 19, 2, 54754, 2, 208100, 'salida', 100, 1734, 1734, '68.09929', '68.09929', '2019-08-02 14:46:20', '2019-08-02 14:46:20'),
(38732, 1, 15, 2, 54754, 5, 54, 'ingreso', 100, 1834, 1834, '68.09929', '68.09929', '2019-08-02 14:50:03', '2019-08-02 14:50:03'),
(38733, 1, 19, 2, 54720, 2, 208093, 'salida', 3, 3076, 3076, '8.19000', '8.19000', '2019-08-02 14:50:59', '2019-08-02 14:50:59'),
(38734, 1, 19, 2, 54721, 2, 208093, 'salida', 4, 550, 550, '37.40000', '37.40000', '2019-08-02 14:50:59', '2019-08-02 14:50:59'),
(38735, 1, 19, 2, 54770, 2, 208093, 'salida', 3, 222, 222, '3.50000', '3.50000', '2019-08-02 14:50:59', '2019-08-02 14:50:59'),
(38736, 1, 19, 2, 54729, 2, 208093, 'salida', 1, 29, 29, '3500.00000', '3500.00000', '2019-08-02 14:50:59', '2019-08-02 14:50:59'),
(38737, 1, 19, 2, 54752, 2, 208093, 'salida', 1, 0, 0, '0.57000', '0.57000', '2019-08-02 14:50:59', '2019-08-02 14:50:59'),
(38738, 1, 15, 2, 54720, 5, 55, 'ingreso', 2, 3078, 3078, '8.19000', '8.19000', '2019-08-02 14:53:34', '2019-08-02 14:53:34'),
(38739, 1, 17, 2, 54753, 2, 208094, 'salida', 25, 759, 759, '19.50000', '19.50000', '2019-08-02 14:54:57', '2019-08-02 14:54:57'),
(38740, 1, 17, 2, 54721, 2, 208094, 'salida', 3, 547, 547, '37.40000', '37.40000', '2019-08-02 14:54:57', '2019-08-02 14:54:57'),
(38741, 1, 17, 2, 54761, 2, 208094, 'salida', 10, 42, 42, '0.29000', '0.29000', '2019-08-02 14:54:57', '2019-08-02 14:54:57'),
(38742, 1, 17, 2, 54729, 2, 208094, 'salida', 10, 19, 19, '3500.00000', '3500.00000', '2019-08-02 14:54:57', '2019-08-02 14:54:57'),
(38743, 1, 17, 2, 54720, 2, 208094, 'salida', 400, 2678, 2678, '8.19000', '8.19000', '2019-08-02 14:54:57', '2019-08-02 14:54:57'),
(38744, 1, 17, 2, 54749, 2, 208094, 'salida', 25, 1071, 1071, '20.00000', '20.00000', '2019-08-02 14:54:57', '2019-08-02 14:54:57'),
(38745, 1, 17, 2, 54754, 2, 208094, 'salida', 300, 1534, 1534, '68.09929', '68.09929', '2019-08-02 14:54:57', '2019-08-02 14:54:57'),
(38746, 1, 17, 2, 54772, 2, 208094, 'salida', 1, 15, 15, '63.00000', '63.00000', '2019-08-02 14:54:57', '2019-08-02 14:54:57'),
(38747, 1, 19, 2, 54756, 2, 208095, 'salida', 7, 1948, 1948, '92.16000', '92.16000', '2019-08-02 14:55:21', '2019-08-02 14:55:21'),
(38748, 1, 19, 2, 54768, 2, 208095, 'salida', 6, 1995, 1995, '100.07593', '100.07593', '2019-08-02 14:55:21', '2019-08-02 14:55:21'),
(38749, 1, 19, 2, 54769, 2, 208095, 'salida', 3, 771, 771, '66.00000', '66.00000', '2019-08-02 14:55:21', '2019-08-02 14:55:21'),
(38750, 1, 19, 2, 54772, 2, 208095, 'salida', 1, 14, 14, '63.00000', '63.00000', '2019-08-02 14:55:21', '2019-08-02 14:55:21'),
(38751, 1, 19, 2, 54767, 2, 208095, 'salida', 6, 45, 45, '0.95000', '0.95000', '2019-08-02 14:55:21', '2019-08-02 14:55:21'),
(38752, 1, 19, 2, 54754, 2, 208096, 'salida', 7, 1527, 1527, '68.09929', '68.09929', '2019-08-02 14:55:41', '2019-08-02 14:55:41'),
(38753, 1, 19, 2, 54769, 2, 208096, 'salida', 2, 769, 769, '66.00000', '66.00000', '2019-08-02 14:55:41', '2019-08-02 14:55:41'),
(38754, 1, 19, 2, 54762, 2, 208096, 'salida', 2, 60, 60, '0.43000', '0.43000', '2019-08-02 14:55:41', '2019-08-02 14:55:41'),
(38755, 1, 19, 2, 54735, 2, 208096, 'salida', 6, 30, 30, '47.56900', '47.56900', '2019-08-02 14:55:41', '2019-08-02 14:55:41'),
(38756, 1, 19, 2, 54764, 2, 208096, 'salida', 3, 32, 32, '1.24000', '1.24000', '2019-08-02 14:55:41', '2019-08-02 14:55:41'),
(38757, 1, 19, 2, 54720, 2, 208097, 'salida', 1, 2677, 2677, '8.19000', '8.19000', '2019-08-02 14:55:58', '2019-08-02 14:55:58'),
(38758, 1, 17, 2, 54757, 2, 208099, 'salida', 125, 2551, 2551, '61.44000', '61.44000', '2019-08-02 14:56:21', '2019-08-02 14:56:21'),
(38759, 1, 17, 2, 54769, 2, 208101, 'salida', 4, 765, 765, '66.00000', '66.00000', '2019-08-02 14:56:45', '2019-08-02 14:56:45'),
(38760, 1, 17, 2, 54757, 2, 208101, 'salida', 25, 2526, 2526, '61.44000', '61.44000', '2019-08-02 14:56:45', '2019-08-02 14:56:45'),
(38761, 1, 19, 2, 54754, 2, 208102, 'salida', 7, 1520, 1520, '68.09929', '68.09929', '2019-08-02 15:04:51', '2019-08-02 15:04:51'),
(38762, 1, 19, 2, 54719, 2, 208102, 'salida', 4, 2480, 2480, '20.88000', '20.88000', '2019-08-02 15:04:51', '2019-08-02 15:04:51'),
(38763, 1, 19, 2, 54749, 2, 208102, 'salida', 6, 1065, 1065, '20.00000', '20.00000', '2019-08-02 15:04:51', '2019-08-02 15:04:51'),
(38764, 1, 19, 2, 54738, 2, 208102, 'salida', 4, 550, 550, '3.49880', '3.49880', '2019-08-02 15:04:51', '2019-08-02 15:04:51'),
(38765, 1, 19, 2, 54750, 2, 208102, 'salida', 2, 73, 73, '53.70000', '53.70000', '2019-08-02 15:04:51', '2019-08-02 15:04:51'),
(38766, 1, 19, 2, 54754, 2, 208103, 'salida', 5, 1515, 1515, '68.09929', '68.09929', '2019-08-02 15:06:36', '2019-08-02 15:06:36'),
(38767, 1, 19, 2, 54750, 2, 208103, 'salida', 4, 69, 69, '53.70000', '53.70000', '2019-08-02 15:06:36', '2019-08-02 15:06:36'),
(38768, 1, 19, 2, 54753, 2, 208103, 'salida', 4, 755, 755, '19.50000', '19.50000', '2019-08-02 15:06:36', '2019-08-02 15:06:36'),
(38769, 1, 17, 2, 54768, 2, 208104, 'salida', 25, 1970, 1970, '100.07593', '100.07593', '2019-08-02 15:07:37', '2019-08-02 15:07:37'),
(38770, 1, 19, 2, 54754, 2, 208105, 'salida', 3, 1512, 1512, '68.09929', '68.09929', '2019-08-02 15:09:14', '2019-08-02 15:09:14'),
(38771, 1, 19, 2, 54769, 2, 208105, 'salida', 5, 760, 760, '66.00000', '66.00000', '2019-08-02 15:09:14', '2019-08-02 15:09:14'),
(38772, 1, 19, 2, 54738, 2, 208105, 'salida', 2, 548, 548, '3.49880', '3.49880', '2019-08-02 15:09:14', '2019-08-02 15:09:14'),
(38773, 1, 19, 2, 54730, 2, 208105, 'salida', 3, 94, 94, '53.70000', '53.70000', '2019-08-02 15:09:14', '2019-08-02 15:09:14'),
(38774, 1, 19, 2, 54750, 2, 208105, 'salida', 2, 67, 67, '53.70000', '53.70000', '2019-08-02 15:09:14', '2019-08-02 15:09:14'),
(38775, 1, 19, 2, 54720, 2, 208107, 'salida', 2, 2675, 2675, '8.19000', '8.19000', '2019-08-02 15:11:08', '2019-08-02 15:11:08'),
(38776, 1, 19, 2, 54734, 2, 208107, 'salida', 7, 190, 190, '4.42000', '4.42000', '2019-08-02 15:11:08', '2019-08-02 15:11:08'),
(38777, 1, 19, 2, 54754, 2, 208107, 'salida', 7, 1505, 1505, '68.09929', '68.09929', '2019-08-02 15:11:08', '2019-08-02 15:11:08'),
(38778, 1, 19, 2, 54735, 2, 208107, 'salida', 1, 29, 29, '47.56900', '47.56900', '2019-08-02 15:11:08', '2019-08-02 15:11:08'),
(38779, 1, 19, 2, 54768, 2, 208109, 'salida', 15, 1955, 1955, '100.07593', '100.07593', '2019-08-02 15:13:31', '2019-08-02 15:13:31'),
(38780, 1, 19, 2, 54753, 2, 208109, 'salida', 3, 752, 752, '19.50000', '19.50000', '2019-08-02 15:13:31', '2019-08-02 15:13:31'),
(38781, 1, 19, 2, 54741, 2, 208109, 'salida', 3, 18, 18, '3.63000', '3.63000', '2019-08-02 15:13:31', '2019-08-02 15:13:31'),
(38782, 1, 19, 2, 54770, 2, 208109, 'salida', 2, 220, 220, '3.50000', '3.50000', '2019-08-02 15:13:31', '2019-08-02 15:13:31'),
(38783, 1, 19, 2, 54769, 2, 208109, 'salida', 13, 747, 747, '66.00000', '66.00000', '2019-08-02 15:13:31', '2019-08-02 15:13:31'),
(38784, 1, 19, 2, 54762, 2, 208109, 'salida', 3, 57, 57, '0.43000', '0.43000', '2019-08-02 15:13:31', '2019-08-02 15:13:31'),
(38785, 1, 17, 2, 54769, 2, 208106, 'salida', 16, 731, 731, '66.00000', '66.00000', '2019-08-02 15:13:54', '2019-08-02 15:13:54'),
(38786, 1, 17, 2, 54749, 2, 208106, 'salida', 2, 1063, 1063, '20.00000', '20.00000', '2019-08-02 15:13:54', '2019-08-02 15:13:54'),
(38787, 1, 17, 2, 54729, 2, 208106, 'salida', 3, 16, 16, '3500.00000', '3500.00000', '2019-08-02 15:13:54', '2019-08-02 15:13:54'),
(38788, 1, 17, 2, 54772, 2, 208106, 'salida', 2, 12, 12, '63.00000', '63.00000', '2019-08-02 15:13:54', '2019-08-02 15:13:54'),
(38789, 1, 17, 2, 54720, 2, 208108, 'salida', 22, 2653, 2653, '8.19000', '8.19000', '2019-08-02 15:14:16', '2019-08-02 15:14:16'),
(38790, 1, 17, 2, 54753, 2, 208108, 'salida', 50, 702, 702, '19.50000', '19.50000', '2019-08-02 15:14:16', '2019-08-02 15:14:16'),
(38791, 1, 17, 2, 54757, 2, 208108, 'salida', 67, 2459, 2459, '61.44000', '61.44000', '2019-08-02 15:14:16', '2019-08-02 15:14:16'),
(38792, 1, 17, 2, 54719, 2, 208108, 'salida', 5, 2475, 2475, '20.88000', '20.88000', '2019-08-02 15:14:16', '2019-08-02 15:14:16'),
(38793, 1, 17, 2, 54757, 2, 208110, 'salida', 5, 2454, 2454, '61.44000', '61.44000', '2019-08-02 15:15:55', '2019-08-02 15:15:55'),
(38794, 1, 17, 2, 54753, 2, 208110, 'salida', 5, 697, 697, '19.50000', '19.50000', '2019-08-02 15:15:55', '2019-08-02 15:15:55'),
(38795, 1, 17, 2, 54749, 2, 208110, 'salida', 7, 1056, 1056, '20.00000', '20.00000', '2019-08-02 15:15:55', '2019-08-02 15:15:55'),
(38796, 1, 17, 2, 54719, 2, 208110, 'salida', 10, 2465, 2465, '20.88000', '20.88000', '2019-08-02 15:15:55', '2019-08-02 15:15:55'),
(38797, 1, 19, 2, 54754, 2, 208111, 'salida', 5, 1500, 1500, '68.09929', '68.09929', '2019-08-02 15:16:22', '2019-08-02 15:16:22'),
(38798, 1, 19, 2, 54769, 2, 208111, 'salida', 16, 715, 715, '66.00000', '66.00000', '2019-08-02 15:16:22', '2019-08-02 15:16:22'),
(38799, 1, 19, 2, 54730, 2, 208111, 'salida', 4, 90, 90, '53.70000', '53.70000', '2019-08-02 15:16:22', '2019-08-02 15:16:22'),
(38800, 1, 19, 2, 54750, 2, 208111, 'salida', 2, 65, 65, '53.70000', '53.70000', '2019-08-02 15:16:22', '2019-08-02 15:16:22'),
(38801, 1, 17, 2, 54719, 2, 208112, 'salida', 54, 2411, 2411, '20.88000', '20.88000', '2019-08-02 15:16:43', '2019-08-02 15:16:43'),
(38802, 1, 17, 2, 54768, 2, 208112, 'salida', 25, 1930, 1930, '100.07593', '100.07593', '2019-08-02 15:16:43', '2019-08-02 15:16:43'),
(38803, 1, 19, 2, 54749, 2, 208113, 'salida', 6, 1050, 1050, '20.00000', '20.00000', '2019-08-02 15:18:34', '2019-08-02 15:18:34'),
(38804, 1, 19, 2, 54769, 2, 208113, 'salida', 7, 708, 708, '66.00000', '66.00000', '2019-08-02 15:18:34', '2019-08-02 15:18:34'),
(38805, 1, 19, 2, 54767, 2, 208113, 'salida', 7, 38, 38, '0.95000', '0.95000', '2019-08-02 15:18:34', '2019-08-02 15:18:34'),
(38806, 1, 19, 2, 54730, 2, 208113, 'salida', 7, 83, 83, '53.70000', '53.70000', '2019-08-02 15:18:34', '2019-08-02 15:18:34'),
(38807, 1, 19, 2, 54768, 2, 208114, 'salida', 15, 1915, 1915, '100.07593', '100.07593', '2019-08-02 15:20:32', '2019-08-02 15:20:32'),
(38808, 1, 19, 2, 54769, 2, 208114, 'salida', 8, 700, 700, '66.00000', '66.00000', '2019-08-02 15:20:32', '2019-08-02 15:20:32'),
(38809, 1, 19, 2, 54739, 2, 208114, 'salida', 3, 57, 57, '170.55000', '170.55000', '2019-08-02 15:20:32', '2019-08-02 15:20:32'),
(38810, 1, 15, 2, 54754, 2, 208115, 'salida', 30, 1470, 1470, '68.09929', '68.09929', '2019-08-02 15:23:21', '2019-08-02 15:23:21'),
(38811, 1, 15, 2, 54719, 2, 208116, 'salida', 39, 2372, 2372, '20.88000', '20.88000', '2019-08-02 15:26:04', '2019-08-02 15:26:04'),
(38812, 1, 15, 2, 54754, 2, 208116, 'salida', 15, 1455, 1455, '68.09929', '68.09929', '2019-08-02 15:26:04', '2019-08-02 15:26:04'),
(38813, 1, 15, 2, 54754, 2, 208117, 'salida', 25, 1430, 1430, '68.09929', '68.09929', '2019-08-02 15:28:53', '2019-08-02 15:28:53'),
(38814, 1, 15, 2, 54757, 2, 208117, 'salida', 7, 2447, 2447, '61.44000', '61.44000', '2019-08-02 15:28:53', '2019-08-02 15:28:53'),
(38815, 1, 15, 2, 54739, 2, 208117, 'salida', 4, 53, 53, '170.55000', '170.55000', '2019-08-02 15:28:53', '2019-08-02 15:28:53'),
(38816, 1, 15, 2, 54724, 2, 208117, 'salida', 15, 0, 0, '112.13991', '112.13991', '2019-08-02 15:28:53', '2019-08-02 15:28:53'),
(38817, 1, 15, 2, 54754, 2, 208118, 'salida', 25, 1405, 1405, '68.09929', '68.09929', '2019-08-02 15:52:56', '2019-08-02 15:52:56'),
(38818, 1, 15, 2, 54739, 2, 208118, 'salida', 10, 43, 43, '170.55000', '170.55000', '2019-08-02 15:52:56', '2019-08-02 15:52:56');

-- --------------------------------------------------------

--
-- Table structure for table `kardex_accion`
--

CREATE TABLE IF NOT EXISTS `kardex_accion` (
  `id` int(10) unsigned NOT NULL AUTO_INCREMENT,
  `nombre` varchar(255) COLLATE utf8_spanish_ci NOT NULL,
  `created_at` timestamp NOT NULL DEFAULT '0000-00-00 00:00:00',
  `updated_at` timestamp NOT NULL DEFAULT '0000-00-00 00:00:00',
  PRIMARY KEY (`id`)
) ENGINE=InnoDB  DEFAULT CHARSET=utf8 COLLATE=utf8_spanish_ci AUTO_INCREMENT=4 ;

--
-- Dumping data for table `kardex_accion`
--

INSERT INTO `kardex_accion` (`id`, `nombre`, `created_at`, `updated_at`) VALUES
(1, 'insert', '0000-00-00 00:00:00', '0000-00-00 00:00:00'),
(2, 'update', '0000-00-00 00:00:00', '0000-00-00 00:00:00'),
(3, 'delete', '0000-00-00 00:00:00', '0000-00-00 00:00:00');

-- --------------------------------------------------------

--
-- Table structure for table `kardex_transaccion`
--

CREATE TABLE IF NOT EXISTS `kardex_transaccion` (
  `id` int(10) unsigned NOT NULL AUTO_INCREMENT,
  `nombre` varchar(255) COLLATE utf8_spanish_ci NOT NULL,
  `created_at` timestamp NOT NULL DEFAULT '0000-00-00 00:00:00',
  `updated_at` timestamp NOT NULL DEFAULT '0000-00-00 00:00:00',
  PRIMARY KEY (`id`)
) ENGINE=InnoDB  DEFAULT CHARSET=utf8 COLLATE=utf8_spanish_ci AUTO_INCREMENT=7 ;

--
-- Dumping data for table `kardex_transaccion`
--

INSERT INTO `kardex_transaccion` (`id`, `nombre`, `created_at`, `updated_at`) VALUES
(1, 'compras', '0000-00-00 00:00:00', '0000-00-00 00:00:00'),
(2, 'ventas', '0000-00-00 00:00:00', '0000-00-00 00:00:00'),
(3, 'descargas', '0000-00-00 00:00:00', '0000-00-00 00:00:00'),
(4, 'traslados', '0000-00-00 00:00:00', '0000-00-00 00:00:00'),
(5, 'devolucion', '0000-00-00 00:00:00', '0000-00-00 00:00:00'),
(6, 'ajuste', '0000-00-00 00:00:00', '0000-00-00 00:00:00');

-- --------------------------------------------------------

--
-- Table structure for table `kits`
--

CREATE TABLE IF NOT EXISTS `kits` (
  `id` int(10) unsigned NOT NULL AUTO_INCREMENT,
  `user_id` int(10) unsigned NOT NULL,
  `tienda_id` int(10) unsigned NOT NULL,
  `producto_id` int(10) unsigned NOT NULL,
  `cantidad` int(10) unsigned NOT NULL,
  `precio` decimal(11,5) NOT NULL DEFAULT '0.00000',
  `observaciones` varchar(255) COLLATE utf8_spanish_ci DEFAULT NULL,
  `completed` tinyint(1) NOT NULL DEFAULT '0',
  `kardex` tinyint(1) NOT NULL DEFAULT '0',
  `created_at` timestamp NOT NULL DEFAULT '0000-00-00 00:00:00',
  `updated_at` timestamp NOT NULL DEFAULT '0000-00-00 00:00:00',
  PRIMARY KEY (`id`),
  KEY `kits_user_id_foreign` (`user_id`),
  KEY `kits_tienda_id_foreign` (`tienda_id`),
  KEY `kits_producto_id_foreign` (`producto_id`)
) ENGINE=InnoDB DEFAULT CHARSET=utf8 COLLATE=utf8_spanish_ci AUTO_INCREMENT=1 ;

-- --------------------------------------------------------

--
-- Table structure for table `kit_detalle`
--

CREATE TABLE IF NOT EXISTS `kit_detalle` (
  `id` int(10) unsigned NOT NULL AUTO_INCREMENT,
  `kit_id` int(10) unsigned NOT NULL,
  `producto_id` int(10) unsigned NOT NULL,
  `cantidad` int(10) unsigned NOT NULL,
  `precio` decimal(11,5) NOT NULL,
  `created_at` timestamp NOT NULL DEFAULT '0000-00-00 00:00:00',
  `updated_at` timestamp NOT NULL DEFAULT '0000-00-00 00:00:00',
  PRIMARY KEY (`id`),
  KEY `kit_detalle_kit_id_foreign` (`kit_id`),
  KEY `kit_detalle_producto_id_foreign` (`producto_id`)
) ENGINE=InnoDB DEFAULT CHARSET=utf8 COLLATE=utf8_spanish_ci AUTO_INCREMENT=1 ;

-- --------------------------------------------------------

--
-- Table structure for table `marcas`
--

CREATE TABLE IF NOT EXISTS `marcas` (
  `id` int(10) unsigned NOT NULL AUTO_INCREMENT,
  `nombre` varchar(50) COLLATE utf8_spanish_ci NOT NULL,
  `created_at` timestamp NOT NULL DEFAULT '0000-00-00 00:00:00',
  `updated_at` timestamp NOT NULL DEFAULT '0000-00-00 00:00:00',
  PRIMARY KEY (`id`)
) ENGINE=InnoDB  DEFAULT CHARSET=utf8 COLLATE=utf8_spanish_ci AUTO_INCREMENT=985 ;

--
-- Dumping data for table `marcas`
--

INSERT INTO `marcas` (`id`, `nombre`, `created_at`, `updated_at`) VALUES
(975, 'SIN MARCA', '2019-07-05 21:18:15', '2019-07-05 21:18:15'),
(976, 'Aceros de Guatemala', '2019-07-08 16:04:04', '2019-07-08 16:04:04'),
(977, 'AMANCO', '2019-07-08 17:18:41', '2019-07-08 17:18:41'),
(978, 'Distun', '2019-07-09 16:31:26', '2019-07-09 16:31:26'),
(979, 'Multiperfiles', '2019-07-09 17:08:03', '2019-07-09 17:08:03'),
(980, 'Hierro del Rayo', '2019-07-10 17:05:10', '2019-07-10 17:05:10'),
(981, 'CEMENTOS PROGRESO', '2019-07-25 16:57:51', '2019-07-25 16:57:51'),
(982, 'CEMEX', '2019-07-25 18:19:34', '2019-07-25 18:19:34'),
(983, 'PACIFICO', '2019-07-30 16:10:23', '2019-07-30 16:10:23'),
(984, 'AG', '2019-07-31 15:54:04', '2019-07-31 15:54:04');

-- --------------------------------------------------------

--
-- Table structure for table `metodo_pago`
--

CREATE TABLE IF NOT EXISTS `metodo_pago` (
  `id` int(10) unsigned NOT NULL AUTO_INCREMENT,
  `descripcion` varchar(255) COLLATE utf8_spanish_ci NOT NULL,
  `created_at` timestamp NOT NULL DEFAULT '0000-00-00 00:00:00',
  `updated_at` timestamp NOT NULL DEFAULT '0000-00-00 00:00:00',
  PRIMARY KEY (`id`)
) ENGINE=InnoDB  DEFAULT CHARSET=utf8 COLLATE=utf8_spanish_ci AUTO_INCREMENT=8 ;

--
-- Dumping data for table `metodo_pago`
--

INSERT INTO `metodo_pago` (`id`, `descripcion`, `created_at`, `updated_at`) VALUES
(1, 'Efectivo', '0000-00-00 00:00:00', '0000-00-00 00:00:00'),
(2, 'Credito', '0000-00-00 00:00:00', '0000-00-00 00:00:00'),
(3, 'Cheque', '0000-00-00 00:00:00', '0000-00-00 00:00:00'),
(4, 'Tarjeta', '0000-00-00 00:00:00', '0000-00-00 00:00:00'),
(5, 'Deposito', '0000-00-00 00:00:00', '0000-00-00 00:00:00'),
(6, 'Nota de credito', '0000-00-00 00:00:00', '0000-00-00 00:00:00'),
(7, 'Descuento sobre saldo', '0000-00-00 00:00:00', '0000-00-00 00:00:00');

-- --------------------------------------------------------

--
-- Table structure for table `migrations`
--

CREATE TABLE IF NOT EXISTS `migrations` (
  `migration` varchar(255) COLLATE utf8_spanish_ci NOT NULL,
  `batch` int(11) NOT NULL
) ENGINE=InnoDB DEFAULT CHARSET=utf8 COLLATE=utf8_spanish_ci;

--
-- Dumping data for table `migrations`
--

INSERT INTO `migrations` (`migration`, `batch`) VALUES
('2014_08_22_191230_create_tiendas_table', 1),
('2014_08_23_193927_CreateUsersTable', 1),
('2014_08_29_011325_entrust_setup_tables', 1),
('2014_09_24_111743_create_metodo_pago_table', 1),
('2014_09_24_194612_create_egresos_table', 1),
('2014_09_24_203843_categoria_gastos_table', 1),
('2014_09_24_203844_create_gastos_table', 1),
('2014_09_25_104140_create_proveedores_table', 1),
('2014_09_25_104217_create_marcas_table', 1),
('2014_09_25_104218_create_categorias_table', 1),
('2014_09_25_104218_create_table_precio_venta', 1),
('2014_09_25_104219_create_productos_table', 1),
('2014_09_25_104220_create_compras_table', 1),
('2014_09_25_104222_create_abonos_compras', 1),
('2014_09_25_140350_create_table_tipo_cliente', 1),
('2014_09_25_140357_create_clientes_table', 1),
('2014_09_25_140358_create_table_promociones', 1),
('2014_09_25_141332_create_ventas_table', 1),
('2014_09_25_171602_create_abonos_ventas_table', 1),
('2014_09_25_195236_create_descargas_table', 1),
('2014_09_25_203755_create_soporte_table', 1),
('2014_09_26_114620_create_cierre_diario_table', 1),
('2015_04_08_093438_existencias', 1),
('2015_05_08_091843_create_ingresos_table', 1),
('2015_05_19_092050_table_flete', 1),
('2015_05_27_082533_create_table_barcode', 1),
('2015_07_10_115234_create_table_theme', 1),
('2015_07_27_105137_create_table_notificacion', 1),
('2015_07_30_083819_table_printer_configuration', 1),
('2015_07_31_094237_create_kardex', 1),
('2015_08_06_135743_create_table_traslado', 1),
('2015_08_17_091151_disparadores', 1),
('2015_09_18_074932_table_cotizacion', 1),
('2015_09_18_074933_table_cajas_por_tienda', 1),
('2015_10_19_132140_devoluciones', 1),
('2015_10_22_095922_table_notas_de_credito', 1),
('2015_10_22_173132_adelantos_table', 1),
('2015_11_13_125054_informe_general', 1),
('2016_02_04_142856_create_table_puestos', 1),
('2016_03_04_163343_add_colum_nit_table_tiendas', 1),
('2016_03_18_124929_create_kits_table', 1),
('2017_03_08_072655_add_proveedores_productos', 1);

-- --------------------------------------------------------

--
-- Table structure for table `notas_creditos`
--

CREATE TABLE IF NOT EXISTS `notas_creditos` (
  `id` int(10) unsigned NOT NULL AUTO_INCREMENT,
  `cliente_id` int(10) unsigned NOT NULL,
  `tienda_id` int(10) unsigned NOT NULL,
  `user_id` int(10) unsigned NOT NULL,
  `estado` tinyint(1) NOT NULL DEFAULT '0',
  `venta_id` int(11) DEFAULT NULL,
  `tipo` varchar(255) COLLATE utf8_spanish_ci NOT NULL,
  `tipo_id` varchar(255) COLLATE utf8_spanish_ci NOT NULL,
  `monto` decimal(8,2) NOT NULL,
  `created_at` timestamp NOT NULL DEFAULT '0000-00-00 00:00:00',
  `updated_at` timestamp NOT NULL DEFAULT '0000-00-00 00:00:00',
  PRIMARY KEY (`id`),
  KEY `notas_creditos_cliente_id_foreign` (`cliente_id`),
  KEY `notas_creditos_tienda_id_foreign` (`tienda_id`),
  KEY `notas_creditos_user_id_foreign` (`user_id`)
) ENGINE=InnoDB  DEFAULT CHARSET=utf8 COLLATE=utf8_spanish_ci AUTO_INCREMENT=43 ;

--
-- Dumping data for table `notas_creditos`
--

INSERT INTO `notas_creditos` (`id`, `cliente_id`, `tienda_id`, `user_id`, `estado`, `venta_id`, `tipo`, `tipo_id`, `monto`, `created_at`, `updated_at`) VALUES
(2, 17, 1, 14, 1, 207622, 'devolucion', '10', '345.00', '2019-07-10 15:46:38', '2019-07-10 15:53:09'),
(3, 21, 1, 15, 1, 207630, 'adelanto', '1', '200.00', '2019-07-10 16:10:24', '2019-07-10 16:18:26'),
(4, 22, 1, 14, 1, 207632, 'adelanto', '2', '2000.00', '2019-07-10 16:13:09', '2019-07-10 16:19:19'),
(5, 23, 1, 16, 1, 207634, 'adelanto', '3', '20000.00', '2019-07-10 16:14:39', '2019-07-10 16:22:03'),
(6, 20, 1, 15, 1, 207636, 'adelanto', '4', '670.00', '2019-07-10 16:22:36', '2019-07-10 16:27:17'),
(7, 22, 1, 14, 1, 207637, 'adelanto', '5', '800.00', '2019-07-10 16:24:11', '2019-07-10 16:27:40'),
(8, 17, 1, 15, 1, 207639, 'devolucion', '12', '230.00', '2019-07-10 16:34:31', '2019-07-10 16:38:46'),
(9, 21, 1, 14, 0, NULL, 'devolucion', '13', '70.00', '2019-07-10 16:36:56', '2019-07-10 16:36:56'),
(10, 22, 1, 14, 1, 207641, 'devolucion', '14', '14.10', '2019-07-10 16:42:45', '2019-07-10 16:44:34'),
(11, 24, 1, 17, 1, 207658, 'adelanto', '6', '700.00', '2019-07-10 17:21:22', '2019-07-10 18:03:39'),
(12, 17, 1, 16, 1, 207656, 'devolucion', '17', '115.00', '2019-07-10 17:53:47', '2019-07-10 17:55:59'),
(13, 24, 1, 17, 1, 207658, 'adelanto', '7', '500.00', '2019-07-10 18:00:11', '2019-07-10 18:03:39'),
(14, 24, 1, 17, 1, 207688, 'adelanto', '8', '3500.00', '2019-07-10 20:02:28', '2019-07-11 17:45:33'),
(15, 19, 1, 17, 1, 207699, 'adelanto', '9', '300.00', '2019-07-10 20:23:38', '2019-07-12 14:36:39'),
(16, 24, 1, 17, 1, 207688, 'devolucion', '20', '6500.00', '2019-07-11 17:31:18', '2019-07-11 17:45:33'),
(17, 19, 1, 17, 1, 207699, 'adelanto', '10', '15000.00', '2019-07-11 20:52:30', '2019-07-12 14:36:39'),
(18, 29, 1, 17, 1, 207727, 'adelanto', '11', '450.00', '2019-07-11 23:21:31', '2019-07-15 17:15:49'),
(19, 31, 1, 17, 0, NULL, 'adelanto', '12', '2100.00', '2019-07-12 16:54:04', '2019-07-12 16:54:04'),
(20, 24, 1, 17, 1, 208117, 'adelanto', '13', '1400.00', '2019-07-12 18:39:08', '2019-08-02 15:28:53'),
(21, 32, 1, 17, 1, 207737, 'adelanto', '14', '5000.00', '2019-07-15 17:08:56', '2019-07-17 15:01:10'),
(22, 73, 1, 15, 1, 208115, 'adelanto', '15', '2000.00', '2019-07-30 17:21:19', '2019-08-02 15:23:21'),
(23, 17, 1, 19, 1, 207861, 'devolucion', '26', '600.00', '2019-07-30 17:28:09', '2019-07-30 17:51:15'),
(24, 112, 1, 19, 1, 207937, 'devolucion', '31', '760.00', '2019-07-31 15:37:25', '2019-07-31 16:36:25'),
(25, 119, 1, 19, 1, 207951, 'devolucion', '33', '1200.00', '2019-07-31 17:41:00', '2019-07-31 17:41:56'),
(26, 127, 1, 19, 1, 207956, 'devolucion', '34', '380.00', '2019-07-31 17:49:06', '2019-07-31 17:54:50'),
(27, 107, 1, 19, 1, 207957, 'devolucion', '35', '1500.00', '2019-07-31 18:02:49', '2019-07-31 18:06:26'),
(28, 131, 1, 20, 0, NULL, 'adelanto', '16', '1000.00', '2019-07-31 20:53:10', '2019-07-31 20:53:10'),
(29, 117, 1, 20, 1, 208007, 'devolucion', '37', '1200.00', '2019-07-31 21:13:34', '2019-08-01 15:24:43'),
(30, 27, 1, 20, 1, 207971, 'devolucion', '38', '94.00', '2019-07-31 21:34:49', '2019-07-31 21:40:14'),
(31, 16, 1, 20, 0, NULL, 'devolucion', '39', '15.00', '2019-07-31 22:01:11', '2019-07-31 22:01:11'),
(32, 117, 1, 15, 1, 208007, 'devolucion', '40', '1900.00', '2019-08-01 15:11:19', '2019-08-01 15:24:43'),
(33, 159, 1, 15, 1, 208029, 'devolucion', '43', '380.00', '2019-08-01 16:54:32', '2019-08-01 16:59:34'),
(34, 1, 1, 15, 1, 208037, 'devolucion', '44', '234.00', '2019-08-01 17:05:16', '2019-08-01 17:49:57'),
(35, 1, 1, 15, 1, 208037, 'devolucion', '45', '760.00', '2019-08-01 17:14:47', '2019-08-01 17:49:57'),
(36, 1, 1, 15, 1, 208037, 'devolucion', '46', '230.00', '2019-08-01 17:19:59', '2019-08-01 17:49:57'),
(37, 164, 1, 15, 0, NULL, 'devolucion', '47', '600.00', '2019-08-01 17:24:55', '2019-08-01 17:24:55'),
(38, 1, 1, 15, 1, 208037, 'devolucion', '48', '3800.00', '2019-08-01 17:31:11', '2019-08-01 17:49:57'),
(39, 65, 1, 15, 1, 208040, 'devolucion', '49', '7600.00', '2019-08-01 17:58:46', '2019-08-01 18:04:29'),
(40, 28, 1, 15, 1, 208042, 'devolucion', '50', '4.50', '2019-08-01 18:10:29', '2019-08-01 18:13:34'),
(41, 173, 1, 15, 1, 208060, 'devolucion', '51', '880.00', '2019-08-01 21:43:08', '2019-08-01 21:51:46'),
(42, 27, 1, 15, 1, 208079, 'devolucion', '53', '1444.00', '2019-08-01 23:17:00', '2019-08-01 23:20:15');

-- --------------------------------------------------------

--
-- Table structure for table `notificaciones`
--

CREATE TABLE IF NOT EXISTS `notificaciones` (
  `id` int(10) unsigned NOT NULL AUTO_INCREMENT,
  `tienda_id` int(10) unsigned NOT NULL,
  `correo` varchar(255) COLLATE utf8_spanish_ci NOT NULL,
  `notificacion` varchar(255) COLLATE utf8_spanish_ci NOT NULL,
  `created_at` timestamp NOT NULL DEFAULT '0000-00-00 00:00:00',
  `updated_at` timestamp NOT NULL DEFAULT '0000-00-00 00:00:00',
  PRIMARY KEY (`id`),
  KEY `notificaciones_tienda_id_foreign` (`tienda_id`)
) ENGINE=InnoDB  DEFAULT CHARSET=utf8 COLLATE=utf8_spanish_ci AUTO_INCREMENT=4 ;

--
-- Dumping data for table `notificaciones`
--

INSERT INTO `notificaciones` (`id`, `tienda_id`, `correo`, `notificacion`, `created_at`, `updated_at`) VALUES
(1, 1, 'dimacorsa.oriente@gmail.com', 'CierreDia', '2018-11-20 01:45:16', '2018-11-20 01:45:16'),
(2, 1, 'eduardoguerras@gmail.com', 'CierreDia', '2019-07-05 21:30:14', '2019-07-05 21:30:14'),
(3, 1, 'karendeguerra@gmail.com', 'CierreDia', '2019-07-05 21:30:25', '2019-07-05 21:30:25');

-- --------------------------------------------------------

--
-- Table structure for table `pagos_compras`
--

CREATE TABLE IF NOT EXISTS `pagos_compras` (
  `id` int(10) unsigned NOT NULL AUTO_INCREMENT,
  `compra_id` int(10) unsigned NOT NULL,
  `monto` decimal(11,5) NOT NULL DEFAULT '0.00000',
  `metodo_pago_id` int(10) unsigned NOT NULL DEFAULT '1',
  `created_at` timestamp NOT NULL DEFAULT '0000-00-00 00:00:00',
  `updated_at` timestamp NOT NULL DEFAULT '0000-00-00 00:00:00',
  PRIMARY KEY (`id`),
  KEY `pagos_compras_compra_id_foreign` (`compra_id`),
  KEY `pagos_compras_metodo_pago_id_foreign` (`metodo_pago_id`)
) ENGINE=InnoDB  DEFAULT CHARSET=utf8 COLLATE=utf8_spanish_ci AUTO_INCREMENT=930 ;

--
-- Dumping data for table `pagos_compras`
--

INSERT INTO `pagos_compras` (`id`, `compra_id`, `monto`, `metodo_pago_id`, `created_at`, `updated_at`) VALUES
(890, 959, '24882.59200', 2, '2019-07-08 16:24:12', '2019-07-08 16:24:12'),
(891, 960, '27992.57440', 2, '2019-07-08 16:24:31', '2019-07-08 16:24:31'),
(892, 961, '7000.00000', 2, '2019-07-08 17:22:45', '2019-07-08 17:22:45'),
(893, 962, '3222.00120', 2, '2019-07-08 17:28:42', '2019-07-08 17:28:42'),
(894, 964, '1499.99000', 2, '2019-07-08 22:41:31', '2019-07-08 22:41:31'),
(896, 966, '11245.23000', 2, '2019-07-09 16:52:46', '2019-07-09 16:52:46'),
(897, 965, '7596.94800', 2, '2019-07-09 16:52:53', '2019-07-09 16:52:53'),
(900, 968, '54223.04000', 2, '2019-07-09 20:49:24', '2019-07-09 20:49:24'),
(901, 967, '815.00000', 2, '2019-07-09 20:50:36', '2019-07-09 20:50:36'),
(902, 971, '67592.00000', 5, '2019-07-10 16:19:36', '2019-07-10 16:19:36'),
(903, 972, '2020.67659', 2, '2019-07-10 17:10:26', '2019-07-10 17:10:26'),
(904, 973, '21070.00000', 2, '2019-07-10 17:20:07', '2019-07-10 17:20:07'),
(906, 975, '6000.00000', 5, '2019-07-10 21:31:08', '2019-07-10 21:31:08'),
(907, 975, '6300.50000', 2, '2019-07-10 21:31:17', '2019-07-10 21:31:17'),
(908, 978, '195000.00000', 1, '2019-07-25 15:27:59', '2019-07-25 15:27:59'),
(909, 981, '680000.00000', 2, '2019-07-25 16:59:03', '2019-07-25 16:59:03'),
(910, 983, '20880.00000', 5, '2019-07-25 18:01:43', '2019-07-25 18:01:43'),
(911, 984, '28748.80000', 2, '2019-07-25 18:11:29', '2019-07-25 18:11:29'),
(912, 985, '28500.00000', 5, '2019-07-25 18:20:13', '2019-07-25 18:20:13'),
(913, 986, '9216.00000', 2, '2019-07-25 19:09:50', '2019-07-25 19:09:50'),
(914, 987, '17100.00000', 2, '2019-07-25 19:14:02', '2019-07-25 19:14:02'),
(915, 989, '72.00000', 2, '2019-07-30 16:15:16', '2019-07-30 16:15:16'),
(917, 990, '2100.00000', 1, '2019-07-30 21:52:05', '2019-07-30 21:52:05'),
(918, 991, '23.40000', 1, '2019-07-30 22:10:01', '2019-07-30 22:10:01'),
(920, 992, '237.50000', 1, '2019-07-30 22:45:38', '2019-07-30 22:45:38'),
(921, 993, '424455.00000', 2, '2019-07-31 14:41:16', '2019-07-31 14:41:16'),
(922, 994, '3788.00000', 2, '2019-07-31 14:49:30', '2019-07-31 14:49:30'),
(923, 995, '119.50000', 1, '2019-07-31 15:41:59', '2019-07-31 15:41:59'),
(924, 996, '342990.00000', 2, '2019-07-31 16:03:56', '2019-07-31 16:03:56'),
(925, 997, '34500.00000', 3, '2019-07-31 21:10:56', '2019-07-31 21:10:56'),
(926, 998, '841630.00000', 2, '2019-07-31 21:17:13', '2019-07-31 21:17:13'),
(927, 999, '1973.00000', 1, '2019-07-31 21:41:32', '2019-07-31 21:41:32'),
(928, 1000, '5400.00000', 2, '2019-07-31 21:50:33', '2019-07-31 21:50:33'),
(929, 1002, '28500.00000', 2, '2019-08-01 14:27:27', '2019-08-01 14:27:27');

-- --------------------------------------------------------

--
-- Table structure for table `pagos_ventas`
--

CREATE TABLE IF NOT EXISTS `pagos_ventas` (
  `id` int(10) unsigned NOT NULL AUTO_INCREMENT,
  `venta_id` int(10) unsigned NOT NULL,
  `monto` decimal(11,5) NOT NULL,
  `metodo_pago_id` int(10) unsigned NOT NULL DEFAULT '1',
  `created_at` timestamp NOT NULL DEFAULT '0000-00-00 00:00:00',
  `updated_at` timestamp NOT NULL DEFAULT '0000-00-00 00:00:00',
  PRIMARY KEY (`id`),
  KEY `pagos_ventas_venta_id_foreign` (`venta_id`),
  KEY `pagos_ventas_metodo_pago_id_foreign` (`metodo_pago_id`)
) ENGINE=InnoDB  DEFAULT CHARSET=utf8 COLLATE=utf8_spanish_ci AUTO_INCREMENT=12088 ;

--
-- Dumping data for table `pagos_ventas`
--

INSERT INTO `pagos_ventas` (`id`, `venta_id`, `monto`, `metodo_pago_id`, `created_at`, `updated_at`) VALUES
(11599, 207597, '2300.00000', 1, '2019-07-08 17:51:16', '2019-07-08 17:51:16'),
(11600, 207598, '900.00000', 2, '2019-07-08 17:51:17', '2019-07-08 17:51:17'),
(11601, 207601, '1500.00000', 1, '2019-07-08 21:06:46', '2019-07-08 21:06:46'),
(11602, 207601, '800.00000', 4, '2019-07-08 21:06:46', '2019-07-08 21:06:46'),
(11603, 207607, '1000.00000', 2, '2019-07-08 22:47:24', '2019-07-08 22:47:24'),
(11604, 207607, '1500.00000', 1, '2019-07-08 22:47:24', '2019-07-08 22:47:24'),
(11605, 207608, '1000.00000', 2, '2019-07-08 22:47:40', '2019-07-08 22:47:40'),
(11606, 207608, '3000.00000', 1, '2019-07-08 22:47:40', '2019-07-08 22:47:40'),
(11607, 207609, '15.00000', 1, '2019-07-08 22:49:47', '2019-07-08 22:49:47'),
(11608, 207613, '825.00000', 2, '2019-07-09 17:38:53', '2019-07-09 17:38:53'),
(11609, 207602, '5.00000', 1, '2019-07-09 17:40:00', '2019-07-09 17:40:00'),
(11610, 207602, '5.00000', 2, '2019-07-09 17:40:00', '2019-07-09 17:40:00'),
(11611, 207615, '3450.00000', 2, '2019-07-09 20:45:13', '2019-07-09 20:45:13'),
(11612, 207616, '6900.00000', 2, '2019-07-09 20:46:03', '2019-07-09 20:46:03'),
(11613, 207617, '3450.00000', 2, '2019-07-09 20:46:53', '2019-07-09 20:46:53'),
(11614, 207614, '4.70000', 1, '2019-07-09 22:02:40', '2019-07-09 22:02:40'),
(11615, 207618, '10.00000', 4, '2019-07-09 22:11:30', '2019-07-09 22:11:30'),
(11616, 207619, '1010.50000', 4, '2019-07-09 22:12:24', '2019-07-09 22:12:24'),
(11617, 207620, '230.00000', 4, '2019-07-09 22:14:57', '2019-07-09 22:14:57'),
(11618, 207621, '275.00000', 1, '2019-07-09 22:24:06', '2019-07-09 22:24:06'),
(11619, 207622, '345.00000', 6, '2019-07-10 15:53:09', '2019-07-10 15:53:09'),
(11620, 207622, '64.40000', 1, '2019-07-10 15:53:09', '2019-07-10 15:53:09'),
(11621, 207623, '11.00000', 2, '2019-07-10 15:56:34', '2019-07-10 15:56:34'),
(11622, 207625, '23.00000', 1, '2019-07-10 15:59:04', '2019-07-10 15:59:04'),
(11623, 207626, '130.00000', 1, '2019-07-10 16:00:31', '2019-07-10 16:00:31'),
(11624, 207630, '200.00000', 6, '2019-07-10 16:18:26', '2019-07-10 16:18:26'),
(11625, 207630, '190.00000', 2, '2019-07-10 16:18:26', '2019-07-10 16:18:26'),
(11626, 207632, '2000.00000', 6, '2019-07-10 16:19:19', '2019-07-10 16:19:19'),
(11627, 207632, '2100.00000', 1, '2019-07-10 16:19:19', '2019-07-10 16:19:19'),
(11628, 207634, '20000.00000', 6, '2019-07-10 16:22:03', '2019-07-10 16:22:03'),
(11629, 207634, '25000.00000', 5, '2019-07-10 16:22:03', '2019-07-10 16:22:03'),
(11630, 207636, '670.00000', 6, '2019-07-10 16:27:17', '2019-07-10 16:27:17'),
(11631, 207637, '800.00000', 6, '2019-07-10 16:27:40', '2019-07-10 16:27:40'),
(11632, 207637, '1280.00000', 1, '2019-07-10 16:27:40', '2019-07-10 16:27:40'),
(11633, 207638, '235.00000', 1, '2019-07-10 16:34:16', '2019-07-10 16:34:16'),
(11634, 207639, '230.00000', 6, '2019-07-10 16:38:46', '2019-07-10 16:38:46'),
(11635, 207641, '14.10000', 6, '2019-07-10 16:44:34', '2019-07-10 16:44:34'),
(11636, 207641, '30.90000', 1, '2019-07-10 16:44:34', '2019-07-10 16:44:34'),
(11637, 207642, '2250.00000', 2, '2019-07-10 16:46:20', '2019-07-10 16:46:20'),
(11638, 207644, '1100.00000', 2, '2019-07-10 16:52:54', '2019-07-10 16:52:54'),
(11639, 207649, '75.00000', 1, '2019-07-10 17:12:54', '2019-07-10 17:12:54'),
(11640, 207650, '1725.00000', 2, '2019-07-10 17:13:06', '2019-07-10 17:13:06'),
(11641, 207652, '7.50000', 1, '2019-07-10 17:29:55', '2019-07-10 17:29:55'),
(11642, 207654, '1800.00000', 2, '2019-07-10 17:36:24', '2019-07-10 17:36:24'),
(11643, 207656, '115.00000', 6, '2019-07-10 17:55:59', '2019-07-10 17:55:59'),
(11644, 207656, '135.00000', 2, '2019-07-10 17:55:59', '2019-07-10 17:55:59'),
(11645, 207655, '47.00000', 1, '2019-07-10 17:58:13', '2019-07-10 17:58:13'),
(11646, 207658, '1200.00000', 6, '2019-07-10 18:03:39', '2019-07-10 18:03:39'),
(11647, 207658, '8350.00000', 2, '2019-07-10 18:03:39', '2019-07-10 18:03:39'),
(11648, 207659, '230.00000', 1, '2019-07-10 18:39:56', '2019-07-10 18:39:56'),
(11649, 207660, '6900.00000', 2, '2019-07-10 20:00:23', '2019-07-10 20:00:23'),
(11650, 207661, '13000.00000', 2, '2019-07-10 20:18:48', '2019-07-10 20:18:48'),
(11651, 207662, '1250.00000', 2, '2019-07-10 20:21:44', '2019-07-10 20:21:44'),
(11652, 207663, '10.00000', 1, '2019-07-10 20:44:11', '2019-07-10 20:44:11'),
(11653, 207664, '4.70000', 1, '2019-07-10 20:53:01', '2019-07-10 20:53:01'),
(11654, 207667, '94.00000', 1, '2019-07-10 21:25:46', '2019-07-10 21:25:46'),
(11655, 207666, '9200.00000', 1, '2019-07-10 21:26:34', '2019-07-10 21:26:34'),
(11656, 207665, '1000.00000', 1, '2019-07-10 21:27:39', '2019-07-10 21:27:39'),
(11657, 207665, '2100.00000', 4, '2019-07-10 21:27:39', '2019-07-10 21:27:39'),
(11658, 207668, '240.00000', 1, '2019-07-10 21:32:52', '2019-07-10 21:32:52'),
(11659, 207669, '22.50000', 1, '2019-07-10 21:34:03', '2019-07-10 21:34:03'),
(11660, 207671, '15.00000', 2, '2019-07-10 21:44:41', '2019-07-10 21:44:41'),
(11662, 207672, '47.00000', 4, '2019-07-10 21:55:40', '2019-07-10 21:55:40'),
(11663, 207675, '2100.00000', 2, '2019-07-11 14:10:07', '2019-07-11 14:10:07'),
(11664, 207676, '412.50000', 1, '2019-07-11 14:21:33', '2019-07-11 14:21:33'),
(11665, 207677, '2300.00000', 4, '2019-07-11 14:31:17', '2019-07-11 14:31:17'),
(11666, 207678, '37.50000', 5, '2019-07-11 14:33:05', '2019-07-11 14:33:05'),
(11667, 207679, '350.00000', 2, '2019-07-11 14:38:13', '2019-07-11 14:38:13'),
(11668, 207680, '442.00000', 2, '2019-07-11 15:03:43', '2019-07-11 15:03:43'),
(11669, 207681, '16100.00000', 2, '2019-07-11 15:51:24', '2019-07-11 15:51:24'),
(11670, 207682, '550.00000', 2, '2019-07-11 15:52:54', '2019-07-11 15:52:54'),
(11671, 207683, '235.00000', 1, '2019-07-11 15:54:21', '2019-07-11 15:54:21'),
(11672, 207684, '2300.00000', 2, '2019-07-11 15:55:21', '2019-07-11 15:55:21'),
(11673, 207685, '5.50000', 2, '2019-07-11 15:56:08', '2019-07-11 15:56:08'),
(11674, 207686, '45000.00000', 2, '2019-07-11 16:14:06', '2019-07-11 16:14:06'),
(11675, 207674, '2300.00000', 2, '2019-07-11 16:33:40', '2019-07-11 16:33:40'),
(11676, 207688, '10000.00000', 6, '2019-07-11 17:45:33', '2019-07-11 17:45:33'),
(11677, 207688, '3500.00000', 1, '2019-07-11 17:45:33', '2019-07-11 17:45:33'),
(11678, 207690, '30000.00000', 1, '2019-07-11 17:59:33', '2019-07-11 17:59:33'),
(11679, 207690, '230.00000', 3, '2019-07-11 17:59:33', '2019-07-11 17:59:33'),
(11680, 207692, '10500.00000', 2, '2019-07-11 18:02:48', '2019-07-11 18:02:48'),
(11681, 207693, '9.40000', 1, '2019-07-11 18:06:50', '2019-07-11 18:06:50'),
(11682, 207694, '150.00000', 1, '2019-07-11 18:08:40', '2019-07-11 18:08:40'),
(11683, 207695, '300.00000', 2, '2019-07-11 20:24:29', '2019-07-11 20:24:29'),
(11684, 207695, '450.00000', 1, '2019-07-11 20:24:29', '2019-07-11 20:24:29'),
(11685, 207698, '300.00000', 1, '2019-07-11 23:12:25', '2019-07-11 23:12:25'),
(11686, 207698, '450.00000', 2, '2019-07-11 23:12:25', '2019-07-11 23:12:25'),
(11687, 207699, '300.00000', 6, '2019-07-12 14:36:39', '2019-07-12 14:36:39'),
(11688, 207699, '200.00000', 2, '2019-07-12 14:36:39', '2019-07-12 14:36:39'),
(11689, 207700, '483.00000', 1, '2019-07-12 14:42:33', '2019-07-12 14:42:33'),
(11690, 207701, '450.00000', 1, '2019-07-12 14:43:44', '2019-07-12 14:43:44'),
(11691, 207702, '156.50000', 1, '2019-07-12 14:45:58', '2019-07-12 14:45:58'),
(11692, 207703, '559.20000', 3, '2019-07-12 14:50:54', '2019-07-12 14:50:54'),
(11693, 207704, '1850.00000', 1, '2019-07-12 15:10:14', '2019-07-12 15:10:14'),
(11694, 207705, '380.00000', 1, '2019-07-12 15:59:24', '2019-07-12 15:59:24'),
(11695, 207706, '625.00000', 1, '2019-07-12 16:00:10', '2019-07-12 16:00:10'),
(11696, 207707, '825.00000', 1, '2019-07-12 16:00:49', '2019-07-12 16:00:49'),
(11697, 207708, '7.50000', 1, '2019-07-12 16:01:22', '2019-07-12 16:01:22'),
(11698, 207709, '125.00000', 1, '2019-07-12 16:19:52', '2019-07-12 16:19:52'),
(11699, 207710, '1000.00000', 1, '2019-07-12 16:20:54', '2019-07-12 16:20:54'),
(11700, 207711, '1150.00000', 1, '2019-07-12 16:22:00', '2019-07-12 16:22:00'),
(11701, 207712, '375.00000', 1, '2019-07-12 16:45:09', '2019-07-12 16:45:09'),
(11702, 207713, '700.00000', 1, '2019-07-12 16:48:34', '2019-07-12 16:48:34'),
(11703, 207714, '125.00000', 2, '2019-07-12 16:54:59', '2019-07-12 16:54:59'),
(11704, 207715, '247.50000', 2, '2019-07-12 16:56:11', '2019-07-12 16:56:11'),
(11705, 207716, '6500.00000', 1, '2019-07-12 16:57:10', '2019-07-12 16:57:10'),
(11706, 207717, '117.50000', 1, '2019-07-12 17:38:25', '2019-07-12 17:38:25'),
(11707, 207718, '321.50000', 1, '2019-07-12 17:39:38', '2019-07-12 17:39:38'),
(11708, 207719, '3000.00000', 1, '2019-07-12 18:25:37', '2019-07-12 18:25:37'),
(11709, 207720, '3957.50000', 1, '2019-07-12 18:26:45', '2019-07-12 18:26:45'),
(11710, 207721, '9620.00000', 1, '2019-07-12 18:29:06', '2019-07-12 18:29:06'),
(11711, 207722, '439.50000', 2, '2019-07-12 18:30:18', '2019-07-12 18:30:18'),
(11712, 207723, '422.00000', 1, '2019-07-12 18:32:01', '2019-07-12 18:32:01'),
(11713, 207724, '700.00000', 1, '2019-07-15 15:15:12', '2019-07-15 15:15:12'),
(11714, 207724, '300.00000', 2, '2019-07-15 15:15:12', '2019-07-15 15:15:12'),
(11715, 207725, '5000.00000', 1, '2019-07-15 17:01:52', '2019-07-15 17:01:52'),
(11716, 207725, '6289.00000', 3, '2019-07-15 17:01:52', '2019-07-15 17:01:52'),
(11717, 207726, '5876.00000', 2, '2019-07-15 17:05:07', '2019-07-15 17:05:07'),
(11718, 207727, '56.40000', 1, '2019-07-15 17:15:49', '2019-07-15 17:15:49'),
(11719, 207727, '0.00000', 6, '2019-07-15 17:15:49', '2019-07-15 17:15:49'),
(11720, 207728, '110.00000', 5, '2019-07-15 17:25:06', '2019-07-15 17:25:06'),
(11721, 207729, '6080.50000', 2, '2019-07-15 17:35:03', '2019-07-15 17:35:03'),
(11722, 207730, '2600.00000', 4, '2019-07-15 17:35:51', '2019-07-15 17:35:51'),
(11723, 207732, '3.00000', 1, '2019-07-15 18:39:35', '2019-07-15 18:39:35'),
(11724, 207731, '165.00000', 1, '2019-07-15 18:41:18', '2019-07-15 18:41:18'),
(11725, 207737, '5000.00000', 6, '2019-07-17 15:01:10', '2019-07-17 15:01:10'),
(11726, 207737, '70.00000', 1, '2019-07-17 15:01:10', '2019-07-17 15:01:10'),
(11727, 207738, '200.00000', 2, '2019-07-23 17:22:30', '2019-07-23 17:22:30'),
(11728, 207739, '1325.00000', 2, '2019-07-23 17:29:34', '2019-07-23 17:29:34'),
(11729, 207740, '1615.00000', 4, '2019-07-23 17:35:34', '2019-07-23 17:35:34'),
(11730, 207741, '1261.00000', 1, '2019-07-23 17:40:17', '2019-07-23 17:40:17'),
(11731, 207744, '27.50000', 1, '2019-07-23 18:17:34', '2019-07-23 18:17:34'),
(11732, 207745, '330.00000', 1, '2019-07-23 18:35:12', '2019-07-23 18:35:12'),
(11733, 207746, '625.00000', 2, '2019-07-23 18:36:01', '2019-07-23 18:36:01'),
(11734, 207748, '360.00000', 5, '2019-07-24 17:12:11', '2019-07-24 17:12:11'),
(11735, 207749, '70.50000', 1, '2019-07-24 17:14:21', '2019-07-24 17:14:21'),
(11736, 207751, '1150.00000', 2, '2019-07-24 17:58:25', '2019-07-24 17:58:25'),
(11737, 207752, '567.10000', 2, '2019-07-24 17:59:01', '2019-07-24 17:59:01'),
(11738, 207753, '460.00000', 1, '2019-07-24 18:23:02', '2019-07-24 18:23:02'),
(11739, 207754, '230.00000', 2, '2019-07-24 18:34:59', '2019-07-24 18:34:59'),
(11740, 207756, '47.00000', 2, '2019-07-24 18:45:31', '2019-07-24 18:45:31'),
(11741, 207763, '2000.00000', 2, '2019-07-24 19:14:23', '2019-07-24 19:14:23'),
(11742, 207764, '23.50000', 1, '2019-07-24 20:46:26', '2019-07-24 20:46:26'),
(11743, 207761, '18.80000', 1, '2019-07-24 20:47:31', '2019-07-24 20:47:31'),
(11744, 207760, '192.00000', 2, '2019-07-24 20:48:13', '2019-07-24 20:48:13'),
(11745, 207780, '75.00000', 1, '2019-07-24 23:25:27', '2019-07-24 23:25:27'),
(11746, 207781, '9.40000', 1, '2019-07-24 23:25:40', '2019-07-24 23:25:40'),
(11747, 207782, '62.50000', 1, '2019-07-24 23:25:53', '2019-07-24 23:25:53'),
(11748, 207783, '30.00000', 1, '2019-07-24 23:26:11', '2019-07-24 23:26:11'),
(11749, 207784, '325.00000', 2, '2019-07-24 23:26:29', '2019-07-24 23:26:29'),
(11750, 207785, '140.00000', 2, '2019-07-24 23:26:45', '2019-07-24 23:26:45'),
(11751, 207786, '293.80000', 2, '2019-07-24 23:29:36', '2019-07-24 23:29:36'),
(11752, 207788, '3800.00000', 1, '2019-07-25 16:46:01', '2019-07-25 16:46:01'),
(11753, 207789, '1515.40000', 1, '2019-07-25 16:46:12', '2019-07-25 16:46:12'),
(11754, 207790, '1000.00000', 2, '2019-07-25 16:46:29', '2019-07-25 16:46:29'),
(11755, 207792, '190.00000', 1, '2019-07-25 16:49:34', '2019-07-25 16:49:34'),
(11756, 207794, '97.50000', 1, '2019-07-25 16:49:44', '2019-07-25 16:49:44'),
(11757, 207795, '28.20000', 1, '2019-07-25 16:49:54', '2019-07-25 16:49:54'),
(11758, 207796, '382.00000', 1, '2019-07-25 16:50:04', '2019-07-25 16:50:04'),
(11759, 207797, '261.00000', 1, '2019-07-25 16:50:14', '2019-07-25 16:50:14'),
(11760, 207798, '320.00000', 1, '2019-07-25 16:50:22', '2019-07-25 16:50:22'),
(11761, 207799, '4875.00000', 1, '2019-07-25 20:28:22', '2019-07-25 20:28:22'),
(11762, 207800, '17480.00000', 1, '2019-07-25 20:28:39', '2019-07-25 20:28:39'),
(11763, 207801, '6004.00000', 1, '2019-07-25 20:28:51', '2019-07-25 20:28:51'),
(11764, 207802, '30400.00000', 2, '2019-07-25 20:29:07', '2019-07-25 20:29:07'),
(11765, 207803, '575.00000', 1, '2019-07-25 20:29:18', '2019-07-25 20:29:18'),
(11766, 207804, '97.50000', 1, '2019-07-25 20:29:29', '2019-07-25 20:29:29'),
(11767, 207805, '1460.00000', 1, '2019-07-25 20:29:39', '2019-07-25 20:29:39'),
(11768, 207806, '9400.00000', 1, '2019-07-26 22:15:01', '2019-07-26 22:15:01'),
(11769, 207808, '1475.50000', 2, '2019-07-26 22:15:35', '2019-07-26 22:15:35'),
(11770, 207809, '238.00000', 1, '2019-07-26 22:18:09', '2019-07-26 22:18:09'),
(11771, 207809, '200.00000', 2, '2019-07-26 22:18:09', '2019-07-26 22:18:09'),
(11772, 207811, '5000.00000', 1, '2019-07-26 22:21:06', '2019-07-26 22:21:06'),
(11773, 207811, '2600.00000', 2, '2019-07-26 22:21:06', '2019-07-26 22:21:06'),
(11774, 207807, '7270.00000', 1, '2019-07-26 22:23:37', '2019-07-26 22:23:37'),
(11775, 207807, '4000.00000', 3, '2019-07-26 22:23:37', '2019-07-26 22:23:37'),
(11776, 207810, '9.40000', 1, '2019-07-26 22:24:25', '2019-07-26 22:24:25'),
(11777, 207812, '8180.00000', 1, '2019-07-26 22:41:39', '2019-07-26 22:41:39'),
(11778, 207813, '975.00000', 1, '2019-07-26 22:42:04', '2019-07-26 22:42:04'),
(11779, 207814, '15200.00000', 1, '2019-07-26 22:46:46', '2019-07-26 22:46:46'),
(11780, 207815, '3040.00000', 1, '2019-07-26 22:56:14', '2019-07-26 22:56:14'),
(11781, 207817, '661.00000', 1, '2019-07-29 22:35:08', '2019-07-29 22:35:08'),
(11782, 207818, '5200.00000', 2, '2019-07-29 22:35:23', '2019-07-29 22:35:23'),
(11783, 207819, '3800.00000', 2, '2019-07-29 22:35:41', '2019-07-29 22:35:41'),
(11784, 207820, '960.00000', 2, '2019-07-29 22:35:58', '2019-07-29 22:35:58'),
(11785, 207821, '219.00000', 1, '2019-07-29 22:36:24', '2019-07-29 22:36:24'),
(11786, 207823, '68.00000', 1, '2019-07-29 22:36:50', '2019-07-29 22:36:50'),
(11787, 207824, '3800.00000', 2, '2019-07-29 22:37:05', '2019-07-29 22:37:05'),
(11788, 207825, '7170.00000', 1, '2019-07-29 22:37:49', '2019-07-29 22:37:49'),
(11789, 207826, '2720.00000', 1, '2019-07-29 22:38:04', '2019-07-29 22:38:04'),
(11790, 207827, '487.50000', 1, '2019-07-29 22:38:14', '2019-07-29 22:38:14'),
(11791, 207828, '8436.00000', 2, '2019-07-29 22:38:26', '2019-07-29 22:38:26'),
(11792, 207829, '4670.00000', 1, '2019-07-29 22:38:36', '2019-07-29 22:38:36'),
(11793, 207831, '2450.50000', 1, '2019-07-29 22:39:11', '2019-07-29 22:39:11'),
(11794, 207832, '450.00000', 1, '2019-07-29 22:39:23', '2019-07-29 22:39:23'),
(11795, 207833, '2400.00000', 1, '2019-07-29 22:39:34', '2019-07-29 22:39:34'),
(11796, 207835, '15795.00000', 2, '2019-07-29 22:39:45', '2019-07-29 22:39:45'),
(11797, 207839, '95500.00000', 2, '2019-07-29 22:40:10', '2019-07-29 22:40:10'),
(11798, 207837, '1435.00000', 2, '2019-07-29 22:40:21', '2019-07-29 22:40:21'),
(11799, 207838, '1411.70000', 1, '2019-07-29 22:40:32', '2019-07-29 22:40:32'),
(11800, 207843, '40.00000', 1, '2019-07-30 16:29:22', '2019-07-30 16:29:22'),
(11801, 207844, '119.10000', 1, '2019-07-30 16:29:36', '2019-07-30 16:29:36'),
(11802, 207846, '27.20000', 1, '2019-07-30 16:29:45', '2019-07-30 16:29:45'),
(11803, 207847, '157.50000', 1, '2019-07-30 16:30:02', '2019-07-30 16:30:02'),
(11804, 207848, '3000.00000', 1, '2019-07-30 16:30:29', '2019-07-30 16:30:29'),
(11805, 207848, '3348.00000', 3, '2019-07-30 16:30:29', '2019-07-30 16:30:29'),
(11806, 207849, '3434.10000', 2, '2019-07-30 16:30:42', '2019-07-30 16:30:42'),
(11807, 207850, '1000.00000', 1, '2019-07-30 16:31:02', '2019-07-30 16:31:02'),
(11808, 207850, '1620.00000', 4, '2019-07-30 16:31:02', '2019-07-30 16:31:02'),
(11809, 207851, '5000.00000', 1, '2019-07-30 16:31:19', '2019-07-30 16:31:19'),
(11810, 207851, '16530.00000', 2, '2019-07-30 16:31:19', '2019-07-30 16:31:19'),
(11811, 207852, '28.20000', 1, '2019-07-30 16:31:27', '2019-07-30 16:31:27'),
(11812, 207853, '5000.00000', 1, '2019-07-30 16:33:03', '2019-07-30 16:33:03'),
(11813, 207853, '5000.00000', 2, '2019-07-30 16:33:03', '2019-07-30 16:33:03'),
(11814, 207853, '11193.20000', 3, '2019-07-30 16:33:03', '2019-07-30 16:33:03'),
(11815, 207855, '1030.00000', 1, '2019-07-30 16:33:44', '2019-07-30 16:33:44'),
(11816, 207856, '1000.00000', 1, '2019-07-30 17:20:53', '2019-07-30 17:20:53'),
(11817, 207856, '2351.50000', 4, '2019-07-30 17:20:53', '2019-07-30 17:20:53'),
(11818, 207859, '76.00000', 1, '2019-07-30 17:22:31', '2019-07-30 17:22:31'),
(11819, 207860, '646.00000', 1, '2019-07-30 17:47:02', '2019-07-30 17:47:02'),
(11820, 207857, '68.00000', 3, '2019-07-30 17:47:36', '2019-07-30 17:47:36'),
(11821, 207861, '600.00000', 6, '2019-07-30 17:51:15', '2019-07-30 17:51:15'),
(11822, 207861, '60.00000', 1, '2019-07-30 17:51:15', '2019-07-30 17:51:15'),
(11823, 207862, '183.00000', 1, '2019-07-30 17:57:33', '2019-07-30 17:57:33'),
(11824, 207863, '352.50000', 1, '2019-07-30 18:00:24', '2019-07-30 18:00:24'),
(11825, 207864, '20960.00000', 1, '2019-07-30 18:02:05', '2019-07-30 18:02:05'),
(11826, 207865, '9517.50000', 1, '2019-07-30 18:03:55', '2019-07-30 18:03:55'),
(11827, 207866, '22274.00000', 1, '2019-07-30 18:05:07', '2019-07-30 18:05:07'),
(11828, 207867, '6946.30000', 1, '2019-07-30 18:07:29', '2019-07-30 18:07:29'),
(11829, 207868, '27554.50000', 1, '2019-07-30 18:09:37', '2019-07-30 18:09:37'),
(11830, 207869, '26904.50000', 1, '2019-07-30 18:12:56', '2019-07-30 18:12:56'),
(11831, 207870, '1051.70000', 1, '2019-07-30 18:14:45', '2019-07-30 18:14:45'),
(11832, 207871, '5846.00000', 1, '2019-07-30 18:25:59', '2019-07-30 18:25:59'),
(11833, 207872, '2246.50000', 1, '2019-07-30 18:27:19', '2019-07-30 18:27:19'),
(11834, 207873, '124030.00000', 1, '2019-07-30 18:29:06', '2019-07-30 18:29:06'),
(11835, 207874, '48053.00000', 1, '2019-07-30 18:31:41', '2019-07-30 18:31:41'),
(11836, 207875, '130.00000', 1, '2019-07-30 18:32:28', '2019-07-30 18:32:28'),
(11837, 207876, '3727.50000', 1, '2019-07-30 18:33:41', '2019-07-30 18:33:41'),
(11838, 207877, '75543.50000', 1, '2019-07-30 18:35:58', '2019-07-30 18:35:58'),
(11839, 207878, '1488.50000', 1, '2019-07-30 18:37:02', '2019-07-30 18:37:02'),
(11840, 207879, '277.70000', 1, '2019-07-30 18:39:00', '2019-07-30 18:39:00'),
(11841, 207880, '345.30000', 1, '2019-07-30 18:45:51', '2019-07-30 18:45:51'),
(11842, 207881, '520.50000', 1, '2019-07-30 18:47:41', '2019-07-30 18:47:41'),
(11843, 207882, '666.00000', 1, '2019-07-30 18:49:41', '2019-07-30 18:49:41'),
(11844, 207883, '430.50000', 1, '2019-07-30 18:51:34', '2019-07-30 18:51:34'),
(11845, 207885, '568.00000', 1, '2019-07-30 21:09:56', '2019-07-30 21:09:56'),
(11846, 207886, '6.00000', 1, '2019-07-30 21:13:01', '2019-07-30 21:13:01'),
(11847, 207888, '1000.00000', 4, '2019-07-30 21:18:34', '2019-07-30 21:18:34'),
(11848, 207888, '540.00000', 3, '2019-07-30 21:18:34', '2019-07-30 21:18:34'),
(11849, 207888, '500.00000', 2, '2019-07-30 21:18:34', '2019-07-30 21:18:34'),
(11850, 207889, '408.00000', 2, '2019-07-30 21:25:19', '2019-07-30 21:25:19'),
(11851, 207891, '55.40000', 1, '2019-07-30 22:15:15', '2019-07-30 22:15:15'),
(11852, 207894, '3.50000', 1, '2019-07-30 22:19:27', '2019-07-30 22:19:27'),
(11853, 207893, '166.10000', 1, '2019-07-30 22:19:52', '2019-07-30 22:19:52'),
(11854, 207892, '150.10000', 1, '2019-07-30 22:20:19', '2019-07-30 22:20:19'),
(11855, 207895, '815.00000', 4, '2019-07-30 22:22:38', '2019-07-30 22:22:38'),
(11856, 207896, '25.00000', 5, '2019-07-30 22:25:26', '2019-07-30 22:25:26'),
(11857, 207896, '51.00000', 4, '2019-07-30 22:25:26', '2019-07-30 22:25:26'),
(11858, 207897, '5.50000', 1, '2019-07-30 22:27:13', '2019-07-30 22:27:13'),
(11859, 207898, '175.50000', 1, '2019-07-30 22:56:17', '2019-07-30 22:56:17'),
(11860, 207842, '762.00000', 1, '2019-07-30 23:00:22', '2019-07-30 23:00:22'),
(11861, 207901, '481.00000', 1, '2019-07-31 14:05:53', '2019-07-31 14:05:53'),
(11862, 207902, '100.00000', 4, '2019-07-31 14:09:06', '2019-07-31 14:09:06'),
(11863, 207902, '77.50000', 3, '2019-07-31 14:09:06', '2019-07-31 14:09:06'),
(11864, 207902, '100.10000', 1, '2019-07-31 14:09:06', '2019-07-31 14:09:06'),
(11865, 207904, '58.00000', 1, '2019-07-31 14:14:44', '2019-07-31 14:14:44'),
(11866, 207904, '150.00000', 3, '2019-07-31 14:14:44', '2019-07-31 14:14:44'),
(11867, 207904, '50.00000', 4, '2019-07-31 14:14:44', '2019-07-31 14:14:44'),
(11868, 207904, '100.00000', 5, '2019-07-31 14:14:44', '2019-07-31 14:14:44'),
(11869, 207905, '214.00000', 2, '2019-07-31 14:18:51', '2019-07-31 14:18:51'),
(11870, 207905, '300.00000', 4, '2019-07-31 14:18:51', '2019-07-31 14:18:51'),
(11871, 207905, '200.00000', 1, '2019-07-31 14:18:51', '2019-07-31 14:18:51'),
(11872, 207908, '22.50000', 3, '2019-07-31 14:26:28', '2019-07-31 14:26:28'),
(11873, 207908, '150.00000', 5, '2019-07-31 14:26:28', '2019-07-31 14:26:28'),
(11874, 207908, '50.00000', 4, '2019-07-31 14:26:28', '2019-07-31 14:26:28'),
(11875, 207908, '200.00000', 1, '2019-07-31 14:26:28', '2019-07-31 14:26:28'),
(11876, 207911, '389.00000', 1, '2019-07-31 14:29:57', '2019-07-31 14:29:57'),
(11877, 207903, '532.00000', 1, '2019-07-31 14:31:54', '2019-07-31 14:31:54'),
(11878, 207906, '73.50000', 1, '2019-07-31 14:32:26', '2019-07-31 14:32:26'),
(11879, 207907, '29.50000', 1, '2019-07-31 14:32:50', '2019-07-31 14:32:50'),
(11880, 207909, '1860.00000', 1, '2019-07-31 14:35:07', '2019-07-31 14:35:07'),
(11881, 207910, '2432.00000', 1, '2019-07-31 14:35:22', '2019-07-31 14:35:22'),
(11882, 207912, '1901.50000', 1, '2019-07-31 14:40:53', '2019-07-31 14:40:53'),
(11883, 207914, '87.50000', 1, '2019-07-31 14:41:51', '2019-07-31 14:41:51'),
(11884, 207913, '380.00000', 3, '2019-07-31 14:44:46', '2019-07-31 14:44:46'),
(11885, 207916, '1500.00000', 3, '2019-07-31 14:47:33', '2019-07-31 14:47:33'),
(11886, 207916, '718.10000', 5, '2019-07-31 14:47:33', '2019-07-31 14:47:33'),
(11887, 207915, '8675.00000', 1, '2019-07-31 14:47:57', '2019-07-31 14:47:57'),
(11888, 207917, '94.00000', 1, '2019-07-31 14:48:13', '2019-07-31 14:48:13'),
(11889, 207919, '4228.00000', 1, '2019-07-31 14:49:30', '2019-07-31 14:49:30'),
(11890, 207918, '1500.00000', 1, '2019-07-31 14:49:48', '2019-07-31 14:49:48'),
(11891, 207920, '2660.00000', 1, '2019-07-31 15:08:09', '2019-07-31 15:08:09'),
(11892, 207921, '80570.00000', 1, '2019-07-31 15:20:31', '2019-07-31 15:20:31'),
(11893, 207925, '3230.00000', 1, '2019-07-31 15:32:04', '2019-07-31 15:32:04'),
(11894, 207927, '2426.00000', 1, '2019-07-31 16:07:50', '2019-07-31 16:07:50'),
(11895, 207928, '95.00000', 1, '2019-07-31 16:08:15', '2019-07-31 16:08:15'),
(11896, 207931, '247.50000', 1, '2019-07-31 16:09:28', '2019-07-31 16:09:28'),
(11897, 207930, '5000.00000', 1, '2019-07-31 16:10:41', '2019-07-31 16:10:41'),
(11898, 207930, '5000.00000', 2, '2019-07-31 16:10:41', '2019-07-31 16:10:41'),
(11899, 207930, '3500.00000', 3, '2019-07-31 16:10:41', '2019-07-31 16:10:41'),
(11900, 207930, '2750.00000', 4, '2019-07-31 16:10:41', '2019-07-31 16:10:41'),
(11901, 207930, '3750.00000', 5, '2019-07-31 16:10:41', '2019-07-31 16:10:41'),
(11902, 207932, '554.10000', 2, '2019-07-31 16:20:24', '2019-07-31 16:20:24'),
(11903, 207933, '827.50000', 2, '2019-07-31 16:25:21', '2019-07-31 16:25:21'),
(11904, 207933, '250.00000', 4, '2019-07-31 16:25:21', '2019-07-31 16:25:21'),
(11905, 207933, '266.50000', 1, '2019-07-31 16:25:21', '2019-07-31 16:25:21'),
(11906, 207937, '760.00000', 6, '2019-07-31 16:36:25', '2019-07-31 16:36:25'),
(11907, 207937, '80.00000', 1, '2019-07-31 16:36:25', '2019-07-31 16:36:25'),
(11908, 207938, '2890.00000', 1, '2019-07-31 16:44:16', '2019-07-31 16:44:16'),
(11909, 207939, '380.00000', 1, '2019-07-31 16:45:29', '2019-07-31 16:45:29'),
(11910, 207940, '1200.00000', 1, '2019-07-31 16:47:38', '2019-07-31 16:47:38'),
(11911, 207941, '500.00000', 1, '2019-07-31 16:56:05', '2019-07-31 16:56:05'),
(11912, 207942, '6621.00000', 1, '2019-07-31 17:04:34', '2019-07-31 17:04:34'),
(11913, 207923, '195.00000', 1, '2019-07-31 17:08:09', '2019-07-31 17:08:09'),
(11914, 207944, '1140.00000', 1, '2019-07-31 17:11:47', '2019-07-31 17:11:47'),
(11915, 207945, '19.50000', 1, '2019-07-31 17:14:02', '2019-07-31 17:14:02'),
(11916, 207946, '87.00000', 1, '2019-07-31 17:22:30', '2019-07-31 17:22:30'),
(11917, 207950, '3800.00000', 1, '2019-07-31 17:33:11', '2019-07-31 17:33:11'),
(11918, 207947, '760.00000', 2, '2019-07-31 17:35:20', '2019-07-31 17:35:20'),
(11919, 207951, '1200.00000', 6, '2019-07-31 17:41:56', '2019-07-31 17:41:56'),
(11920, 207954, '380.00000', 1, '2019-07-31 17:45:23', '2019-07-31 17:45:23'),
(11921, 207956, '380.00000', 6, '2019-07-31 17:54:50', '2019-07-31 17:54:50'),
(11922, 207957, '1500.00000', 6, '2019-07-31 18:06:26', '2019-07-31 18:06:26'),
(11923, 207958, '980.00000', 1, '2019-07-31 18:12:56', '2019-07-31 18:12:56'),
(11924, 207959, '76.00000', 1, '2019-07-31 18:18:18', '2019-07-31 18:18:18'),
(11925, 207960, '76.00000', 1, '2019-07-31 18:23:33', '2019-07-31 18:23:33'),
(11926, 207948, '200.00000', 4, '2019-07-31 21:01:44', '2019-07-31 21:01:44'),
(11927, 207948, '229.00000', 3, '2019-07-31 21:01:44', '2019-07-31 21:01:44'),
(11928, 207948, '100.00000', 1, '2019-07-31 21:01:44', '2019-07-31 21:01:44'),
(11929, 207961, '1200.00000', 1, '2019-07-31 21:05:55', '2019-07-31 21:05:55'),
(11930, 207964, '1360.00000', 4, '2019-07-31 21:07:57', '2019-07-31 21:07:57'),
(11931, 207966, '760.00000', 1, '2019-07-31 21:15:42', '2019-07-31 21:15:42'),
(11932, 207967, '600.00000', 2, '2019-07-31 21:18:23', '2019-07-31 21:18:23'),
(11933, 207971, '94.00000', 6, '2019-07-31 21:40:14', '2019-07-31 21:40:14'),
(11934, 207971, '6.00000', 1, '2019-07-31 21:40:14', '2019-07-31 21:40:14'),
(11935, 207970, '1000.00000', 1, '2019-07-31 21:43:06', '2019-07-31 21:43:06'),
(11936, 207973, '14660.00000', 1, '2019-07-31 21:45:22', '2019-07-31 21:45:22'),
(11937, 207972, '4300.00000', 1, '2019-07-31 21:52:11', '2019-07-31 21:52:11'),
(11938, 207974, '3431.00000', 1, '2019-07-31 21:56:57', '2019-07-31 21:56:57'),
(11940, 207976, '7180.00000', 1, '2019-07-31 22:21:14', '2019-07-31 22:21:14'),
(11941, 207977, '14700.00000', 3, '2019-07-31 22:32:11', '2019-07-31 22:32:11'),
(11942, 207978, '10000.00000', 1, '2019-07-31 22:36:58', '2019-07-31 22:36:58'),
(11943, 207979, '8119.00000', 3, '2019-07-31 22:37:15', '2019-07-31 22:37:15'),
(11944, 207980, '6360.00000', 4, '2019-07-31 22:37:33', '2019-07-31 22:37:33'),
(11945, 207981, '1000.00000', 5, '2019-07-31 22:37:51', '2019-07-31 22:37:51'),
(11946, 207982, '22800.00000', 1, '2019-07-31 22:38:43', '2019-07-31 22:38:43'),
(11947, 207983, '2200.00000', 4, '2019-07-31 22:38:57', '2019-07-31 22:38:57'),
(11948, 207984, '750.00000', 3, '2019-07-31 22:39:16', '2019-07-31 22:39:16'),
(11949, 207985, '41000.00000', 3, '2019-07-31 22:39:37', '2019-07-31 22:39:37'),
(11950, 207963, '2543.00000', 4, '2019-07-31 22:40:00', '2019-07-31 22:40:00'),
(11951, 207988, '1240.00000', 3, '2019-08-01 14:40:43', '2019-08-01 14:40:43'),
(11952, 207995, '679.00000', 1, '2019-08-01 14:46:43', '2019-08-01 14:46:43'),
(11953, 207994, '1531.00000', 1, '2019-08-01 14:47:57', '2019-08-01 14:47:57'),
(11954, 207989, '59.00000', 1, '2019-08-01 14:48:48', '2019-08-01 14:48:48'),
(11955, 207990, '804.50000', 4, '2019-08-01 14:53:10', '2019-08-01 14:53:10'),
(11956, 207991, '1497.00000', 1, '2019-08-01 14:53:55', '2019-08-01 14:53:55'),
(11957, 207992, '25000.00000', 1, '2019-08-01 14:55:01', '2019-08-01 14:55:01'),
(11958, 207997, '47.00000', 1, '2019-08-01 14:57:02', '2019-08-01 14:57:02'),
(11959, 207993, '22000.00000', 1, '2019-08-01 14:58:05', '2019-08-01 14:58:05'),
(11960, 207996, '380.00000', 1, '2019-08-01 14:58:25', '2019-08-01 14:58:25'),
(11961, 208000, '6080.00000', 4, '2019-08-01 15:02:02', '2019-08-01 15:02:02'),
(11962, 208002, '292.50000', 3, '2019-08-01 15:02:35', '2019-08-01 15:02:35'),
(11963, 208007, '1900.00000', 6, '2019-08-01 15:24:43', '2019-08-01 15:24:43'),
(11964, 208007, '4180.00000', 1, '2019-08-01 15:24:43', '2019-08-01 15:24:43'),
(11965, 208008, '10.00000', 1, '2019-08-01 15:26:43', '2019-08-01 15:26:43'),
(11966, 208009, '2270.00000', 1, '2019-08-01 15:34:13', '2019-08-01 15:34:13'),
(11967, 208010, '380.00000', 1, '2019-08-01 15:37:08', '2019-08-01 15:37:08'),
(11968, 208011, '1480.00000', 4, '2019-08-01 15:45:16', '2019-08-01 15:45:16'),
(11969, 207999, '1500.00000', 1, '2019-08-01 16:10:44', '2019-08-01 16:10:44'),
(11970, 208012, '930.00000', 1, '2019-08-01 16:11:09', '2019-08-01 16:11:09'),
(11971, 208013, '781.00000', 1, '2019-08-01 16:11:43', '2019-08-01 16:11:43'),
(11972, 208005, '1310.00000', 1, '2019-08-01 16:12:02', '2019-08-01 16:12:02'),
(11973, 208015, '9900.00000', 1, '2019-08-01 16:12:38', '2019-08-01 16:12:38'),
(11974, 208001, '1110.00000', 1, '2019-08-01 16:13:08', '2019-08-01 16:13:08'),
(11975, 208016, '9650.00000', 1, '2019-08-01 16:13:40', '2019-08-01 16:13:40'),
(11976, 208017, '2323.00000', 1, '2019-08-01 16:14:23', '2019-08-01 16:14:23'),
(11977, 208003, '76.00000', 1, '2019-08-01 16:15:06', '2019-08-01 16:15:06'),
(11978, 208004, '1110.00000', 1, '2019-08-01 16:15:38', '2019-08-01 16:15:38'),
(11979, 208019, '1973.00000', 1, '2019-08-01 16:28:29', '2019-08-01 16:28:29'),
(11980, 208020, '17000.00000', 1, '2019-08-01 16:31:06', '2019-08-01 16:31:06'),
(11981, 208020, '3150.00000', 3, '2019-08-01 16:31:06', '2019-08-01 16:31:06'),
(11982, 208021, '1500.00000', 5, '2019-08-01 16:35:45', '2019-08-01 16:35:45'),
(11983, 208021, '1585.00000', 1, '2019-08-01 16:35:45', '2019-08-01 16:35:45'),
(11984, 208022, '500.00000', 4, '2019-08-01 16:36:31', '2019-08-01 16:36:31'),
(11985, 208022, '428.00000', 1, '2019-08-01 16:36:31', '2019-08-01 16:36:31'),
(11986, 208023, '3040.00000', 1, '2019-08-01 16:38:31', '2019-08-01 16:38:31'),
(11987, 208024, '2334.00000', 1, '2019-08-01 16:46:27', '2019-08-01 16:46:27'),
(11988, 208025, '2840.00000', 1, '2019-08-01 16:50:28', '2019-08-01 16:50:28'),
(11989, 208029, '380.00000', 6, '2019-08-01 16:59:34', '2019-08-01 16:59:34'),
(11990, 208026, '1920.00000', 1, '2019-08-01 17:01:00', '2019-08-01 17:01:00'),
(11991, 208027, '863.00000', 1, '2019-08-01 17:01:12', '2019-08-01 17:01:12'),
(11992, 208030, '7175.00000', 3, '2019-08-01 17:09:51', '2019-08-01 17:09:51'),
(11993, 208032, '2392.00000', 4, '2019-08-01 17:11:14', '2019-08-01 17:11:14'),
(11994, 208033, '600.00000', 1, '2019-08-01 17:20:52', '2019-08-01 17:20:52'),
(11995, 208034, '3800.00000', 1, '2019-08-01 17:28:49', '2019-08-01 17:28:49'),
(11996, 208037, '3800.00000', 6, '2019-08-01 17:49:57', '2019-08-01 17:49:57'),
(11997, 208037, '225.00000', 1, '2019-08-01 17:49:57', '2019-08-01 17:49:57'),
(11998, 208038, '28650.00000', 1, '2019-08-01 17:54:48', '2019-08-01 17:54:48'),
(11999, 208039, '8360.00000', 1, '2019-08-01 18:02:13', '2019-08-01 18:02:13'),
(12000, 208040, '7600.00000', 6, '2019-08-01 18:04:29', '2019-08-01 18:04:29'),
(12001, 208040, '760.00000', 3, '2019-08-01 18:04:29', '2019-08-01 18:04:29'),
(12002, 208031, '1520.00000', 1, '2019-08-01 18:06:34', '2019-08-01 18:06:34'),
(12003, 208036, '3910.00000', 1, '2019-08-01 18:06:49', '2019-08-01 18:06:49'),
(12004, 208041, '7644.50000', 1, '2019-08-01 18:07:35', '2019-08-01 18:07:35'),
(12005, 208042, '4.50000', 6, '2019-08-01 18:13:34', '2019-08-01 18:13:34'),
(12006, 208045, '924.00000', 1, '2019-08-01 18:23:26', '2019-08-01 18:23:26'),
(12007, 208046, '715.50000', 2, '2019-08-01 18:32:09', '2019-08-01 18:32:09'),
(12008, 208049, '4288.00000', 1, '2019-08-01 18:40:53', '2019-08-01 18:40:53'),
(12009, 208047, '6602.00000', 1, '2019-08-01 18:41:45', '2019-08-01 18:41:45'),
(12010, 208048, '760.00000', 1, '2019-08-01 20:53:57', '2019-08-01 20:53:57'),
(12011, 208050, '358.00000', 1, '2019-08-01 20:54:16', '2019-08-01 20:54:16'),
(12012, 208051, '482.00000', 1, '2019-08-01 20:58:19', '2019-08-01 20:58:19'),
(12013, 208052, '619.50000', 1, '2019-08-01 20:58:44', '2019-08-01 20:58:44'),
(12014, 208053, '2265.00000', 2, '2019-08-01 21:07:16', '2019-08-01 21:07:16'),
(12015, 208054, '463.00000', 1, '2019-08-01 21:13:27', '2019-08-01 21:13:27'),
(12016, 208055, '454.00000', 1, '2019-08-01 21:14:49', '2019-08-01 21:14:49'),
(12017, 208056, '30.00000', 1, '2019-08-01 21:22:26', '2019-08-01 21:22:26'),
(12018, 208057, '219.00000', 1, '2019-08-01 21:36:33', '2019-08-01 21:36:33'),
(12019, 208058, '880.00000', 1, '2019-08-01 21:40:48', '2019-08-01 21:40:48'),
(12020, 208059, '950.00000', 1, '2019-08-01 21:50:41', '2019-08-01 21:50:41'),
(12021, 208060, '880.00000', 6, '2019-08-01 21:51:46', '2019-08-01 21:51:46'),
(12022, 208060, '70.00000', 4, '2019-08-01 21:51:46', '2019-08-01 21:51:46'),
(12023, 208061, '14330.00000', 3, '2019-08-01 21:56:41', '2019-08-01 21:56:41'),
(12024, 208062, '14330.00000', 1, '2019-08-01 22:02:40', '2019-08-01 22:02:40'),
(12025, 208063, '910.00000', 1, '2019-08-01 22:38:26', '2019-08-01 22:38:26'),
(12026, 208065, '7955.00000', 1, '2019-08-01 22:46:04', '2019-08-01 22:46:04'),
(12027, 208067, '271.00000', 1, '2019-08-01 22:53:05', '2019-08-01 22:53:05'),
(12028, 208064, '705.00000', 1, '2019-08-01 22:53:37', '2019-08-01 22:53:37'),
(12029, 208066, '11375.00000', 1, '2019-08-01 22:53:53', '2019-08-01 22:53:53'),
(12030, 208068, '60835.00000', 1, '2019-08-01 22:54:12', '2019-08-01 22:54:12'),
(12031, 208069, '933.00000', 1, '2019-08-01 22:56:45', '2019-08-01 22:56:45'),
(12032, 208070, '650.50000', 1, '2019-08-01 22:59:29', '2019-08-01 22:59:29'),
(12033, 208071, '7440.00000', 3, '2019-08-01 23:02:44', '2019-08-01 23:02:44'),
(12034, 208072, '751.00000', 2, '2019-08-01 23:03:14', '2019-08-01 23:03:14'),
(12035, 208073, '264.00000', 1, '2019-08-01 23:03:31', '2019-08-01 23:03:31'),
(12036, 208074, '267100.00000', 1, '2019-08-01 23:04:25', '2019-08-01 23:04:25'),
(12037, 208075, '3788.00000', 1, '2019-08-01 23:11:42', '2019-08-01 23:11:42'),
(12038, 208076, '1681.00000', 3, '2019-08-01 23:12:05', '2019-08-01 23:12:05'),
(12039, 208077, '88000.00000', 1, '2019-08-01 23:14:49', '2019-08-01 23:14:49'),
(12040, 208078, '2204.00000', 3, '2019-08-01 23:15:10', '2019-08-01 23:15:10'),
(12041, 208079, '1444.00000', 6, '2019-08-01 23:20:15', '2019-08-01 23:20:15'),
(12042, 208079, '756.00000', 1, '2019-08-01 23:20:15', '2019-08-01 23:20:15'),
(12043, 208080, '520.00000', 3, '2019-08-01 23:21:04', '2019-08-01 23:21:04'),
(12044, 208080, '1000.00000', 4, '2019-08-01 23:21:04', '2019-08-01 23:21:04'),
(12045, 208081, '1148.00000', 1, '2019-08-01 23:30:18', '2019-08-01 23:30:18'),
(12046, 208082, '897.00000', 1, '2019-08-01 23:31:58', '2019-08-01 23:31:58'),
(12047, 208083, '152.50000', 1, '2019-08-01 23:49:51', '2019-08-01 23:49:51'),
(12048, 208084, '2180.50000', 1, '2019-08-01 23:58:54', '2019-08-01 23:58:54'),
(12049, 208085, '96.00000', 1, '2019-08-01 23:59:13', '2019-08-01 23:59:13'),
(12050, 208086, '7278.00000', 3, '2019-08-02 00:01:43', '2019-08-02 00:01:43'),
(12051, 208087, '2621.50000', 4, '2019-08-02 00:06:08', '2019-08-02 00:06:08'),
(12052, 208098, '30300.00000', 1, '2019-08-02 14:39:04', '2019-08-02 14:39:04'),
(12053, 208090, '753.70000', 1, '2019-08-02 14:40:14', '2019-08-02 14:40:14'),
(12054, 208091, '142449.00000', 5, '2019-08-02 14:40:47', '2019-08-02 14:40:47'),
(12055, 208092, '592.00000', 1, '2019-08-02 14:44:13', '2019-08-02 14:44:13'),
(12056, 208100, '7600.00000', 1, '2019-08-02 14:46:20', '2019-08-02 14:46:20'),
(12057, 208093, '4210.50000', 1, '2019-08-02 14:50:59', '2019-08-02 14:50:59'),
(12058, 208094, '8116.50000', 1, '2019-08-02 14:54:57', '2019-08-02 14:54:57'),
(12059, 208094, '60000.00000', 3, '2019-08-02 14:54:57', '2019-08-02 14:54:57'),
(12060, 208095, '1845.00000', 1, '2019-08-02 14:55:21', '2019-08-02 14:55:21'),
(12061, 208096, '1073.20000', 1, '2019-08-02 14:55:41', '2019-08-02 14:55:41'),
(12062, 208097, '10.00000', 1, '2019-08-02 14:55:58', '2019-08-02 14:55:58'),
(12063, 208099, '9125.00000', 1, '2019-08-02 14:56:21', '2019-08-02 14:56:21'),
(12064, 208101, '2173.00000', 1, '2019-08-02 14:56:45', '2019-08-02 14:56:45'),
(12065, 208102, '1592.80000', 1, '2019-08-02 15:04:51', '2019-08-02 15:04:51'),
(12066, 208103, '2058.00000', 1, '2019-08-02 15:06:36', '2019-08-02 15:06:36'),
(12067, 208104, '3000.00000', 1, '2019-08-02 15:07:37', '2019-08-02 15:07:37'),
(12068, 208105, '652.40000', 1, '2019-08-02 15:09:14', '2019-08-02 15:09:14'),
(12069, 208105, '1000.00000', 3, '2019-08-02 15:09:14', '2019-08-02 15:09:14'),
(12070, 208107, '3706.00000', 1, '2019-08-02 15:11:08', '2019-08-02 15:11:08'),
(12071, 208109, '320.00000', 1, '2019-08-02 15:13:30', '2019-08-02 15:13:30'),
(12072, 208109, '2695.40000', 4, '2019-08-02 15:13:30', '2019-08-02 15:13:30'),
(12073, 208106, '13594.00000', 1, '2019-08-02 15:13:54', '2019-08-02 15:13:54'),
(12074, 208108, '6201.00000', 1, '2019-08-02 15:14:16', '2019-08-02 15:14:16'),
(12075, 208110, '867.50000', 1, '2019-08-02 15:15:55', '2019-08-02 15:15:55'),
(12076, 208111, '2812.00000', 1, '2019-08-02 15:16:22', '2019-08-02 15:16:22'),
(12077, 208112, '4242.00000', 1, '2019-08-02 15:16:43', '2019-08-02 15:16:43'),
(12078, 208113, '1000.00000', 1, '2019-08-02 15:18:34', '2019-08-02 15:18:34'),
(12079, 208113, '200.00000', 3, '2019-08-02 15:18:34', '2019-08-02 15:18:34'),
(12080, 208114, '3456.00000', 1, '2019-08-02 15:20:32', '2019-08-02 15:20:32'),
(12081, 208115, '2000.00000', 6, '2019-08-02 15:23:21', '2019-08-02 15:23:21'),
(12082, 208115, '280.00000', 1, '2019-08-02 15:23:21', '2019-08-02 15:23:21'),
(12083, 208116, '2037.00000', 1, '2019-08-02 15:26:04', '2019-08-02 15:26:04'),
(12084, 208117, '1400.00000', 6, '2019-08-02 15:28:53', '2019-08-02 15:28:53'),
(12085, 208117, '4241.00000', 1, '2019-08-02 15:28:53', '2019-08-02 15:28:53'),
(12086, 208118, '5000.00000', 1, '2019-08-02 15:52:56', '2019-08-02 15:52:56'),
(12087, 208118, '100.00000', 4, '2019-08-02 15:52:56', '2019-08-02 15:52:56');

-- --------------------------------------------------------

--
-- Table structure for table `permissions`
--

CREATE TABLE IF NOT EXISTS `permissions` (
  `id` int(10) unsigned NOT NULL AUTO_INCREMENT,
  `name` varchar(255) COLLATE utf8_spanish_ci NOT NULL,
  `display_name` varchar(255) COLLATE utf8_spanish_ci NOT NULL,
  `created_at` timestamp NOT NULL DEFAULT '0000-00-00 00:00:00',
  `updated_at` timestamp NOT NULL DEFAULT '0000-00-00 00:00:00',
  PRIMARY KEY (`id`),
  UNIQUE KEY `permissions_name_unique` (`name`)
) ENGINE=InnoDB DEFAULT CHARSET=utf8 COLLATE=utf8_spanish_ci AUTO_INCREMENT=1 ;

-- --------------------------------------------------------

--
-- Table structure for table `permission_role`
--

CREATE TABLE IF NOT EXISTS `permission_role` (
  `id` int(10) unsigned NOT NULL AUTO_INCREMENT,
  `permission_id` int(10) unsigned NOT NULL,
  `role_id` int(10) unsigned NOT NULL,
  PRIMARY KEY (`id`),
  KEY `permission_role_permission_id_foreign` (`permission_id`),
  KEY `permission_role_role_id_foreign` (`role_id`)
) ENGINE=InnoDB DEFAULT CHARSET=utf8 COLLATE=utf8_spanish_ci AUTO_INCREMENT=1 ;

-- --------------------------------------------------------

--
-- Table structure for table `precio_venta`
--

CREATE TABLE IF NOT EXISTS `precio_venta` (
  `id` int(10) unsigned NOT NULL AUTO_INCREMENT,
  `nombre` varchar(255) COLLATE utf8_spanish_ci NOT NULL,
  `created_at` timestamp NOT NULL DEFAULT '0000-00-00 00:00:00',
  `updated_at` timestamp NOT NULL DEFAULT '0000-00-00 00:00:00',
  PRIMARY KEY (`id`)
) ENGINE=InnoDB  DEFAULT CHARSET=utf8 COLLATE=utf8_spanish_ci AUTO_INCREMENT=2 ;

--
-- Dumping data for table `precio_venta`
--

INSERT INTO `precio_venta` (`id`, `nombre`, `created_at`, `updated_at`) VALUES
(1, 'Base', '0000-00-00 00:00:00', '0000-00-00 00:00:00');

-- --------------------------------------------------------

--
-- Table structure for table `printer`
--

CREATE TABLE IF NOT EXISTS `printer` (
  `id` int(10) unsigned NOT NULL AUTO_INCREMENT,
  `tienda_id` int(10) unsigned NOT NULL,
  `impresora` varchar(255) COLLATE utf8_spanish_ci NOT NULL,
  `nombre` varchar(255) COLLATE utf8_spanish_ci NOT NULL,
  `margenes` varchar(255) COLLATE utf8_spanish_ci NOT NULL,
  `created_at` timestamp NOT NULL DEFAULT '0000-00-00 00:00:00',
  `updated_at` timestamp NOT NULL DEFAULT '0000-00-00 00:00:00',
  PRIMARY KEY (`id`),
  KEY `printer_tienda_id_foreign` (`tienda_id`)
) ENGINE=InnoDB DEFAULT CHARSET=utf8 COLLATE=utf8_spanish_ci AUTO_INCREMENT=1 ;

-- --------------------------------------------------------

--
-- Table structure for table `productos`
--

CREATE TABLE IF NOT EXISTS `productos` (
  `id` int(10) unsigned NOT NULL AUTO_INCREMENT,
  `categoria_id` int(10) unsigned NOT NULL,
  `sub_categoria_id` int(11) NOT NULL,
  `marca_id` int(10) unsigned NOT NULL,
  `precio_venta_id` int(10) unsigned NOT NULL DEFAULT '1',
  `codigo` varchar(50) COLLATE utf8_spanish_ci NOT NULL,
  `descripcion` varchar(100) COLLATE utf8_spanish_ci NOT NULL,
  `existencia` int(11) NOT NULL DEFAULT '0',
  `p_costo` decimal(11,5) NOT NULL,
  `p_publico` decimal(11,5) NOT NULL,
  `stock_minimo` int(11) NOT NULL DEFAULT '0',
  `inactivo` int(11) NOT NULL,
  `created_at` timestamp NOT NULL DEFAULT '0000-00-00 00:00:00',
  `updated_at` timestamp NOT NULL DEFAULT '0000-00-00 00:00:00',
  `proveedor1` int(11) DEFAULT '0',
  `proveedor2` int(11) DEFAULT '0',
  `proveedor3` int(11) DEFAULT '0',
  PRIMARY KEY (`id`),
  KEY `productos_categoria_id_foreign` (`categoria_id`),
  KEY `productos_marca_id_foreign` (`marca_id`),
  KEY `productos_precio_venta_id_foreign` (`precio_venta_id`)
) ENGINE=InnoDB  DEFAULT CHARSET=utf8 COLLATE=utf8_spanish_ci AUTO_INCREMENT=54777 ;

--
-- Dumping data for table `productos`
--

INSERT INTO `productos` (`id`, `categoria_id`, `sub_categoria_id`, `marca_id`, `precio_venta_id`, `codigo`, `descripcion`, `existencia`, `p_costo`, `p_publico`, `stock_minimo`, `inactivo`, `created_at`, `updated_at`, `proveedor1`, `proveedor2`, `proveedor3`) VALUES
(54719, 88, 0, 976, 1, '5500011', 'Varilla Corrugada 3/8"x6M G-40', 2372, '20.88000', '23.00000', 1, 0, '2019-07-08 16:07:14', '2019-08-01 17:19:59', 0, 0, 0),
(54720, 88, 0, 976, 1, '5500100', 'Varilla Lisa 1/4"x6M', 2653, '8.19000', '10.00000', 1, 0, '2019-07-08 16:09:52', '2019-08-02 14:53:34', 0, 0, 0),
(54721, 88, 0, 976, 1, '5500019', 'Varilla Corrugada de 1/2"x6M G-40', 547, '37.40000', '41.00000', 0, 0, '2019-07-08 16:10:43', '2019-07-31 21:17:18', 0, 0, 0),
(54722, 89, 0, 976, 1, '5500262', 'Clavo 2"x13 en bolsa', 1, '3.62880', '5.00000', 1, 0, '2019-07-08 16:15:02', '2019-07-12 18:34:25', 0, 0, 0),
(54723, 89, 0, 976, 1, '5500241', 'Alambre de Amarre Calibre 16', 0, '3.48320', '7.50000', 0, 0, '2019-07-08 16:15:05', '2019-07-31 22:01:11', 0, 0, 0),
(54724, 88, 0, 976, 1, '5500534', 'Costanera 4"x2"x6M 1.5MM', 0, '112.13991', '130.00000', 1, 0, '2019-07-08 16:19:52', '2019-07-09 17:18:25', 0, 0, 0),
(54725, 89, 0, 976, 1, '5500263', 'Clavo de 2 1/2" x12 en bolsa', 1, '3.62880', '5.50000', 0, 0, '2019-07-08 16:20:15', '2019-07-12 17:44:12', 0, 0, 0),
(54726, 88, 0, 976, 1, '5500539', 'Costanera 6"2"x6M 1.5MM', 0, '146.42880', '160.00000', 1, 0, '2019-07-08 16:21:06', '2019-07-08 21:29:26', 36, 36, 36),
(54727, 89, 0, 976, 1, '5500264', 'Clavo de 3"x10 en Bolsa', 0, '3.62880', '5.50000', 1, 0, '2019-07-08 16:22:26', '2019-07-09 16:53:03', 0, 0, 0),
(54728, 90, 0, 977, 1, '141050', 'SILLETA TE 6"X3 125PSI C/C (20)', 0, '3500.00000', '4000.00000', 1, 0, '2019-07-08 17:19:28', '2019-07-08 17:22:50', 0, 0, 0),
(54729, 90, 0, 977, 1, '141051', 'SILLETA TE 6"X4" 125PSI C/C (20)', 16, '3500.00000', '4000.00000', 1, 0, '2019-07-08 17:21:57', '2019-07-31 14:41:19', 0, 0, 0),
(54730, 90, 0, 977, 1, '955198', 'Tubo pvc sdr26 50 mm- 2" x 6 m bl cam/cem', 83, '53.70000', '60.00000', 1, 0, '2019-07-08 17:24:54', '2019-07-31 14:41:19', 0, 0, 0),
(54731, 90, 0, 977, 1, '141052', 'Curva 2"x90 160 psi', 0, '899.99000', '950.00000', 1, 0, '2019-07-08 22:38:14', '2019-07-08 22:41:37', 0, 0, 0),
(54732, 90, 0, 977, 1, '141053', 'Curva 2"x45 160 psi', 26, '600.00000', '700.00000', 1, 0, '2019-07-08 22:40:53', '2019-07-31 14:41:19', 0, 0, 0),
(54733, 91, 0, 977, 1, '10001', 'Tubo PVC 2"x6 Naranja', 0, '24.74000', '35.00000', 1, 0, '2019-07-09 16:30:50', '2019-07-09 16:52:48', 0, 0, 0),
(54734, 89, 0, 978, 1, '550022', 'Clavo 1" x16', 190, '4.42000', '442.00000', 1, 0, '2019-07-09 16:31:54', '2019-07-31 21:41:34', 0, 0, 0),
(54735, 91, 0, 977, 1, '10002', 'Tubo PVC 3"x6 Naranja', 29, '47.56900', '60.00000', 1, 0, '2019-07-09 16:32:47', '2019-08-01 17:24:55', 0, 0, 0),
(54736, 91, 0, 977, 1, '10003', 'Tubo PVC 4"x6 Naranja', 136, '77.61000', '95.00000', 1, 0, '2019-07-09 16:33:48', '2019-07-31 14:41:19', 0, 0, 0),
(54737, 89, 0, 978, 1, '550023', 'Clavo 2" x13', 262, '3.63000', '4.70000', 1, 0, '2019-07-09 16:34:16', '2019-07-31 21:41:34', 0, 0, 0),
(54738, 89, 0, 978, 1, '550024', 'Clavo 2" x14', 548, '3.49880', '4.70000', 1, 0, '2019-07-09 16:35:31', '2019-07-30 21:52:09', 0, 0, 0),
(54739, 91, 0, 977, 1, '10004', 'Silleta Y en PVC Novafort 10x4', 43, '170.55000', '320.00000', 1, 0, '2019-07-09 16:35:39', '2019-07-31 14:41:19', 36, 36, 36),
(54740, 91, 0, 977, 1, '10005', 'Silleta Y PVC 8x4', 0, '244.64000', '320.00000', 1, 0, '2019-07-09 16:37:10', '2019-07-09 16:52:48', 0, 0, 0),
(54741, 89, 0, 978, 1, '550025', 'Clavo 2" 1/2 x12', 18, '3.63000', '4.70000', 1, 0, '2019-07-09 16:37:13', '2019-07-31 21:34:49', 0, 0, 0),
(54742, 89, 0, 978, 1, '550026', 'Clavo 3" x 10', 0, '0.00000', '4.70000', 1, 0, '2019-07-09 16:38:27', '2019-07-09 16:38:27', 0, 0, 0),
(54743, 91, 0, 977, 1, '10006', 'Tubo Corrugado 10"x6', 0, '499.40000', '762.00000', 1, 0, '2019-07-09 16:39:09', '2019-07-09 16:52:48', 0, 0, 0),
(54744, 88, 0, 976, 1, '2001', 'Viga v 3" 1 1/2" x 3/16" x4', 1, '254.20000', '350.00000', 1, 0, '2019-07-09 16:53:09', '2019-07-09 17:18:24', 0, 0, 0),
(54745, 88, 0, 976, 1, '2003', 'Tubo pvc de 3/4" x 3', 1, '5.46000', '60.00000', 1, 0, '2019-07-09 17:03:24', '2019-07-09 17:18:25', 0, 0, 0),
(54746, 88, 0, 979, 1, '2004', 'Hierro angular 1/4" x 4 x 8', 0, '406.10000', '500.00000', 1, 0, '2019-07-09 17:08:08', '2019-07-09 17:18:25', 0, 0, 0),
(54747, 88, 0, 979, 1, '2006', 'Lamina negra 1/4" x 4 x 8', 0, '914.76000', '1000.00000', 1, 0, '2019-07-09 17:13:02', '2019-07-09 17:18:25', 0, 0, 0),
(54748, 88, 0, 979, 1, '2007', 'Tubo estructural cuadrado 4"', 0, '337.80713', '450.00000', 1, 0, '2019-07-09 17:16:47', '2019-07-10 21:31:24', 0, 0, 0),
(54749, 88, 0, 976, 1, '78978465', 'Varilla Corrugada 1"', 1050, '20.00000', '25.00000', 1, 0, '2019-07-10 17:06:10', '2019-07-31 21:17:18', 0, 0, 0),
(54750, 90, 0, 977, 1, '915198', 'TUBERIA 2"', 65, '53.70000', '400.00000', 1, 0, '2019-07-10 21:24:34', '2019-07-31 14:41:19', 0, 0, 0),
(54751, 90, 0, 977, 1, '915076', 'TUBERIA DE 1/2"', 1, '12.50000', '15.00000', 1, 0, '2019-07-10 21:27:13', '2019-07-10 21:31:24', 0, 0, 0),
(54752, 90, 0, 977, 1, '915602', 'UNIÓN DE 1/2"', 0, '0.57000', '1.50000', 1, 0, '2019-07-10 21:29:01', '2019-07-10 21:31:24', 0, 0, 0),
(54753, 88, 0, 979, 1, '5000', 'Hierro 1" corrugado G40 legítimo', 697, '19.50000', '19.50000', 1, 0, '2019-07-25 15:26:57', '2019-08-01 17:05:16', 0, 0, 0),
(54754, 93, 0, 981, 1, '12345678', 'CEMENTO UGC PROGRESO', 1405, '68.09929', '76.00000', 1, 0, '2019-07-25 16:58:31', '2019-08-01 17:58:46', 0, 0, 0),
(54755, 88, 0, 976, 1, '5500073', 'VARILLA CORRUGADA 5/8" x 12 mts G60', 0, '122.84000', '145.00000', 1, 0, '2019-07-25 18:08:12', '2019-07-25 18:11:32', 0, 0, 0),
(54756, 88, 0, 976, 1, '5500072', 'VARILLA CORRUGADA 5/8" x 9 mts G60', 1948, '92.16000', '110.00000', 1, 0, '2019-07-25 18:09:40', '2019-08-01 21:59:26', 0, 0, 0),
(54757, 88, 0, 976, 1, '5500071', 'Varilla Corrugada 5/8"x 6M G-40', 2447, '61.44000', '73.00000', 1, 0, '2019-07-25 18:11:04', '2019-07-31 21:17:18', 0, 0, 0),
(54758, 93, 0, 982, 1, '0025', 'Cemento Tolteca 4060 PSI', 0, '57.00000', '68.00000', 1, 0, '2019-07-25 18:19:51', '2019-07-30 21:33:36', 0, 0, 0),
(54759, 94, 0, 979, 1, '50004384', 'LÁMINA C 26 LEGÍTIMO', 0, '0.00000', '402.00000', 1, 0, '2019-07-25 22:56:16', '2019-07-25 23:02:54', 36, 36, 36),
(54760, 95, 0, 979, 1, '500000020', 'COSTANERA 8" X 2" X 1.50MM', 0, '0.00000', '195.00000', 1, 0, '2019-07-25 23:00:52', '2019-07-25 23:00:52', 0, 0, 0),
(54761, 89, 0, 983, 1, '0023', 'ABRAZADERA MEDIA LUNA ZINCADA 1/2"', 42, '0.29000', '0.50000', 1, 0, '2019-07-30 16:10:40', '2019-07-31 15:42:02', 0, 0, 0),
(54762, 89, 0, 983, 1, '0024', 'ABRAZADERA MEDIA LUNA INDUMA 3/4"', 57, '0.43000', '0.60000', 1, 0, '2019-07-30 16:14:02', '2019-07-31 15:42:02', 0, 0, 0),
(54763, 90, 0, 983, 1, '0026', 'ABRAZADERA TAIWAN 1 1/2', 0, '0.00000', '2.00000', 1, 0, '2019-07-30 22:01:43', '2019-07-30 22:01:43', 0, 0, 0),
(54764, 96, 0, 983, 1, '0027', 'ABRAZADERA TAIWAN 1 1/4', 32, '1.24000', '2.00000', 1, 0, '2019-07-30 22:06:49', '2019-07-31 15:42:02', 36, 36, 36),
(54765, 96, 0, 983, 1, '0028', 'ABRAZADERA TAIWAN 1/2', 5, '0.71000', '1.50000', 1, 0, '2019-07-30 22:09:38', '2019-08-01 18:10:29', 36, 36, 36),
(54766, 96, 0, 983, 1, '0029', 'ABRAZADERA TAIWAN 1"', 43, '0.95000', '2.00000', 1, 0, '2019-07-30 22:42:11', '2019-07-30 22:46:58', 36, 36, 36),
(54767, 96, 0, 983, 1, '0030', 'ABRAZADERA TAIWAN 2 1/2"', 38, '0.95000', '3.00000', 1, 0, '2019-07-30 22:45:17', '2019-07-30 22:45:40', 0, 0, 0),
(54768, 88, 0, 984, 1, '5500099', 'VARILLA LISA 1/4 X 6" LEGÍTIMO', 1915, '100.07593', '120.00000', 1, 0, '2019-07-31 15:54:16', '2019-07-31 17:41:00', 0, 0, 0),
(54769, 88, 0, 984, 1, '5500008', 'VARILLA LISA 7/32" X 6', 700, '66.00000', '87.00000', 1, 0, '2019-07-31 15:56:46', '2019-07-31 16:03:58', 0, 0, 0),
(54770, 89, 0, 984, 1, '5500265', 'CLAVO 4"X 8 EN BOLSA', 220, '3.50000', '5.00000', 1, 0, '2019-07-31 16:00:37', '2019-07-31 16:03:58', 0, 0, 0),
(54771, 88, 0, 984, 1, '5500231', 'ALAMBRE ESPIGADO AG 400', 1, '200.00000', '250.00000', 1, 0, '2019-07-31 16:03:36', '2019-07-31 16:03:58', 0, 0, 0),
(54772, 93, 0, 981, 1, '800', 'Cemento ugc progreso cementos progresos', 12, '63.00000', '76.00000', 1, 0, '2019-07-31 21:45:05', '2019-07-31 21:50:36', 0, 0, 0),
(54773, 89, 0, 984, 1, '202', 'Alambre de amarre', 0, '225.00000', '250.00000', 1, 0, '2019-07-31 21:48:07', '2019-07-31 21:50:36', 0, 0, 0),
(54774, 88, 0, 984, 1, '750', 'Varilla corrugada de 1/2 x 6G40', 0, '0.00000', '41.00000', 1, 0, '2019-07-31 21:50:08', '2019-07-31 21:50:08', 0, 0, 0),
(54775, 89, 0, 983, 1, '00289', 'Arco para sierra ajustable cadena color amarillo', 0, '0.00000', '20.00000', 1, 0, '2019-08-01 14:15:13', '2019-08-01 14:15:13', 0, 0, 0),
(54776, 89, 0, 983, 1, '00288', 'Aspesor plastico taiwan color verde', 0, '0.00000', '10.50000', 1, 0, '2019-08-01 14:18:05', '2019-08-01 14:18:05', 0, 0, 0);

-- --------------------------------------------------------

--
-- Table structure for table `promociones`
--

CREATE TABLE IF NOT EXISTS `promociones` (
  `id` int(10) unsigned NOT NULL AUTO_INCREMENT,
  `producto_id` int(10) unsigned NOT NULL,
  `precio_venta_id` int(10) unsigned NOT NULL,
  `p_promocion` decimal(11,5) NOT NULL,
  `fecha_inicio` date NOT NULL,
  `fecha_fin` date NOT NULL,
  `created_at` timestamp NOT NULL DEFAULT '0000-00-00 00:00:00',
  `updated_at` timestamp NOT NULL DEFAULT '0000-00-00 00:00:00',
  PRIMARY KEY (`id`),
  KEY `promociones_producto_id_foreign` (`producto_id`),
  KEY `promociones_precio_venta_id_foreign` (`precio_venta_id`)
) ENGINE=InnoDB DEFAULT CHARSET=utf8 COLLATE=utf8_spanish_ci AUTO_INCREMENT=1 ;

-- --------------------------------------------------------

--
-- Table structure for table `promocion_cliente`
--

CREATE TABLE IF NOT EXISTS `promocion_cliente` (
  `id` int(10) unsigned NOT NULL AUTO_INCREMENT,
  `precio_venta_id` int(10) unsigned NOT NULL,
  `tipo_cliente_id` int(10) unsigned NOT NULL,
  `porcentaje` decimal(11,5) NOT NULL,
  `created_at` timestamp NOT NULL DEFAULT '0000-00-00 00:00:00',
  `updated_at` timestamp NOT NULL DEFAULT '0000-00-00 00:00:00',
  PRIMARY KEY (`id`),
  KEY `promocion_cliente_precio_venta_id_foreign` (`precio_venta_id`),
  KEY `promocion_cliente_tipo_cliente_id_foreign` (`tipo_cliente_id`)
) ENGINE=InnoDB DEFAULT CHARSET=utf8 COLLATE=utf8_spanish_ci AUTO_INCREMENT=1 ;

-- --------------------------------------------------------

--
-- Table structure for table `proveedores`
--

CREATE TABLE IF NOT EXISTS `proveedores` (
  `id` int(10) unsigned NOT NULL AUTO_INCREMENT,
  `nombre` varchar(100) COLLATE utf8_spanish_ci NOT NULL,
  `direccion` varchar(255) COLLATE utf8_spanish_ci NOT NULL,
  `nit` varchar(50) COLLATE utf8_spanish_ci NOT NULL,
  `telefono` varchar(100) COLLATE utf8_spanish_ci NOT NULL,
  `dias_credito` int(11) NOT NULL DEFAULT '30',
  `created_at` timestamp NOT NULL DEFAULT '0000-00-00 00:00:00',
  `updated_at` timestamp NOT NULL DEFAULT '0000-00-00 00:00:00',
  PRIMARY KEY (`id`)
) ENGINE=InnoDB  DEFAULT CHARSET=utf8 COLLATE=utf8_spanish_ci AUTO_INCREMENT=54 ;

--
-- Dumping data for table `proveedores`
--

INSERT INTO `proveedores` (`id`, `nombre`, `direccion`, `nit`, `telefono`, `dias_credito`, `created_at`, `updated_at`) VALUES
(36, 'Proveedor', 'Ciudad', '99999999', '9999999', 30, '2019-05-08 00:15:03', '2019-05-08 00:15:03'),
(37, 'NUEVO', 'CIUDAD', '', '56980454', 30, '2019-07-05 21:17:46', '2019-07-05 21:17:46'),
(38, 'Click', 'Ciudad', '7942134-9', '79421383', 30, '2019-07-08 14:58:25', '2019-07-08 14:58:25'),
(39, 'Aceros de Guatemala S. A', 'Av. Las américas 18-81 Z. 14 Guatemala', '376242-4', '22909825', 30, '2019-07-08 15:58:21', '2019-07-08 15:58:21'),
(40, 'MEXICHEM GUATEMALA SOCIEDAD ANONIMA', 'Km. 36.7 AUTOPISTA PALIN CA9 SUR, PALIN ,ESCUINTLA', '90950-5', '24101300', 30, '2019-07-08 17:15:55', '2019-07-08 17:15:55'),
(41, 'Mexichem guatemala s.a.', 'Km.36.7 autopista palin ca9 sur, palin,escuintla', '90950-5', '24101300', 30, '2019-07-08 17:17:51', '2019-07-08 17:17:51'),
(42, 'DISTUN', 'Av. Las Américas 18-81 Z.14', '376242-9', '22909825', 30, '2019-07-09 16:27:11', '2019-07-09 16:27:11'),
(43, 'DIMACORSA', 'Km 169.8 Ruta a Esquipulas, Chiquimula', '94434263', '37509395', 30, '2019-07-09 16:28:23', '2019-07-09 16:28:23'),
(44, 'Aceros de Guatemala', 'Av. Las américas 18-81 z14.', '376242-4', '22909825', 30, '2019-07-10 17:15:32', '2019-07-10 17:15:32'),
(45, 'MEXIMEN', 'KM 36.7 AUTOPISTA PALIN', '90950-5', '24101302', 30, '2019-07-10 21:12:23', '2019-07-10 21:12:23'),
(46, '28314560', 'AUTOPISTA PALIN', '90950-5', '24101300', 30, '2019-07-10 21:19:43', '2019-07-10 21:19:43'),
(47, 'Casa Romy', 'Chquimula', '3008870-4', '34568970', 30, '2019-07-25 15:02:44', '2019-07-25 15:02:44'),
(48, 'Multiperfiles', 'Guatemala', '789635-3', '35698750', 30, '2019-07-25 15:19:30', '2019-07-25 15:19:30'),
(49, 'CENTRO MAC', 'CHIQUIMULA', '89634-5', '45693242', 30, '2019-07-25 16:49:39', '2019-07-25 16:49:39'),
(50, 'MULTIGRUP', 'GUATEMALA', '12364-6', '45632149', 30, '2019-07-25 17:05:05', '2019-07-25 17:05:05'),
(51, 'COMERCIALIZADORA ROLAND´S', 'Km. 212.8 Carretera a El Salvador, Concepción Las Minas', '5438154-1', '23456895', 30, '2019-07-25 18:16:55', '2019-07-25 18:16:55'),
(52, 'DISTRIBUIDORA PACIFICO', 'GUATEMALA', '0001382677', '45236987', 30, '2019-07-30 16:07:18', '2019-07-30 16:07:18'),
(53, 'Lorenzo', 'Chiquimula', '8545981', '794963', 30, '2019-07-31 21:42:33', '2019-07-31 21:42:33');

-- --------------------------------------------------------

--
-- Table structure for table `proveedor_contacto`
--

CREATE TABLE IF NOT EXISTS `proveedor_contacto` (
  `id` int(10) unsigned NOT NULL AUTO_INCREMENT,
  `proveedor_id` int(10) unsigned NOT NULL,
  `nombre` varchar(255) COLLATE utf8_spanish_ci NOT NULL,
  `apellido` varchar(255) COLLATE utf8_spanish_ci NOT NULL,
  `direccion` varchar(255) COLLATE utf8_spanish_ci NOT NULL,
  `telefono1` varchar(255) COLLATE utf8_spanish_ci NOT NULL,
  `telefono2` varchar(255) COLLATE utf8_spanish_ci NOT NULL,
  `celular` varchar(255) COLLATE utf8_spanish_ci NOT NULL,
  `correo` varchar(255) COLLATE utf8_spanish_ci NOT NULL,
  `numero` varchar(255) COLLATE utf8_spanish_ci NOT NULL,
  `preferido` int(11) NOT NULL,
  `created_at` timestamp NOT NULL DEFAULT '0000-00-00 00:00:00',
  `updated_at` timestamp NOT NULL DEFAULT '0000-00-00 00:00:00',
  PRIMARY KEY (`id`),
  KEY `proveedor_contacto_proveedor_id_foreign` (`proveedor_id`)
) ENGINE=InnoDB  DEFAULT CHARSET=utf8 COLLATE=utf8_spanish_ci AUTO_INCREMENT=3 ;

--
-- Dumping data for table `proveedor_contacto`
--

INSERT INTO `proveedor_contacto` (`id`, `proveedor_id`, `nombre`, `apellido`, `direccion`, `telefono1`, `telefono2`, `celular`, `correo`, `numero`, `preferido`, `created_at`, `updated_at`) VALUES
(1, 40, 'Jhony', 'Sánchez', 'Ciudad', '24101300', '', '59665683', 'Jhony.sanchez@mexichem.com', '', 0, '2019-07-08 22:27:06', '2019-07-08 22:27:06');

-- --------------------------------------------------------

--
-- Table structure for table `puestos`
--

CREATE TABLE IF NOT EXISTS `puestos` (
  `id` int(10) unsigned NOT NULL AUTO_INCREMENT,
  `descripcion` varchar(255) COLLATE utf8_spanish_ci NOT NULL,
  `created_at` timestamp NOT NULL DEFAULT '0000-00-00 00:00:00',
  `updated_at` timestamp NOT NULL DEFAULT '0000-00-00 00:00:00',
  PRIMARY KEY (`id`)
) ENGINE=InnoDB  DEFAULT CHARSET=utf8 COLLATE=utf8_spanish_ci AUTO_INCREMENT=5 ;

--
-- Dumping data for table `puestos`
--

INSERT INTO `puestos` (`id`, `descripcion`, `created_at`, `updated_at`) VALUES
(1, 'Propietario', '0000-00-00 00:00:00', '0000-00-00 00:00:00'),
(2, 'Gerente General', '0000-00-00 00:00:00', '0000-00-00 00:00:00'),
(3, 'Ejecutivo de Ventas', '0000-00-00 00:00:00', '0000-00-00 00:00:00'),
(4, 'Soporte Tecnico', '0000-00-00 00:00:00', '0000-00-00 00:00:00');

-- --------------------------------------------------------

--
-- Table structure for table `roles`
--

CREATE TABLE IF NOT EXISTS `roles` (
  `id` int(10) unsigned NOT NULL AUTO_INCREMENT,
  `name` varchar(255) COLLATE utf8_spanish_ci NOT NULL,
  `created_at` timestamp NOT NULL DEFAULT '0000-00-00 00:00:00',
  `updated_at` timestamp NOT NULL DEFAULT '0000-00-00 00:00:00',
  PRIMARY KEY (`id`),
  UNIQUE KEY `roles_name_unique` (`name`)
) ENGINE=InnoDB  DEFAULT CHARSET=utf8 COLLATE=utf8_spanish_ci AUTO_INCREMENT=4 ;

--
-- Dumping data for table `roles`
--

INSERT INTO `roles` (`id`, `name`, `created_at`, `updated_at`) VALUES
(1, 'Owner', '0000-00-00 00:00:00', '0000-00-00 00:00:00'),
(2, 'Admin', '0000-00-00 00:00:00', '0000-00-00 00:00:00'),
(3, 'User', '0000-00-00 00:00:00', '0000-00-00 00:00:00');

-- --------------------------------------------------------

--
-- Table structure for table `soporte`
--

CREATE TABLE IF NOT EXISTS `soporte` (
  `id` int(10) unsigned NOT NULL AUTO_INCREMENT,
  `user_id` int(10) unsigned NOT NULL,
  `tienda_id` int(10) unsigned NOT NULL,
  `soporte_estado_id` int(10) unsigned NOT NULL DEFAULT '1',
  `caja_id` int(11) NOT NULL DEFAULT '0',
  `fecha_entrega` date DEFAULT NULL,
  `created_at` timestamp NOT NULL DEFAULT '0000-00-00 00:00:00',
  `updated_at` timestamp NOT NULL DEFAULT '0000-00-00 00:00:00',
  PRIMARY KEY (`id`),
  KEY `soporte_user_id_foreign` (`user_id`),
  KEY `soporte_tienda_id_foreign` (`tienda_id`),
  KEY `soporte_soporte_estado_id_foreign` (`soporte_estado_id`)
) ENGINE=InnoDB  DEFAULT CHARSET=utf8 COLLATE=utf8_spanish_ci AUTO_INCREMENT=17 ;

--
-- Dumping data for table `soporte`
--

INSERT INTO `soporte` (`id`, `user_id`, `tienda_id`, `soporte_estado_id`, `caja_id`, `fecha_entrega`, `created_at`, `updated_at`) VALUES
(2, 1, 1, 1, 1, NULL, '2019-07-05 21:27:19', '2019-07-05 21:27:19'),
(3, 14, 1, 1, 1, NULL, '2019-07-08 21:54:24', '2019-07-08 21:54:24'),
(4, 15, 1, 1, 1, NULL, '2019-07-09 17:30:10', '2019-07-09 17:30:10'),
(5, 14, 1, 1, 6, NULL, '2019-07-09 17:40:12', '2019-07-09 17:40:12'),
(6, 16, 1, 1, 1, NULL, '2019-07-10 17:19:30', '2019-07-10 17:19:30'),
(7, 17, 1, 1, 8, NULL, '2019-07-10 18:21:47', '2019-07-10 18:21:47'),
(8, 17, 1, 1, 7, NULL, '2019-07-11 21:05:13', '2019-07-11 21:05:13'),
(9, 17, 1, 1, 7, NULL, '2019-07-12 15:25:35', '2019-07-12 15:25:35'),
(10, 17, 1, 1, 7, NULL, '2019-07-12 18:55:12', '2019-07-12 18:55:12'),
(11, 17, 1, 1, 7, NULL, '2019-07-12 18:55:12', '2019-07-12 18:55:12'),
(12, 17, 1, 1, 7, NULL, '2019-07-12 22:01:25', '2019-07-12 22:01:25'),
(13, 1, 1, 1, 7, NULL, '2019-07-30 15:51:58', '2019-07-30 15:51:58'),
(14, 20, 1, 1, 8, NULL, '2019-07-31 23:22:30', '2019-07-31 23:22:30'),
(15, 15, 1, 1, 6, NULL, '2019-08-01 21:00:54', '2019-08-01 21:00:54'),
(16, 15, 1, 1, 6, NULL, '2019-08-01 21:01:06', '2019-08-01 21:01:06');

-- --------------------------------------------------------

--
-- Table structure for table `soporte_espera`
--

CREATE TABLE IF NOT EXISTS `soporte_espera` (
  `id` int(10) unsigned NOT NULL AUTO_INCREMENT,
  `soporte_id` int(10) unsigned NOT NULL,
  `descripcion` varchar(255) COLLATE utf8_spanish_ci NOT NULL,
  `created_at` timestamp NOT NULL DEFAULT '0000-00-00 00:00:00',
  `updated_at` timestamp NOT NULL DEFAULT '0000-00-00 00:00:00',
  PRIMARY KEY (`id`),
  KEY `soporte_espera_soporte_id_foreign` (`soporte_id`)
) ENGINE=InnoDB DEFAULT CHARSET=utf8 COLLATE=utf8_spanish_ci AUTO_INCREMENT=1 ;

-- --------------------------------------------------------

--
-- Table structure for table `soporte_estados`
--

CREATE TABLE IF NOT EXISTS `soporte_estados` (
  `id` int(10) unsigned NOT NULL AUTO_INCREMENT,
  `estado` varchar(255) COLLATE utf8_spanish_ci NOT NULL,
  `created_at` timestamp NOT NULL DEFAULT '0000-00-00 00:00:00',
  `updated_at` timestamp NOT NULL DEFAULT '0000-00-00 00:00:00',
  PRIMARY KEY (`id`)
) ENGINE=InnoDB  DEFAULT CHARSET=utf8 COLLATE=utf8_spanish_ci AUTO_INCREMENT=6 ;

--
-- Dumping data for table `soporte_estados`
--

INSERT INTO `soporte_estados` (`id`, `estado`, `created_at`, `updated_at`) VALUES
(1, 'Espera', '0000-00-00 00:00:00', '0000-00-00 00:00:00'),
(2, 'Proceso', '0000-00-00 00:00:00', '0000-00-00 00:00:00'),
(3, 'Finalizado', '0000-00-00 00:00:00', '0000-00-00 00:00:00'),
(4, 'Entregado', '0000-00-00 00:00:00', '0000-00-00 00:00:00'),
(5, 'Pendiente', '0000-00-00 00:00:00', '0000-00-00 00:00:00');

-- --------------------------------------------------------

--
-- Table structure for table `subcategoriasGastos`
--

CREATE TABLE IF NOT EXISTS `subcategoriasGastos` (
  `id` int(10) unsigned NOT NULL AUTO_INCREMENT,
  `nombre` varchar(50) COLLATE utf8_spanish_ci NOT NULL,
  `created_at` timestamp NOT NULL DEFAULT '0000-00-00 00:00:00',
  `updated_at` timestamp NOT NULL DEFAULT '0000-00-00 00:00:00',
  PRIMARY KEY (`id`)
) ENGINE=InnoDB DEFAULT CHARSET=utf8 COLLATE=utf8_spanish_ci AUTO_INCREMENT=1 ;

-- --------------------------------------------------------

--
-- Table structure for table `sub_categorias`
--

CREATE TABLE IF NOT EXISTS `sub_categorias` (
  `id` int(10) unsigned NOT NULL AUTO_INCREMENT,
  `categoria_id` int(10) unsigned NOT NULL,
  `nombre` varchar(255) COLLATE utf8_spanish_ci NOT NULL,
  `created_at` timestamp NOT NULL DEFAULT '0000-00-00 00:00:00',
  `updated_at` timestamp NOT NULL DEFAULT '0000-00-00 00:00:00',
  PRIMARY KEY (`id`),
  KEY `sub_categorias_categoria_id_foreign` (`categoria_id`)
) ENGINE=InnoDB  DEFAULT CHARSET=utf8 COLLATE=utf8_spanish_ci AUTO_INCREMENT=97 ;

--
-- Dumping data for table `sub_categorias`
--

INSERT INTO `sub_categorias` (`id`, `categoria_id`, `nombre`, `created_at`, `updated_at`) VALUES
(87, 87, 'Unasigned', '2019-07-05 21:18:26', '2019-07-05 21:18:26'),
(88, 88, 'Unasigned', '2019-07-08 16:06:16', '2019-07-08 16:06:16'),
(89, 89, 'Unasigned', '2019-07-08 16:14:38', '2019-07-08 16:14:38'),
(90, 90, 'Unasigned', '2019-07-08 17:19:17', '2019-07-08 17:19:17'),
(91, 91, 'Unasigned', '2019-07-09 16:30:42', '2019-07-09 16:30:42'),
(92, 92, 'Unasigned', '2019-07-25 15:07:43', '2019-07-25 15:07:43'),
(93, 93, 'Unasigned', '2019-07-25 16:58:20', '2019-07-25 16:58:20'),
(94, 94, 'Unasigned', '2019-07-25 22:55:58', '2019-07-25 22:55:58'),
(95, 95, 'Unasigned', '2019-07-25 23:00:42', '2019-07-25 23:00:42'),
(96, 96, 'Unasigned', '2019-07-30 22:44:20', '2019-07-30 22:44:20');

-- --------------------------------------------------------

--
-- Table structure for table `tema`
--

CREATE TABLE IF NOT EXISTS `tema` (
  `id` int(10) unsigned NOT NULL AUTO_INCREMENT,
  `user_id` int(10) unsigned NOT NULL,
  `colorSchemes` varchar(255) COLLATE utf8_spanish_ci NOT NULL DEFAULT 'default',
  `sidebarColor` varchar(255) COLLATE utf8_spanish_ci NOT NULL DEFAULT 'dark',
  `navbarColor` varchar(255) COLLATE utf8_spanish_ci NOT NULL DEFAULT 'dark',
  `sidebarTypeSetting` varchar(255) COLLATE utf8_spanish_ci NOT NULL DEFAULT 'sidebar-circle',
  `created_at` timestamp NOT NULL DEFAULT '0000-00-00 00:00:00',
  `updated_at` timestamp NOT NULL DEFAULT '0000-00-00 00:00:00',
  PRIMARY KEY (`id`),
  KEY `tema_user_id_foreign` (`user_id`)
) ENGINE=InnoDB  DEFAULT CHARSET=utf8 COLLATE=utf8_spanish_ci AUTO_INCREMENT=21 ;

--
-- Dumping data for table `tema`
--

INSERT INTO `tema` (`id`, `user_id`, `colorSchemes`, `sidebarColor`, `navbarColor`, `sidebarTypeSetting`, `created_at`, `updated_at`) VALUES
(1, 1, 'default', 'dark', 'dark', 'sidebar-circle', '0000-00-00 00:00:00', '2019-07-10 18:07:21'),
(12, 12, 'default', 'dark', 'dark', 'sidebar-circle', '2019-07-05 21:33:36', '2019-07-05 21:33:36'),
(13, 13, 'default', 'dark', 'dark', 'sidebar-circle', '2019-07-08 15:05:12', '2019-07-08 15:05:12'),
(14, 14, 'default', 'dark', 'dark', 'sidebar-circle', '2019-07-08 15:21:01', '2019-07-08 15:21:01'),
(15, 15, 'default', 'danger', 'dark', 'sidebar-circle', '2019-07-08 15:47:48', '2019-07-11 15:00:17'),
(16, 16, 'blue-gray', 'light', 'light', 'sidebar-circle', '2019-07-08 15:49:35', '2019-07-30 21:24:24'),
(17, 17, 'blue-gray', 'danger', 'primary', 'sidebar-circle', '2019-07-08 22:05:52', '2019-07-31 20:34:48'),
(18, 18, 'default', 'dark', 'dark', 'sidebar-circle', '2019-07-10 17:23:52', '2019-07-10 17:23:52'),
(19, 19, 'blue-gray', 'dark', 'dark', 'sidebar-circle', '2019-07-29 16:02:14', '2019-07-31 14:26:55'),
(20, 20, 'default', 'dark', 'dark', 'sidebar-circle', '2019-07-31 18:01:35', '2019-07-31 18:01:35');

-- --------------------------------------------------------

--
-- Table structure for table `tiendas`
--

CREATE TABLE IF NOT EXISTS `tiendas` (
  `id` int(10) unsigned NOT NULL AUTO_INCREMENT,
  `nombre` varchar(50) COLLATE utf8_spanish_ci NOT NULL,
  `direccion` varchar(255) COLLATE utf8_spanish_ci NOT NULL,
  `telefono` varchar(50) COLLATE utf8_spanish_ci NOT NULL,
  `status` tinyint(4) NOT NULL,
  `limite_cajas` int(11) NOT NULL DEFAULT '2',
  `limite_usuarios` int(11) NOT NULL DEFAULT '10',
  `plan` tinyint(4) NOT NULL DEFAULT '3',
  `cajas` tinyint(4) NOT NULL DEFAULT '1',
  `created_at` timestamp NOT NULL DEFAULT '0000-00-00 00:00:00',
  `updated_at` timestamp NOT NULL DEFAULT '0000-00-00 00:00:00',
  `nit` varchar(255) COLLATE utf8_spanish_ci DEFAULT NULL,
  PRIMARY KEY (`id`),
  UNIQUE KEY `tiendas_nombre_unique` (`nombre`)
) ENGINE=InnoDB  DEFAULT CHARSET=utf8 COLLATE=utf8_spanish_ci AUTO_INCREMENT=3 ;

--
-- Dumping data for table `tiendas`
--

INSERT INTO `tiendas` (`id`, `nombre`, `direccion`, `telefono`, `status`, `limite_cajas`, `limite_usuarios`, `plan`, `cajas`, `created_at`, `updated_at`, `nit`) VALUES
(1, 'Dimacorsa', 'km 169.8 carretera a Esquipulas Chiquimula zona 5', '3750-9395', 1, 10, 20, 3, 1, '2017-04-24 23:00:26', '2017-04-24 23:00:26', '22222222');

--
-- Triggers `tiendas`
--
DROP TRIGGER IF EXISTS `create_existencias_tienda`;
DELIMITER //
CREATE TRIGGER `create_existencias_tienda` AFTER INSERT ON `tiendas`
 FOR EACH ROW BEGIN
    			DECLARE v_finished INTEGER DEFAULT 0;
    			DECLARE _producto_id INTEGER;
    		    
    		    DECLARE loop_productos CURSOR FOR SELECT id  from productos;
    		    DECLARE CONTINUE HANDLER FOR NOT FOUND SET v_finished = 1;
    
    		OPEN loop_productos;
    		    loop_new: LOOP
    		        FETCH  FROM loop_productos INTO _producto_id;
    		        IF v_finished = 1 THEN
    		            LEAVE loop_new;
    		        END IF;
    		            INSERT INTO existencias (tienda_id , producto_id) VALUES (NEW.id , _producto_id);
    		    END LOOP loop_new;
    		CLOSE loop_productos;

     		END
//
DELIMITER ;

-- --------------------------------------------------------

--
-- Table structure for table `tipo_cliente`
--

CREATE TABLE IF NOT EXISTS `tipo_cliente` (
  `id` int(10) unsigned NOT NULL AUTO_INCREMENT,
  `nombre` varchar(255) COLLATE utf8_spanish_ci NOT NULL,
  `created_at` timestamp NOT NULL DEFAULT '0000-00-00 00:00:00',
  `updated_at` timestamp NOT NULL DEFAULT '0000-00-00 00:00:00',
  PRIMARY KEY (`id`)
) ENGINE=InnoDB  DEFAULT CHARSET=utf8 COLLATE=utf8_spanish_ci AUTO_INCREMENT=2 ;

--
-- Dumping data for table `tipo_cliente`
--

INSERT INTO `tipo_cliente` (`id`, `nombre`, `created_at`, `updated_at`) VALUES
(1, 'Cliente individual', '0000-00-00 00:00:00', '0000-00-00 00:00:00');

-- --------------------------------------------------------

--
-- Table structure for table `traslados`
--

CREATE TABLE IF NOT EXISTS `traslados` (
  `id` int(10) unsigned NOT NULL AUTO_INCREMENT,
  `tienda_id` int(10) unsigned NOT NULL,
  `user_id` int(10) unsigned NOT NULL,
  `tienda_id_destino` int(10) unsigned NOT NULL,
  `user_id_recibido` int(11) DEFAULT NULL,
  `total` decimal(11,5) NOT NULL DEFAULT '0.00000',
  `recibido` tinyint(1) NOT NULL DEFAULT '0',
  `status` tinyint(1) NOT NULL DEFAULT '0',
  `kardex` tinyint(1) NOT NULL DEFAULT '0',
  `nota` text COLLATE utf8_spanish_ci NOT NULL,
  `created_at` timestamp NOT NULL DEFAULT '0000-00-00 00:00:00',
  `updated_at` timestamp NOT NULL DEFAULT '0000-00-00 00:00:00',
  PRIMARY KEY (`id`),
  KEY `traslados_tienda_id_foreign` (`tienda_id`),
  KEY `traslados_tienda_id_destino_foreign` (`tienda_id_destino`),
  KEY `traslados_user_id_foreign` (`user_id`)
) ENGINE=InnoDB DEFAULT CHARSET=utf8 COLLATE=utf8_spanish_ci AUTO_INCREMENT=1 ;

-- --------------------------------------------------------

--
-- Table structure for table `users`
--

CREATE TABLE IF NOT EXISTS `users` (
  `id` int(10) unsigned NOT NULL AUTO_INCREMENT,
  `tienda_id` int(10) unsigned NOT NULL,
  `username` varchar(15) COLLATE utf8_spanish_ci NOT NULL,
  `nombre` varchar(100) COLLATE utf8_spanish_ci NOT NULL,
  `apellido` varchar(100) COLLATE utf8_spanish_ci NOT NULL,
  `email` varchar(100) COLLATE utf8_spanish_ci NOT NULL,
  `vista` varchar(255) COLLATE utf8_spanish_ci NOT NULL DEFAULT 'Default',
  `status` tinyint(4) NOT NULL DEFAULT '2',
  `password` varchar(100) COLLATE utf8_spanish_ci NOT NULL,
  `remember_token` varchar(255) COLLATE utf8_spanish_ci DEFAULT NULL,
  `created_at` timestamp NOT NULL DEFAULT '0000-00-00 00:00:00',
  `updated_at` timestamp NOT NULL DEFAULT '0000-00-00 00:00:00',
  `puesto_id` int(10) unsigned NOT NULL DEFAULT '3',
  PRIMARY KEY (`id`),
  UNIQUE KEY `users_username_unique` (`username`),
  UNIQUE KEY `users_email_unique` (`email`),
  KEY `users_tienda_id_foreign` (`tienda_id`),
  KEY `users_puesto_id_foreign` (`puesto_id`)
) ENGINE=InnoDB  DEFAULT CHARSET=utf8 COLLATE=utf8_spanish_ci AUTO_INCREMENT=21 ;

--
-- Dumping data for table `users`
--

INSERT INTO `users` (`id`, `tienda_id`, `username`, `nombre`, `apellido`, `email`, `vista`, `status`, `password`, `remember_token`, `created_at`, `updated_at`, `puesto_id`) VALUES
(1, 1, 'admin', 'admin', 'system', 'admin@sistem.com', 'Default', 1, '$2y$10$f5LwCFPPyUYF29JPw/1Ki.fK1ckIp8VyBlVtLDPV6XAL2NkYvCTUq', 'RkZSEXTmgVlqbcH5iCilwmZCSSHdwpsLDnHAPY7XvbQBV7dRaIdjJ2KyiOub', '2017-04-24 23:00:26', '2019-07-29 17:32:58', 3),
(12, 1, 'DIMACORSA', 'DISTRIBUIDORA DE MATERIALES', 'DE CONSTRUCCION DE ORIENTE', 'Eduardoguerras@gmail.com', 'Default', 1, '$2y$10$WYzL5T8GTwGNQjy4arKm/ezRpTlr/JbZEXenxaHeAEDTHwjGpddTa', 'O12Hd7WHuiVDzBXgwecWGqeGE33BrUbnz8vO2o3cRouRDTL4kk9AeSz6BqxG', '2019-07-05 21:33:36', '2019-07-24 21:25:26', 2),
(14, 1, 'usuario', 'Usuario', 'Tienda', 'Asdf@gmail.com', 'Default', 1, '$2y$10$KQ0w32C16BhVw601CG/SsOGNiWjchvI2tSObW//EsEIcidsac8JO.', 'LeJ6EQvaBsLJDoLy2wZauVtolddHkcL6Isot0W1rZXyJAkBBfmzZMAXSMGcS', '2019-07-08 15:21:01', '2019-07-10 23:24:34', 3),
(15, 1, 'Idania', 'Idania', 'Rocio', 'Idania_rocio@hotmail.com', 'Default', 1, '$2y$10$hjySH6QLdqrpgMK09ISrSOBICQBvU9oAOu29p3LeHJDE5GxlkIZjW', 'FWx5yeJVb05cxxUZTBboLQCsUQmdrzWSNq1R3BG4Gly1t29FjkmIh8m44XFq', '2019-07-08 15:47:48', '2019-07-31 18:04:13', 3),
(16, 1, 'Luis', 'Luis', 'Julian', 'lh.julian@hotmail.com', 'Default', 1, '$2y$10$.g5VKy2A7CNHtvRsF.Lh.exJSM9FZDNGoClec.jAWrIwFN.KOkm1G', 'J12FeNGnglqO53bj2EBF6RmaISDocdh86OOv7tH7O6qvKGa4eVpIV4ilhhWv', '2019-07-08 15:49:35', '2019-07-10 23:00:41', 3),
(17, 1, 'Amilkar', 'Amilkar', 'Magaña', 'Amilcarmagana88@gmail.com', 'Default', 1, '$2y$10$xXl2nmL7cystZCREg702j.z/diCa3DJ0eHmImA.voANB88d.tb6uu', '05V1lVr3aUtcVCdIGczkdRAKJ4bGJBsC2IlntvJH8B0cPjszIFVEX50McDT1', '2019-07-08 22:05:52', '2019-08-01 18:49:06', 3),
(18, 1, 'Juan', 'Juan', 'Perez', 'Aadsf@gmail.com', 'Default', 1, '$2y$10$aX1/hGOLmo.h6M0MhqJfEukuDDXwpoMY0RcJZz37odplD7jPuuWRK', 'WJepp9sWHIW8s4iAmqvqIRqyufCZoAUrUZ9L3xtmPxOAjn275abvQpoCcBVT', '2019-07-10 17:23:52', '2019-07-10 17:24:56', 3),
(19, 1, 'Debir', 'Debir', 'Ramirez', 'Emanuelito4785@gmail.com', 'Default', 1, '$2y$10$yEZrXFFpbeDd3SkYPkluxOKp1ihJzSEHwSSE25wGDguY5B3GwlTQO', 'MoobEvgdzTrZoeT0h0IwNkTsPWouRA3NPbkHVKJFGoHVZTP3Uk9SBMBTHRAQ', '2019-07-29 16:02:14', '2019-08-02 00:11:32', 3),
(20, 1, 'Maria', 'Maria de los Angeles', 'Lopez', 'Marielos.lg233@gmail.com', 'Default', 1, '$2y$10$t2vubIo.ZH4T9K5Z9nqvKuNoCqyAgjFlhSU/RIGUKSq4.YelNREcC', '7ls4DoAiASz7akOGxF46YyTm0KZ56gLKRfhLGxfk1l8ZAAw9KVYHDZ11Fu6y', '2019-07-31 18:01:35', '2019-07-31 23:30:30', 3);

-- --------------------------------------------------------

--
-- Table structure for table `ventas`
--

CREATE TABLE IF NOT EXISTS `ventas` (
  `id` int(10) unsigned NOT NULL AUTO_INCREMENT,
  `cliente_id` int(10) unsigned NOT NULL,
  `tienda_id` int(10) unsigned NOT NULL DEFAULT '1',
  `user_id` int(10) unsigned NOT NULL,
  `caja_id` int(11) NOT NULL,
  `saldo` decimal(8,2) NOT NULL DEFAULT '0.00',
  `total` decimal(8,2) NOT NULL DEFAULT '0.00',
  `completed` tinyint(1) NOT NULL DEFAULT '0',
  `canceled` tinyint(1) NOT NULL DEFAULT '0',
  `kardex` tinyint(1) NOT NULL DEFAULT '0',
  `abono` int(11) NOT NULL DEFAULT '0',
  `created_at` timestamp NOT NULL DEFAULT '0000-00-00 00:00:00',
  `updated_at` timestamp NOT NULL DEFAULT '0000-00-00 00:00:00',
  PRIMARY KEY (`id`),
  KEY `ventas_cliente_id_foreign` (`cliente_id`),
  KEY `ventas_tienda_id_foreign` (`tienda_id`),
  KEY `ventas_user_id_foreign` (`user_id`)
) ENGINE=InnoDB  DEFAULT CHARSET=utf8 COLLATE=utf8_spanish_ci AUTO_INCREMENT=208119 ;

--
-- Dumping data for table `ventas`
--

INSERT INTO `ventas` (`id`, `cliente_id`, `tienda_id`, `user_id`, `caja_id`, `saldo`, `total`, `completed`, `canceled`, `kardex`, `abono`, `created_at`, `updated_at`) VALUES
(207595, 15, 1, 1, 1, '0.00', '4000.00', 1, 0, 1, 0, '2019-07-05 21:19:05', '2019-07-05 21:21:50'),
(207597, 17, 1, 15, 6, '0.00', '0.00', 1, 1, 1, 0, '2019-07-08 17:48:27', '2019-07-08 17:51:16'),
(207598, 16, 1, 16, 7, '0.00', '0.00', 1, 1, 1, 0, '2019-07-08 17:48:36', '2019-07-08 17:51:17'),
(207599, 18, 1, 14, 0, '0.00', '0.00', 0, 0, 0, 0, '2019-07-08 20:02:14', '2019-07-08 20:02:14'),
(207600, 16, 1, 14, 0, '0.00', '40.00', 0, 0, 0, 0, '2019-07-08 20:23:26', '2019-07-08 20:25:37'),
(207601, 17, 1, 16, 7, '0.00', '1150.00', 1, 0, 1, 0, '2019-07-08 21:03:09', '2019-07-08 21:06:46'),
(207602, 1, 1, 16, 7, '0.00', '10.00', 1, 0, 1, 0, '2019-07-08 21:07:54', '2019-07-09 17:40:00'),
(207603, 1, 1, 15, 0, '0.00', '0.00', 0, 0, 0, 0, '2019-07-08 21:08:09', '2019-07-08 21:08:09'),
(207604, 1, 1, 1, 0, '0.00', '0.00', 0, 0, 0, 0, '2019-07-08 21:22:29', '2019-07-08 21:22:29'),
(207605, 1, 1, 14, 0, '0.00', '0.00', 0, 0, 0, 0, '2019-07-08 21:23:46', '2019-07-08 21:23:46'),
(207606, 1, 1, 14, 0, '0.00', '0.00', 0, 0, 0, 0, '2019-07-08 22:44:03', '2019-07-08 22:44:03'),
(207607, 17, 1, 16, 6, '0.00', '1300.00', 1, 0, 1, 0, '2019-07-08 22:45:31', '2019-07-08 22:47:24'),
(207608, 16, 1, 15, 1, '0.00', '0.00', 1, 1, 1, 0, '2019-07-08 22:45:56', '2019-07-08 22:47:40'),
(207609, 16, 1, 15, 1, '0.00', '0.00', 1, 1, 1, 0, '2019-07-08 22:48:28', '2019-07-08 22:49:47'),
(207610, 1, 1, 16, 0, '0.00', '0.00', 0, 0, 0, 0, '2019-07-08 22:48:31', '2019-07-08 22:48:31'),
(207613, 19, 1, 16, 7, '0.00', '825.00', 1, 0, 1, 0, '2019-07-09 17:05:45', '2019-07-09 17:38:53'),
(207614, 1, 1, 14, 1, '0.00', '4.70', 1, 0, 1, 0, '2019-07-09 17:46:49', '2019-07-09 22:02:40'),
(207615, 16, 1, 14, 6, '0.00', '3450.00', 1, 0, 1, 0, '2019-07-09 20:44:57', '2019-07-09 20:45:13'),
(207616, 1, 1, 14, 6, '0.00', '6900.00', 1, 0, 1, 0, '2019-07-09 20:45:35', '2019-07-09 20:46:04'),
(207617, 17, 1, 14, 6, '0.00', '3450.00', 1, 0, 1, 0, '2019-07-09 20:46:33', '2019-07-09 20:46:53'),
(207618, 1, 1, 16, 1, '0.00', '10.00', 1, 0, 1, 0, '2019-07-09 22:11:17', '2019-07-09 22:11:30'),
(207619, 1, 1, 16, 1, '0.00', '1010.50', 1, 0, 1, 0, '2019-07-09 22:12:00', '2019-07-09 22:12:24'),
(207620, 16, 1, 15, 7, '0.00', '230.00', 1, 0, 1, 0, '2019-07-09 22:14:01', '2019-07-09 22:14:57'),
(207621, 20, 1, 15, 7, '0.00', '275.00', 1, 0, 1, 0, '2019-07-09 22:20:03', '2019-07-09 22:24:06'),
(207622, 17, 1, 14, 6, '0.00', '409.40', 1, 0, 1, 0, '2019-07-10 15:47:59', '2019-07-10 15:53:09'),
(207623, 19, 1, 14, 6, '0.00', '11.00', 1, 0, 1, 0, '2019-07-10 15:53:50', '2019-07-10 15:56:34'),
(207624, 1, 1, 14, 0, '0.00', '0.00', 0, 0, 0, 0, '2019-07-10 15:56:45', '2019-07-10 15:56:45'),
(207625, 17, 1, 14, 6, '0.00', '23.00', 1, 0, 1, 0, '2019-07-10 15:58:13', '2019-07-10 15:59:04'),
(207626, 19, 1, 14, 6, '0.00', '130.00', 1, 0, 1, 0, '2019-07-10 15:59:32', '2019-07-10 16:00:31'),
(207627, 21, 1, 15, 0, '0.00', '0.00', 0, 0, 0, 0, '2019-07-10 16:06:40', '2019-07-10 16:06:40'),
(207629, 22, 1, 14, 0, '0.00', '0.00', 0, 0, 0, 0, '2019-07-10 16:14:19', '2019-07-10 16:14:19'),
(207630, 21, 1, 15, 7, '0.00', '130.00', 1, 0, 1, 0, '2019-07-10 16:14:57', '2019-07-10 16:18:26'),
(207631, 22, 1, 14, 0, '0.00', '0.00', 0, 0, 0, 0, '2019-07-10 16:15:09', '2019-07-10 16:15:09'),
(207632, 22, 1, 14, 6, '0.00', '4100.00', 1, 0, 1, 0, '2019-07-10 16:17:25', '2019-07-10 16:19:19'),
(207633, 1, 1, 15, 0, '0.00', '0.00', 0, 0, 0, 0, '2019-07-10 16:18:32', '2019-07-10 16:18:32'),
(207634, 23, 1, 16, 1, '0.00', '45000.00', 1, 0, 1, 0, '2019-07-10 16:20:23', '2019-07-10 16:22:03'),
(207635, 22, 1, 14, 0, '0.00', '0.00', 0, 0, 0, 0, '2019-07-10 16:21:05', '2019-07-10 16:21:05'),
(207636, 20, 1, 15, 7, '0.00', '670.00', 1, 0, 1, 0, '2019-07-10 16:23:10', '2019-07-10 16:27:17'),
(207637, 22, 1, 14, 6, '0.00', '0.00', 1, 1, 1, 0, '2019-07-10 16:24:54', '2019-07-10 16:27:40'),
(207638, 22, 1, 14, 6, '0.00', '220.90', 1, 0, 1, 0, '2019-07-10 16:32:57', '2019-07-10 16:34:16'),
(207639, 17, 1, 15, 7, '0.00', '230.00', 1, 0, 1, 0, '2019-07-10 16:37:26', '2019-07-10 16:38:46'),
(207640, 22, 1, 14, 0, '0.00', '0.00', 0, 0, 0, 0, '2019-07-10 16:38:16', '2019-07-10 16:38:16'),
(207641, 22, 1, 14, 6, '0.00', '45.00', 1, 0, 1, 0, '2019-07-10 16:43:15', '2019-07-10 16:44:34'),
(207642, 22, 1, 14, 6, '0.00', '2250.00', 1, 0, 1, 0, '2019-07-10 16:45:38', '2019-07-10 16:46:20'),
(207643, 22, 1, 14, 0, '0.00', '0.00', 0, 0, 0, 0, '2019-07-10 16:46:36', '2019-07-10 16:46:36'),
(207644, 1, 1, 15, 7, '0.00', '1100.00', 1, 0, 1, 0, '2019-07-10 16:51:55', '2019-07-10 16:52:54'),
(207648, 1, 1, 16, 0, '0.00', '0.00', 0, 0, 0, 0, '2019-07-10 17:10:57', '2019-07-10 17:10:57'),
(207649, 1, 1, 16, 1, '0.00', '75.00', 1, 0, 1, 0, '2019-07-10 17:11:14', '2019-07-10 17:12:54'),
(207650, 24, 1, 17, 8, '0.00', '1150.00', 1, 0, 1, 0, '2019-07-10 17:12:12', '2019-07-10 17:13:06'),
(207652, 1, 1, 18, 7, '0.00', '7.50', 1, 0, 1, 0, '2019-07-10 17:28:09', '2019-07-10 17:29:55'),
(207653, 24, 1, 16, 0, '0.00', '0.00', 0, 0, 0, 0, '2019-07-10 17:29:04', '2019-07-10 17:29:04'),
(207654, 24, 1, 17, 8, '0.00', '900.00', 1, 0, 1, 0, '2019-07-10 17:35:42', '2019-07-10 17:36:24'),
(207655, 24, 1, 17, 8, '0.00', '47.00', 1, 0, 1, 0, '2019-07-10 17:39:27', '2019-07-10 17:58:13'),
(207656, 17, 1, 16, 1, '0.00', '250.00', 1, 0, 1, 0, '2019-07-10 17:54:01', '2019-07-10 17:55:59'),
(207658, 24, 1, 17, 8, '0.00', '9550.00', 1, 0, 1, 0, '2019-07-10 18:00:33', '2019-07-10 18:03:39'),
(207659, 20, 1, 15, 1, '0.00', '230.00', 1, 0, 1, 0, '2019-07-10 18:39:29', '2019-07-10 18:39:56'),
(207660, 24, 1, 17, 8, '0.00', '6900.00', 1, 0, 1, 0, '2019-07-10 19:59:13', '2019-07-10 20:00:23'),
(207661, 24, 1, 17, 8, '0.00', '0.00', 1, 1, 1, 0, '2019-07-10 20:17:52', '2019-07-10 20:18:48'),
(207662, 19, 1, 17, 8, '0.00', '1250.00', 1, 0, 1, 0, '2019-07-10 20:21:00', '2019-07-10 20:21:44'),
(207663, 1, 1, 14, 1, '0.00', '10.00', 1, 0, 1, 0, '2019-07-10 20:44:00', '2019-07-10 20:44:11'),
(207664, 1, 1, 14, 1, '0.00', '4.70', 1, 0, 1, 0, '2019-07-10 20:47:44', '2019-07-10 20:53:01'),
(207665, 23, 1, 16, 6, '0.00', '3100.00', 1, 0, 1, 0, '2019-07-10 21:11:50', '2019-07-10 21:27:39'),
(207666, 26, 1, 17, 6, '0.00', '9200.00', 1, 0, 1, 0, '2019-07-10 21:12:30', '2019-07-10 21:26:34'),
(207667, 27, 1, 16, 6, '0.00', '0.00', 1, 1, 1, 0, '2019-07-10 21:17:21', '2019-07-10 21:25:46'),
(207668, 1, 1, 16, 6, '0.00', '240.00', 1, 0, 1, 0, '2019-07-10 21:30:01', '2019-07-10 21:32:52'),
(207669, 1, 1, 17, 6, '0.00', '22.50', 1, 0, 1, 0, '2019-07-10 21:31:32', '2019-07-10 21:34:03'),
(207670, 26, 1, 17, 0, '0.00', '0.00', 0, 0, 0, 0, '2019-07-10 21:40:11', '2019-07-10 21:40:11'),
(207671, 26, 1, 17, 6, '0.00', '15.00', 1, 0, 1, 0, '2019-07-10 21:41:55', '2019-07-10 21:44:41'),
(207672, 17, 1, 17, 6, '0.00', '47.00', 1, 0, 1, 0, '2019-07-10 21:50:28', '2019-07-10 21:53:09'),
(207674, 20, 1, 15, 7, '0.00', '2300.00', 1, 0, 1, 0, '2019-07-10 22:48:13', '2019-07-11 16:33:40'),
(207675, 19, 1, 17, 7, '0.00', '2100.00', 1, 0, 1, 0, '2019-07-11 14:08:38', '2019-07-11 14:10:07'),
(207676, 24, 1, 17, 7, '0.00', '412.50', 1, 0, 1, 0, '2019-07-11 14:20:04', '2019-07-11 14:21:33'),
(207677, 17, 1, 17, 7, '0.00', '2300.00', 1, 0, 1, 0, '2019-07-11 14:30:32', '2019-07-11 14:31:17'),
(207678, 20, 1, 17, 7, '0.00', '37.50', 1, 0, 1, 0, '2019-07-11 14:32:04', '2019-07-11 14:33:05'),
(207679, 26, 1, 17, 7, '0.00', '350.00', 1, 0, 1, 0, '2019-07-11 14:34:00', '2019-07-11 14:38:13'),
(207680, 24, 1, 17, 7, '0.00', '442.00', 1, 0, 1, 0, '2019-07-11 15:03:15', '2019-07-11 15:03:43'),
(207681, 24, 1, 17, 7, '0.00', '0.00', 1, 1, 1, 0, '2019-07-11 15:50:43', '2019-07-11 15:51:25'),
(207682, 26, 1, 17, 7, '0.00', '550.00', 1, 0, 1, 0, '2019-07-11 15:52:04', '2019-07-11 15:52:54'),
(207683, 19, 1, 17, 7, '0.00', '235.00', 1, 0, 1, 0, '2019-07-11 15:53:10', '2019-07-11 15:54:21'),
(207684, 16, 1, 17, 7, '0.00', '2300.00', 1, 0, 1, 0, '2019-07-11 15:54:45', '2019-07-11 15:55:21'),
(207685, 20, 1, 17, 7, '0.00', '5.50', 1, 0, 1, 0, '2019-07-11 15:55:43', '2019-07-11 15:56:08'),
(207686, 16, 1, 15, 7, '0.00', '45000.00', 1, 0, 1, 0, '2019-07-11 16:09:04', '2019-07-11 16:14:06'),
(207688, 24, 1, 17, 7, '0.00', '13500.00', 1, 0, 1, 0, '2019-07-11 17:43:16', '2019-07-11 17:45:33'),
(207690, 28, 1, 16, 7, '0.00', '30230.00', 1, 0, 1, 0, '2019-07-11 17:51:39', '2019-07-11 17:59:33'),
(207692, 28, 1, 16, 7, '0.00', '10500.00', 1, 0, 1, 0, '2019-07-11 18:00:40', '2019-07-11 18:02:48'),
(207693, 28, 1, 16, 7, '0.00', '9.40', 1, 0, 1, 0, '2019-07-11 18:05:49', '2019-07-11 18:06:50'),
(207694, 1, 1, 17, 7, '0.00', '0.00', 1, 1, 1, 0, '2019-07-11 18:08:03', '2019-07-11 18:08:40'),
(207695, 16, 1, 17, 7, '0.00', '750.00', 1, 0, 1, 0, '2019-07-11 20:21:56', '2019-07-11 20:24:29'),
(207697, 29, 1, 15, 0, '0.00', '0.00', 0, 0, 0, 0, '2019-07-11 22:58:27', '2019-07-11 22:58:27'),
(207698, 20, 1, 15, 7, '0.00', '750.00', 1, 0, 1, 0, '2019-07-11 23:09:06', '2019-07-11 23:12:25'),
(207699, 19, 1, 17, 7, '0.00', '500.00', 1, 0, 1, 0, '2019-07-12 14:34:48', '2019-07-12 14:36:39'),
(207700, 17, 1, 17, 7, '0.00', '483.00', 1, 0, 1, 0, '2019-07-12 14:41:38', '2019-07-12 14:42:33'),
(207701, 23, 1, 17, 7, '0.00', '450.00', 1, 0, 1, 0, '2019-07-12 14:42:52', '2019-07-12 14:43:44'),
(207702, 20, 1, 17, 7, '0.00', '156.50', 1, 0, 1, 0, '2019-07-12 14:44:01', '2019-07-12 14:45:58'),
(207703, 30, 1, 17, 7, '0.00', '559.20', 1, 0, 1, 0, '2019-07-12 14:49:17', '2019-07-12 14:50:54'),
(207704, 23, 1, 17, 7, '0.00', '1850.00', 1, 0, 1, 0, '2019-07-12 15:05:05', '2019-07-12 15:10:14'),
(207705, 17, 1, 17, 7, '0.00', '380.00', 1, 0, 1, 0, '2019-07-12 15:58:44', '2019-07-12 15:59:24'),
(207706, 19, 1, 17, 7, '0.00', '625.00', 1, 0, 1, 0, '2019-07-12 15:59:43', '2019-07-12 16:00:10'),
(207707, 24, 1, 17, 7, '0.00', '825.00', 1, 0, 1, 0, '2019-07-12 16:00:19', '2019-07-12 16:00:49'),
(207708, 23, 1, 17, 7, '0.00', '7.50', 1, 0, 1, 0, '2019-07-12 16:01:00', '2019-07-12 16:01:22'),
(207709, 23, 1, 17, 7, '0.00', '125.00', 1, 0, 1, 0, '2019-07-12 16:19:29', '2019-07-12 16:19:52'),
(207710, 19, 1, 17, 7, '0.00', '1000.00', 1, 0, 1, 0, '2019-07-12 16:20:08', '2019-07-12 16:20:54'),
(207711, 20, 1, 17, 7, '0.00', '1150.00', 1, 0, 1, 0, '2019-07-12 16:21:35', '2019-07-12 16:22:00'),
(207712, 20, 1, 17, 7, '0.00', '375.00', 1, 0, 1, 0, '2019-07-12 16:44:08', '2019-07-12 16:45:09'),
(207713, 23, 1, 17, 7, '0.00', '700.00', 1, 0, 1, 0, '2019-07-12 16:45:21', '2019-07-12 16:48:34'),
(207714, 19, 1, 17, 7, '0.00', '125.00', 1, 0, 1, 0, '2019-07-12 16:54:30', '2019-07-12 16:54:59'),
(207715, 17, 1, 17, 7, '0.00', '247.50', 1, 0, 1, 0, '2019-07-12 16:55:21', '2019-07-12 16:56:11'),
(207716, 24, 1, 17, 7, '0.00', '6500.00', 1, 0, 1, 0, '2019-07-12 16:56:47', '2019-07-12 16:57:10'),
(207717, 26, 1, 17, 7, '0.00', '117.50', 1, 0, 1, 0, '2019-07-12 17:38:01', '2019-07-12 17:38:25'),
(207718, 19, 1, 17, 7, '0.00', '0.00', 1, 1, 1, 0, '2019-07-12 17:38:34', '2019-07-12 17:39:38'),
(207719, 19, 1, 17, 7, '0.00', '3000.00', 1, 0, 1, 0, '2019-07-12 18:25:14', '2019-07-12 18:25:37'),
(207720, 20, 1, 17, 7, '0.00', '3957.50', 1, 0, 1, 0, '2019-07-12 18:25:48', '2019-07-12 18:26:45'),
(207721, 29, 1, 17, 7, '0.00', '9620.00', 1, 0, 1, 0, '2019-07-12 18:26:54', '2019-07-12 18:29:06'),
(207722, 17, 1, 17, 7, '0.00', '439.50', 1, 0, 1, 0, '2019-07-12 18:29:23', '2019-07-12 18:30:18'),
(207723, 25, 1, 17, 7, '0.00', '373.50', 1, 0, 1, 0, '2019-07-12 18:30:39', '2019-07-12 18:32:01'),
(207724, 19, 1, 17, 7, '0.00', '1000.00', 1, 0, 1, 0, '2019-07-15 15:12:59', '2019-07-15 15:15:12'),
(207725, 24, 1, 17, 7, '0.00', '11289.00', 1, 0, 1, 0, '2019-07-15 16:34:19', '2019-07-15 17:01:52'),
(207726, 23, 1, 17, 7, '0.00', '5876.00', 1, 0, 1, 0, '2019-07-15 17:02:22', '2019-07-15 17:05:07'),
(207727, 29, 1, 17, 7, '0.00', '56.40', 1, 0, 1, 0, '2019-07-15 17:14:49', '2019-07-15 17:15:49'),
(207728, 19, 1, 17, 7, '0.00', '110.00', 1, 0, 1, 0, '2019-07-15 17:24:38', '2019-07-15 17:25:06'),
(207729, 26, 1, 17, 7, '0.00', '6080.50', 1, 0, 1, 0, '2019-07-15 17:32:38', '2019-07-15 17:35:03'),
(207730, 25, 1, 17, 7, '0.00', '2600.00', 1, 0, 1, 0, '2019-07-15 17:35:21', '2019-07-15 17:35:51'),
(207731, 33, 1, 15, 7, '0.00', '165.00', 1, 0, 1, 0, '2019-07-15 18:35:27', '2019-07-15 18:41:18'),
(207732, 1, 1, 15, 7, '0.00', '3.00', 1, 0, 1, 0, '2019-07-15 18:37:15', '2019-07-15 18:39:35'),
(207733, 20, 1, 15, 0, '0.00', '4800.00', 0, 0, 0, 0, '2019-07-17 14:35:16', '2019-07-17 14:47:14'),
(207734, 32, 1, 17, 0, '0.00', '0.00', 0, 0, 0, 0, '2019-07-17 14:48:32', '2019-07-17 14:48:32'),
(207735, 32, 1, 15, 0, '0.00', '210.00', 0, 0, 0, 0, '2019-07-17 14:52:23', '2019-07-17 14:54:17'),
(207736, 32, 1, 15, 0, '0.00', '4680.00', 0, 0, 0, 0, '2019-07-17 14:55:10', '2019-07-17 14:57:46'),
(207737, 32, 1, 15, 7, '0.00', '5070.00', 1, 0, 1, 0, '2019-07-17 14:59:10', '2019-07-17 15:01:10'),
(207738, 16, 1, 17, 7, '0.00', '200.00', 1, 0, 1, 0, '2019-07-23 17:20:42', '2019-07-23 17:22:30'),
(207739, 34, 1, 17, 7, '0.00', '1325.00', 1, 0, 1, 0, '2019-07-23 17:26:49', '2019-07-23 17:29:34'),
(207740, 1, 1, 17, 7, '0.00', '1615.00', 1, 0, 1, 0, '2019-07-23 17:30:11', '2019-07-23 17:35:34'),
(207741, 35, 1, 17, 7, '0.00', '1261.00', 1, 0, 1, 0, '2019-07-23 17:38:23', '2019-07-23 17:40:17'),
(207742, 24, 1, 17, 0, '0.00', '0.00', 0, 0, 0, 0, '2019-07-23 17:40:35', '2019-07-23 17:40:35'),
(207743, 24, 1, 17, 0, '0.00', '0.00', 0, 0, 0, 0, '2019-07-23 18:07:12', '2019-07-23 18:07:12'),
(207744, 1, 1, 17, 7, '0.00', '27.50', 1, 0, 1, 0, '2019-07-23 18:16:59', '2019-07-23 18:17:34'),
(207745, 16, 1, 15, 7, '0.00', '330.00', 1, 0, 1, 0, '2019-07-23 18:28:07', '2019-07-23 18:35:12'),
(207746, 1, 1, 15, 7, '0.00', '625.00', 1, 0, 1, 0, '2019-07-23 18:29:52', '2019-07-23 18:36:01'),
(207747, 36, 1, 15, 0, '0.00', '0.00', 0, 0, 0, 0, '2019-07-23 18:32:04', '2019-07-23 18:32:04'),
(207748, 37, 1, 17, 7, '0.00', '360.00', 1, 0, 1, 0, '2019-07-24 17:10:24', '2019-07-24 17:12:11'),
(207749, 38, 1, 17, 7, '0.00', '70.50', 1, 0, 1, 0, '2019-07-24 17:13:33', '2019-07-24 17:14:21'),
(207751, 1, 1, 15, 7, '0.00', '1150.00', 1, 0, 1, 0, '2019-07-24 17:43:40', '2019-07-24 17:58:25'),
(207752, 1, 1, 15, 7, '0.00', '567.10', 1, 0, 1, 0, '2019-07-24 17:48:11', '2019-07-24 17:59:01'),
(207753, 39, 1, 17, 7, '0.00', '460.00', 1, 0, 1, 0, '2019-07-24 18:21:33', '2019-07-24 18:23:02'),
(207754, 1, 1, 17, 7, '0.00', '230.00', 1, 0, 1, 0, '2019-07-24 18:23:12', '2019-07-24 18:34:59'),
(207756, 1, 1, 17, 7, '0.00', '47.00', 1, 0, 1, 0, '2019-07-24 18:43:57', '2019-07-24 18:45:31'),
(207760, 16, 1, 17, 1, '0.00', '192.00', 1, 0, 1, 0, '2019-07-24 18:56:29', '2019-07-24 20:48:13'),
(207761, 16, 1, 17, 1, '0.00', '18.80', 1, 0, 1, 0, '2019-07-24 18:59:02', '2019-07-24 20:47:31'),
(207763, 39, 1, 17, 1, '0.00', '2000.00', 1, 0, 1, 0, '2019-07-24 19:10:04', '2019-07-24 19:14:24'),
(207764, 25, 1, 17, 1, '0.00', '23.50', 1, 0, 1, 0, '2019-07-24 19:23:17', '2019-07-24 20:46:26'),
(207780, 41, 1, 17, 6, '0.00', '75.00', 1, 0, 1, 0, '2019-07-24 21:20:50', '2019-07-24 23:25:27'),
(207781, 42, 1, 17, 6, '0.00', '9.40', 1, 0, 1, 0, '2019-07-24 22:28:54', '2019-07-24 23:25:40'),
(207782, 43, 1, 17, 6, '0.00', '62.50', 1, 0, 1, 0, '2019-07-24 22:30:24', '2019-07-24 23:25:53'),
(207783, 44, 1, 17, 6, '0.00', '30.00', 1, 0, 1, 0, '2019-07-24 22:32:47', '2019-07-24 23:26:11'),
(207784, 45, 1, 17, 6, '0.00', '325.00', 1, 0, 1, 0, '2019-07-24 22:35:42', '2019-07-24 23:26:30'),
(207785, 46, 1, 17, 6, '0.00', '140.00', 1, 0, 1, 0, '2019-07-24 22:46:22', '2019-07-24 23:26:45'),
(207786, 47, 1, 17, 6, '0.00', '293.80', 1, 0, 1, 0, '2019-07-24 22:48:50', '2019-07-24 23:29:36'),
(207788, 49, 1, 17, 6, '0.00', '3800.00', 1, 0, 1, 0, '2019-07-25 14:18:42', '2019-07-25 16:46:01'),
(207789, 50, 1, 17, 6, '0.00', '1515.40', 1, 0, 1, 0, '2019-07-25 14:26:35', '2019-07-25 16:46:12'),
(207790, 51, 1, 17, 6, '0.00', '1000.00', 1, 0, 1, 0, '2019-07-25 14:34:47', '2019-07-25 16:46:29'),
(207791, 52, 1, 17, 0, '0.00', '0.00', 0, 0, 0, 0, '2019-07-25 14:44:34', '2019-07-25 14:44:34'),
(207792, 52, 1, 17, 6, '0.00', '190.00', 1, 0, 1, 0, '2019-07-25 14:45:01', '2019-07-25 16:49:34'),
(207793, 53, 1, 17, 0, '0.00', '0.00', 0, 0, 0, 0, '2019-07-25 15:10:17', '2019-07-25 15:10:17'),
(207794, 54, 1, 17, 6, '0.00', '97.50', 1, 0, 1, 0, '2019-07-25 15:33:11', '2019-07-25 16:49:44'),
(207795, 1, 1, 17, 6, '0.00', '28.20', 1, 0, 1, 0, '2019-07-25 15:34:27', '2019-07-25 16:49:54'),
(207796, 55, 1, 17, 6, '0.00', '382.00', 1, 0, 1, 0, '2019-07-25 15:35:59', '2019-07-25 16:50:04'),
(207797, 56, 1, 17, 6, '0.00', '261.00', 1, 0, 1, 0, '2019-07-25 15:37:21', '2019-07-25 16:50:14'),
(207798, 57, 1, 17, 6, '0.00', '320.00', 1, 0, 1, 0, '2019-07-25 15:39:07', '2019-07-25 16:50:22'),
(207799, 1, 1, 17, 6, '0.00', '4875.00', 1, 0, 1, 0, '2019-07-25 17:01:25', '2019-07-25 20:28:22'),
(207800, 1, 1, 17, 6, '0.00', '17480.00', 1, 0, 1, 0, '2019-07-25 17:03:02', '2019-07-25 20:28:39'),
(207801, 19, 1, 17, 6, '0.00', '6004.00', 1, 0, 1, 0, '2019-07-25 18:23:01', '2019-07-25 20:28:51'),
(207802, 54, 1, 17, 6, '0.00', '30400.00', 1, 0, 1, 0, '2019-07-25 18:24:05', '2019-07-25 20:29:07'),
(207803, 1, 1, 17, 6, '0.00', '575.00', 1, 0, 1, 0, '2019-07-25 18:25:26', '2019-07-25 20:29:18'),
(207804, 1, 1, 17, 6, '0.00', '97.50', 1, 0, 1, 0, '2019-07-25 18:40:52', '2019-07-25 20:29:29'),
(207805, 58, 1, 17, 6, '0.00', '1460.00', 1, 0, 1, 0, '2019-07-25 18:44:07', '2019-07-25 20:29:39'),
(207806, 54, 1, 17, 6, '0.00', '9400.00', 1, 0, 1, 0, '2019-07-26 22:01:28', '2019-07-26 22:15:01'),
(207807, 19, 1, 17, 6, '0.00', '11270.00', 1, 0, 1, 0, '2019-07-26 22:03:56', '2019-07-26 22:23:37'),
(207808, 59, 1, 17, 6, '0.00', '1475.50', 1, 0, 1, 0, '2019-07-26 22:06:37', '2019-07-26 22:15:35'),
(207809, 60, 1, 17, 6, '0.00', '438.00', 1, 0, 1, 0, '2019-07-26 22:09:09', '2019-07-26 22:18:09'),
(207810, 61, 1, 17, 6, '0.00', '9.40', 1, 0, 1, 0, '2019-07-26 22:12:19', '2019-07-26 22:24:25'),
(207811, 1, 1, 17, 6, '0.00', '7600.00', 1, 0, 1, 0, '2019-07-26 22:12:46', '2019-07-26 22:21:06'),
(207812, 62, 1, 17, 6, '0.00', '8180.00', 1, 0, 1, 0, '2019-07-26 22:38:26', '2019-07-26 22:41:39'),
(207813, 34, 1, 17, 6, '0.00', '975.00', 1, 0, 1, 0, '2019-07-26 22:40:17', '2019-07-26 22:42:04'),
(207814, 1, 1, 17, 6, '0.00', '15200.00', 1, 0, 1, 0, '2019-07-26 22:45:02', '2019-07-26 22:46:46'),
(207815, 63, 1, 17, 6, '0.00', '3040.00', 1, 0, 1, 0, '2019-07-26 22:55:23', '2019-07-26 22:56:14'),
(207816, 19, 1, 19, 0, '0.00', '487.50', 0, 0, 0, 0, '2019-07-29 17:11:10', '2019-07-29 22:34:31'),
(207817, 1, 1, 19, 6, '0.00', '661.00', 1, 0, 1, 0, '2019-07-29 17:13:44', '2019-07-29 22:35:08'),
(207818, 1, 1, 19, 6, '0.00', '5200.00', 1, 0, 1, 0, '2019-07-29 17:24:33', '2019-07-29 22:35:23'),
(207819, 1, 1, 19, 6, '0.00', '3800.00', 1, 0, 1, 0, '2019-07-29 17:28:01', '2019-07-29 22:35:41'),
(207820, 1, 1, 19, 6, '0.00', '960.00', 1, 0, 1, 0, '2019-07-29 17:29:14', '2019-07-29 22:35:58'),
(207821, 1, 1, 17, 6, '0.00', '219.00', 1, 0, 1, 0, '2019-07-29 17:29:30', '2019-07-29 22:36:24'),
(207823, 1, 1, 19, 6, '0.00', '68.00', 1, 0, 1, 0, '2019-07-29 17:30:45', '2019-07-29 22:36:50'),
(207824, 64, 1, 17, 6, '0.00', '3800.00', 1, 0, 1, 0, '2019-07-29 17:32:07', '2019-07-29 22:37:05'),
(207825, 1, 1, 19, 6, '0.00', '7170.00', 1, 0, 1, 0, '2019-07-29 17:32:33', '2019-07-29 22:37:50'),
(207826, 1, 1, 19, 6, '0.00', '2720.00', 1, 0, 1, 0, '2019-07-29 17:34:35', '2019-07-29 22:38:04'),
(207827, 1, 1, 19, 6, '0.00', '487.50', 1, 0, 1, 0, '2019-07-29 17:36:06', '2019-07-29 22:38:14'),
(207828, 65, 1, 17, 6, '0.00', '836.00', 1, 0, 1, 0, '2019-07-29 17:37:06', '2019-07-29 22:38:26'),
(207829, 1, 1, 19, 6, '0.00', '4670.00', 1, 0, 1, 0, '2019-07-29 17:37:07', '2019-07-29 22:38:36'),
(207830, 1, 1, 19, 0, '0.00', '0.00', 0, 0, 0, 0, '2019-07-29 17:38:23', '2019-07-29 17:38:23'),
(207831, 66, 1, 17, 6, '0.00', '2450.50', 1, 0, 1, 0, '2019-07-29 17:39:03', '2019-07-29 22:39:11'),
(207832, 1, 1, 19, 6, '0.00', '450.00', 1, 0, 1, 0, '2019-07-29 17:39:09', '2019-07-29 22:39:23'),
(207833, 1, 1, 19, 6, '0.00', '2400.00', 1, 0, 1, 0, '2019-07-29 17:40:27', '2019-07-29 22:39:34'),
(207834, 1, 1, 19, 0, '0.00', '0.00', 0, 0, 0, 0, '2019-07-29 17:41:17', '2019-07-29 17:41:17'),
(207835, 67, 1, 17, 6, '0.00', '15795.00', 1, 0, 1, 0, '2019-07-29 17:43:02', '2019-07-29 22:39:45'),
(207837, 16, 1, 17, 6, '0.00', '1205.00', 1, 0, 1, 0, '2019-07-29 17:57:47', '2019-07-29 22:40:21'),
(207838, 68, 1, 17, 6, '0.00', '1411.70', 1, 0, 1, 0, '2019-07-29 22:30:21', '2019-07-29 22:40:32'),
(207839, 32, 1, 17, 6, '0.00', '95500.00', 1, 0, 1, 0, '2019-07-29 22:31:06', '2019-07-29 22:40:10'),
(207842, 1, 1, 17, 8, '0.00', '762.00', 1, 0, 1, 0, '2019-07-30 16:00:14', '2019-07-30 23:00:22'),
(207843, 1, 1, 19, 6, '0.00', '40.00', 1, 0, 1, 0, '2019-07-30 16:01:26', '2019-07-30 16:29:22'),
(207844, 1, 1, 19, 6, '0.00', '119.10', 1, 0, 1, 0, '2019-07-30 16:02:25', '2019-07-30 16:29:36'),
(207846, 1, 1, 19, 6, '0.00', '27.20', 1, 0, 1, 0, '2019-07-30 16:04:49', '2019-07-30 16:29:45'),
(207847, 1, 1, 19, 6, '0.00', '157.50', 1, 0, 1, 0, '2019-07-30 16:06:12', '2019-07-30 16:30:02'),
(207848, 1, 1, 19, 6, '0.00', '6348.00', 1, 0, 1, 0, '2019-07-30 16:07:28', '2019-07-30 16:30:29'),
(207849, 1, 1, 19, 6, '0.00', '3434.10', 1, 0, 1, 0, '2019-07-30 16:08:31', '2019-07-30 16:30:42'),
(207850, 1, 1, 19, 6, '0.00', '2620.00', 1, 0, 1, 0, '2019-07-30 16:09:29', '2019-07-30 16:31:02'),
(207851, 1, 1, 19, 6, '0.00', '21530.00', 1, 0, 1, 0, '2019-07-30 16:11:11', '2019-07-30 16:31:19'),
(207852, 1, 1, 19, 6, '0.00', '28.20', 1, 0, 1, 0, '2019-07-30 16:13:24', '2019-07-30 16:31:27'),
(207853, 1, 1, 19, 6, '0.00', '11193.20', 1, 0, 1, 0, '2019-07-30 16:22:55', '2019-07-30 16:33:03'),
(207855, 70, 1, 19, 6, '0.00', '1030.00', 1, 0, 1, 0, '2019-07-30 16:29:46', '2019-07-30 16:33:44'),
(207856, 71, 1, 19, 7, '0.00', '3351.50', 1, 0, 1, 0, '2019-07-30 16:35:22', '2019-07-30 17:20:53'),
(207857, 72, 1, 19, 7, '0.00', '68.00', 1, 0, 1, 0, '2019-07-30 17:02:00', '2019-07-30 17:47:36'),
(207859, 1, 1, 1, 7, '0.00', '76.00', 1, 0, 1, 0, '2019-07-30 17:21:42', '2019-07-30 17:22:31'),
(207860, 74, 1, 19, 7, '0.00', '646.00', 1, 0, 1, 0, '2019-07-30 17:44:02', '2019-07-30 17:47:02'),
(207861, 17, 1, 19, 7, '0.00', '660.00', 1, 0, 1, 0, '2019-07-30 17:49:43', '2019-07-30 17:51:15'),
(207862, 75, 1, 19, 7, '0.00', '183.00', 1, 0, 1, 0, '2019-07-30 17:56:00', '2019-07-30 17:57:33'),
(207863, 76, 1, 19, 7, '0.00', '352.50', 1, 0, 1, 0, '2019-07-30 17:58:55', '2019-07-30 18:00:24'),
(207864, 77, 1, 19, 7, '0.00', '20960.00', 1, 0, 1, 0, '2019-07-30 18:01:05', '2019-07-30 18:02:05'),
(207865, 78, 1, 19, 7, '0.00', '9517.50', 1, 0, 1, 0, '2019-07-30 18:02:57', '2019-07-30 18:03:55'),
(207866, 78, 1, 19, 7, '0.00', '15474.00', 1, 0, 1, 0, '2019-07-30 18:04:10', '2019-07-30 18:05:07'),
(207867, 79, 1, 19, 7, '0.00', '6946.30', 1, 0, 1, 0, '2019-07-30 18:05:53', '2019-07-30 18:07:29'),
(207868, 80, 1, 19, 7, '0.00', '27554.50', 1, 0, 1, 0, '2019-07-30 18:08:44', '2019-07-30 18:09:37'),
(207869, 81, 1, 19, 7, '0.00', '26904.50', 1, 0, 1, 0, '2019-07-30 18:11:48', '2019-07-30 18:12:56'),
(207870, 82, 1, 19, 7, '0.00', '1051.70', 1, 0, 1, 0, '2019-07-30 18:13:51', '2019-07-30 18:14:45'),
(207871, 83, 1, 19, 7, '0.00', '5846.00', 1, 0, 1, 0, '2019-07-30 18:25:06', '2019-07-30 18:25:59'),
(207872, 84, 1, 19, 7, '0.00', '2246.50', 1, 0, 1, 0, '2019-07-30 18:26:46', '2019-07-30 18:27:19'),
(207873, 1, 1, 19, 7, '0.00', '124030.00', 1, 0, 1, 0, '2019-07-30 18:28:18', '2019-07-30 18:29:06'),
(207874, 77, 1, 19, 7, '0.00', '48053.00', 1, 0, 1, 0, '2019-07-30 18:29:18', '2019-07-30 18:31:41'),
(207875, 1, 1, 19, 7, '0.00', '130.00', 1, 0, 1, 0, '2019-07-30 18:32:03', '2019-07-30 18:32:28'),
(207876, 1, 1, 19, 7, '0.00', '3727.50', 1, 0, 1, 0, '2019-07-30 18:32:32', '2019-07-30 18:33:41'),
(207877, 85, 1, 19, 7, '0.00', '75543.50', 1, 0, 1, 0, '2019-07-30 18:34:38', '2019-07-30 18:35:58'),
(207878, 1, 1, 19, 7, '0.00', '1488.50', 1, 0, 1, 0, '2019-07-30 18:36:01', '2019-07-30 18:37:02'),
(207879, 86, 1, 19, 7, '0.00', '277.70', 1, 0, 1, 0, '2019-07-30 18:38:04', '2019-07-30 18:39:00'),
(207880, 1, 1, 19, 7, '0.00', '345.30', 1, 0, 1, 0, '2019-07-30 18:45:03', '2019-07-30 18:45:51'),
(207881, 1, 1, 19, 7, '0.00', '520.50', 1, 0, 1, 0, '2019-07-30 18:46:58', '2019-07-30 18:47:41'),
(207882, 88, 1, 19, 7, '0.00', '666.00', 1, 0, 1, 0, '2019-07-30 18:48:30', '2019-07-30 18:49:41'),
(207883, 89, 1, 19, 7, '0.00', '430.50', 1, 0, 1, 0, '2019-07-30 18:50:51', '2019-07-30 18:51:35'),
(207885, 91, 1, 19, 7, '0.00', '568.00', 1, 0, 1, 0, '2019-07-30 21:09:02', '2019-07-30 21:09:56'),
(207886, 34, 1, 1, 7, '0.00', '6.00', 1, 0, 1, 0, '2019-07-30 21:10:28', '2019-07-30 21:13:01'),
(207888, 53, 1, 1, 7, '0.00', '2040.00', 1, 0, 1, 0, '2019-07-30 21:11:50', '2019-07-30 21:18:34'),
(207889, 93, 1, 1, 7, '0.00', '204.00', 1, 0, 1, 0, '2019-07-30 21:16:34', '2019-07-30 21:25:19'),
(207891, 91, 1, 19, 7, '0.00', '55.40', 1, 0, 1, 0, '2019-07-30 22:13:58', '2019-07-30 22:15:15'),
(207892, 76, 1, 19, 7, '0.00', '150.10', 1, 0, 1, 0, '2019-07-30 22:16:09', '2019-07-30 22:20:20'),
(207893, 94, 1, 19, 7, '0.00', '166.10', 1, 0, 1, 0, '2019-07-30 22:17:32', '2019-07-30 22:19:52'),
(207894, 95, 1, 19, 7, '0.00', '3.50', 1, 0, 1, 0, '2019-07-30 22:19:09', '2019-07-30 22:19:27'),
(207895, 96, 1, 19, 7, '0.00', '815.00', 1, 0, 1, 0, '2019-07-30 22:21:22', '2019-07-30 22:22:38'),
(207896, 1, 1, 19, 7, '0.00', '76.00', 1, 0, 1, 0, '2019-07-30 22:23:24', '2019-07-30 22:25:26'),
(207897, 1, 1, 19, 7, '0.00', '5.50', 1, 0, 1, 0, '2019-07-30 22:25:39', '2019-07-30 22:27:13'),
(207898, 97, 1, 19, 7, '0.00', '175.50', 1, 0, 1, 0, '2019-07-30 22:29:24', '2019-07-30 22:56:17'),
(207901, 72, 1, 19, 7, '0.00', '481.00', 1, 0, 1, 0, '2019-07-31 14:04:44', '2019-07-31 14:05:53'),
(207902, 20, 1, 19, 7, '0.00', '277.60', 1, 0, 1, 0, '2019-07-31 14:07:48', '2019-07-31 14:09:06'),
(207903, 98, 1, 17, 7, '0.00', '532.00', 1, 0, 1, 0, '2019-07-31 14:10:15', '2019-07-31 14:31:54'),
(207904, 71, 1, 19, 7, '0.00', '358.00', 1, 0, 1, 0, '2019-07-31 14:13:01', '2019-07-31 14:14:44'),
(207905, 99, 1, 19, 7, '0.00', '714.00', 1, 0, 1, 0, '2019-07-31 14:16:44', '2019-07-31 14:18:51'),
(207906, 100, 1, 17, 7, '0.00', '73.50', 1, 0, 1, 0, '2019-07-31 14:18:01', '2019-07-31 14:32:26'),
(207907, 101, 1, 17, 7, '0.00', '29.50', 1, 0, 1, 0, '2019-07-31 14:20:35', '2019-07-31 14:32:50'),
(207908, 102, 1, 19, 7, '0.00', '422.50', 1, 0, 1, 0, '2019-07-31 14:22:50', '2019-07-31 14:26:28'),
(207909, 17, 1, 17, 7, '0.00', '1860.00', 1, 0, 1, 0, '2019-07-31 14:24:29', '2019-07-31 14:35:07'),
(207910, 17, 1, 17, 7, '0.00', '2432.00', 1, 0, 1, 0, '2019-07-31 14:26:57', '2019-07-31 14:35:22'),
(207911, 72, 1, 19, 7, '0.00', '389.00', 1, 0, 1, 0, '2019-07-31 14:28:32', '2019-07-31 14:29:57'),
(207912, 103, 1, 17, 7, '0.00', '1901.50', 1, 0, 1, 0, '2019-07-31 14:36:37', '2019-07-31 14:40:53'),
(207913, 104, 1, 17, 7, '0.00', '380.00', 1, 0, 1, 0, '2019-07-31 14:41:10', '2019-07-31 14:44:46'),
(207914, 86, 1, 19, 7, '0.00', '87.50', 1, 0, 1, 0, '2019-07-31 14:41:13', '2019-07-31 14:41:51'),
(207915, 1, 1, 17, 7, '0.00', '8675.00', 1, 0, 1, 0, '2019-07-31 14:44:31', '2019-07-31 14:47:57'),
(207916, 105, 1, 19, 7, '0.00', '2218.10', 1, 0, 1, 0, '2019-07-31 14:45:40', '2019-07-31 14:47:33'),
(207917, 106, 1, 17, 7, '0.00', '94.00', 1, 0, 1, 0, '2019-07-31 14:47:04', '2019-07-31 14:48:13'),
(207918, 107, 1, 17, 7, '0.00', '0.00', 1, 1, 1, 0, '2019-07-31 14:48:32', '2019-07-31 14:49:48'),
(207919, 108, 1, 19, 7, '0.00', '4228.00', 1, 0, 1, 0, '2019-07-31 14:48:55', '2019-07-31 14:49:30'),
(207920, 109, 1, 17, 7, '0.00', '2660.00', 1, 0, 1, 0, '2019-07-31 14:50:17', '2019-07-31 15:08:09'),
(207921, 110, 1, 17, 7, '0.00', '80570.00', 1, 0, 1, 0, '2019-07-31 15:08:38', '2019-07-31 15:20:31'),
(207923, 111, 1, 17, 7, '0.00', '195.00', 1, 0, 1, 0, '2019-07-31 15:24:36', '2019-07-31 17:08:09'),
(207925, 112, 1, 17, 7, '0.00', '2470.00', 1, 0, 1, 0, '2019-07-31 15:30:48', '2019-07-31 15:32:04'),
(207926, 112, 1, 19, 0, '0.00', '0.00', 0, 0, 0, 0, '2019-07-31 15:41:49', '2019-07-31 15:41:49'),
(207927, 113, 1, 17, 7, '0.00', '2426.00', 1, 0, 1, 0, '2019-07-31 15:59:50', '2019-07-31 16:07:50'),
(207928, 1, 1, 17, 7, '0.00', '95.00', 1, 0, 1, 0, '2019-07-31 16:01:22', '2019-07-31 16:08:15'),
(207930, 114, 1, 17, 7, '0.00', '20000.00', 1, 0, 1, 0, '2019-07-31 16:03:10', '2019-07-31 16:10:42'),
(207931, 70, 1, 19, 7, '0.00', '247.50', 1, 0, 1, 0, '2019-07-31 16:08:40', '2019-07-31 16:09:28'),
(207932, 115, 1, 19, 7, '0.00', '554.10', 1, 0, 1, 0, '2019-07-31 16:19:09', '2019-07-31 16:20:24'),
(207933, 116, 1, 19, 7, '0.00', '1344.00', 1, 0, 1, 0, '2019-07-31 16:23:59', '2019-07-31 16:25:21'),
(207934, 1, 1, 19, 0, '0.00', '0.00', 0, 0, 0, 0, '2019-07-31 16:27:35', '2019-07-31 16:27:35'),
(207935, 112, 1, 19, 0, '0.00', '0.00', 0, 0, 0, 0, '2019-07-31 16:30:41', '2019-07-31 16:30:46'),
(207937, 112, 1, 19, 7, '0.00', '840.00', 1, 0, 1, 0, '2019-07-31 16:33:42', '2019-07-31 16:36:25'),
(207938, 117, 1, 17, 7, '0.00', '990.00', 1, 0, 1, 0, '2019-07-31 16:39:22', '2019-07-31 16:44:16'),
(207939, 118, 1, 15, 7, '0.00', '380.00', 1, 0, 1, 0, '2019-07-31 16:41:40', '2019-07-31 16:45:29'),
(207940, 119, 1, 15, 7, '0.00', '0.00', 1, 1, 1, 0, '2019-07-31 16:43:25', '2019-07-31 16:47:38'),
(207941, 122, 1, 15, 7, '0.00', '500.00', 1, 0, 1, 0, '2019-07-31 16:54:52', '2019-07-31 16:56:05'),
(207942, 123, 1, 15, 7, '0.00', '6621.00', 1, 0, 1, 0, '2019-07-31 17:01:52', '2019-07-31 17:04:34'),
(207944, 125, 1, 15, 7, '0.00', '1140.00', 1, 0, 1, 0, '2019-07-31 17:11:00', '2019-07-31 17:11:47'),
(207945, 1, 1, 19, 7, '0.00', '19.50', 1, 0, 1, 0, '2019-07-31 17:13:37', '2019-07-31 17:14:02'),
(207946, 1, 1, 19, 7, '0.00', '87.00', 1, 0, 1, 0, '2019-07-31 17:14:04', '2019-07-31 17:22:30'),
(207947, 19, 1, 17, 7, '0.00', '760.00', 1, 0, 1, 0, '2019-07-31 17:21:21', '2019-07-31 17:35:20'),
(207948, 126, 1, 17, 8, '0.00', '529.00', 1, 0, 1, 0, '2019-07-31 17:28:59', '2019-07-31 21:01:44'),
(207950, 119, 1, 15, 7, '0.00', '3800.00', 1, 0, 1, 0, '2019-07-31 17:29:36', '2019-07-31 17:33:11'),
(207951, 119, 1, 17, 7, '0.00', '1200.00', 1, 1, 1, 0, '2019-07-31 17:36:38', '2019-07-31 17:41:56'),
(207952, 119, 1, 1, 0, '0.00', '0.00', 0, 0, 0, 0, '2019-07-31 17:37:26', '2019-07-31 17:37:26'),
(207953, 1, 1, 17, 0, '0.00', '5.00', 0, 0, 0, 0, '2019-07-31 17:42:18', '2019-07-31 18:08:28'),
(207954, 127, 1, 15, 7, '0.00', '0.00', 1, 1, 1, 0, '2019-07-31 17:43:40', '2019-07-31 17:45:23'),
(207956, 127, 1, 15, 7, '0.00', '380.00', 1, 0, 1, 0, '2019-07-31 17:52:08', '2019-07-31 17:54:50'),
(207957, 107, 1, 17, 7, '0.00', '1500.00', 1, 0, 1, 0, '2019-07-31 18:04:20', '2019-07-31 18:06:26'),
(207958, 17, 1, 20, 7, '0.00', '980.00', 1, 0, 1, 0, '2019-07-31 18:07:14', '2019-07-31 18:12:56'),
(207959, 128, 1, 20, 7, '0.00', '76.00', 1, 0, 1, 0, '2019-07-31 18:14:07', '2019-07-31 18:18:18'),
(207960, 1, 1, 19, 7, '0.00', '76.00', 1, 0, 1, 0, '2019-07-31 18:22:15', '2019-07-31 18:23:33'),
(207961, 117, 1, 17, 8, '0.00', '0.00', 1, 1, 1, 0, '2019-07-31 21:03:44', '2019-07-31 21:05:55'),
(207962, 132, 1, 15, 0, '0.00', '2717.50', 0, 0, 0, 0, '2019-07-31 21:04:00', '2019-07-31 21:08:22'),
(207963, 133, 1, 15, 8, '0.00', '2543.00', 1, 0, 1, 0, '2019-07-31 21:05:58', '2019-07-31 22:40:00'),
(207964, 134, 1, 19, 8, '0.00', '1360.00', 1, 0, 1, 0, '2019-07-31 21:06:50', '2019-07-31 21:07:57'),
(207966, 1, 1, 19, 8, '0.00', '760.00', 1, 0, 1, 0, '2019-07-31 21:10:27', '2019-07-31 21:15:42'),
(207967, 135, 1, 17, 8, '0.00', '600.00', 1, 0, 1, 0, '2019-07-31 21:15:58', '2019-07-31 21:18:23'),
(207968, 1, 1, 19, 0, '0.00', '0.00', 0, 0, 0, 0, '2019-07-31 21:16:37', '2019-07-31 21:16:37'),
(207969, 1, 1, 19, 0, '0.00', '6200.00', 0, 0, 0, 0, '2019-07-31 21:28:21', '2019-07-31 21:30:23'),
(207970, 1, 1, 19, 8, '0.00', '1000.00', 1, 0, 1, 0, '2019-07-31 21:30:37', '2019-07-31 21:43:06'),
(207971, 27, 1, 17, 8, '0.00', '100.00', 1, 0, 1, 0, '2019-07-31 21:36:11', '2019-07-31 21:40:14'),
(207972, 1, 1, 19, 8, '0.00', '3540.00', 1, 0, 1, 0, '2019-07-31 21:43:15', '2019-07-31 21:52:11'),
(207973, 1, 1, 17, 8, '0.00', '14660.00', 1, 0, 1, 0, '2019-07-31 21:43:36', '2019-07-31 21:45:22'),
(207974, 1, 1, 19, 8, '0.00', '3431.00', 1, 0, 1, 0, '2019-07-31 21:54:07', '2019-07-31 21:56:57'),
(207975, 1, 1, 19, 0, '0.00', '0.00', 0, 0, 0, 0, '2019-07-31 21:58:22', '2019-07-31 21:58:22'),
(207976, 69, 1, 17, 8, '0.00', '7180.00', 1, 0, 1, 0, '2019-07-31 22:15:08', '2019-07-31 22:16:38'),
(207977, 138, 1, 17, 8, '0.00', '14700.00', 1, 0, 1, 0, '2019-07-31 22:28:53', '2019-07-31 22:32:11'),
(207978, 1, 1, 19, 8, '0.00', '10000.00', 1, 0, 1, 0, '2019-07-31 22:34:29', '2019-07-31 22:36:58'),
(207979, 91, 1, 19, 8, '0.00', '8119.00', 1, 0, 1, 0, '2019-07-31 22:34:54', '2019-07-31 22:37:15'),
(207980, 72, 1, 19, 8, '0.00', '6360.00', 1, 0, 1, 0, '2019-07-31 22:35:18', '2019-07-31 22:37:33'),
(207981, 140, 1, 17, 8, '0.00', '1000.00', 1, 0, 1, 0, '2019-07-31 22:36:37', '2019-07-31 22:37:51'),
(207982, 141, 1, 17, 8, '0.00', '22800.00', 1, 0, 1, 0, '2019-07-31 22:37:50', '2019-07-31 22:38:43'),
(207983, 19, 1, 19, 8, '0.00', '2200.00', 1, 0, 1, 0, '2019-07-31 22:37:55', '2019-07-31 22:38:57'),
(207984, 140, 1, 19, 8, '0.00', '750.00', 1, 0, 1, 0, '2019-07-31 22:38:14', '2019-07-31 22:39:16'),
(207985, 142, 1, 17, 8, '0.00', '41000.00', 1, 0, 1, 0, '2019-07-31 22:39:01', '2019-07-31 22:39:37'),
(207988, 143, 1, 17, 6, '0.00', '1240.00', 1, 0, 1, 0, '2019-08-01 14:09:14', '2019-08-01 14:40:43'),
(207989, 144, 1, 19, 6, '0.00', '59.00', 1, 0, 1, 0, '2019-08-01 14:12:21', '2019-08-01 14:48:48'),
(207990, 145, 1, 19, 6, '0.00', '804.50', 1, 0, 1, 0, '2019-08-01 14:19:39', '2019-08-01 14:53:10'),
(207991, 146, 1, 19, 6, '0.00', '1497.00', 1, 0, 1, 0, '2019-08-01 14:24:11', '2019-08-01 14:53:55'),
(207992, 118, 1, 17, 6, '0.00', '25000.00', 1, 0, 1, 0, '2019-08-01 14:33:05', '2019-08-01 14:55:01'),
(207993, 32, 1, 17, 6, '0.00', '22000.00', 1, 0, 1, 0, '2019-08-01 14:33:46', '2019-08-01 14:58:05'),
(207994, 1, 1, 17, 6, '0.00', '1531.00', 1, 0, 1, 0, '2019-08-01 14:39:18', '2019-08-01 14:47:57'),
(207995, 148, 1, 17, 6, '0.00', '679.00', 1, 0, 1, 0, '2019-08-01 14:41:36', '2019-08-01 14:46:43'),
(207996, 150, 1, 19, 6, '0.00', '380.00', 1, 0, 1, 0, '2019-08-01 14:47:25', '2019-08-01 14:58:25'),
(207997, 151, 1, 17, 6, '0.00', '47.00', 1, 0, 1, 0, '2019-08-01 14:55:18', '2019-08-01 14:57:02'),
(207999, 25, 1, 19, 6, '0.00', '1500.00', 1, 0, 1, 0, '2019-08-01 14:57:39', '2019-08-01 16:10:44'),
(208000, 117, 1, 17, 6, '0.00', '0.00', 1, 1, 1, 0, '2019-08-01 14:59:04', '2019-08-01 15:02:03'),
(208001, 25, 1, 19, 6, '0.00', '1110.00', 1, 0, 1, 0, '2019-08-01 14:59:05', '2019-08-01 16:13:08'),
(208002, 117, 1, 17, 6, '0.00', '292.50', 1, 0, 1, 0, '2019-08-01 14:59:33', '2019-08-01 15:02:35'),
(208003, 25, 1, 19, 6, '0.00', '76.00', 1, 0, 1, 0, '2019-08-01 15:01:28', '2019-08-01 16:15:06'),
(208004, 25, 1, 19, 6, '0.00', '1110.00', 1, 0, 1, 0, '2019-08-01 15:03:33', '2019-08-01 16:15:38'),
(208005, 25, 1, 19, 6, '0.00', '1310.00', 1, 0, 1, 0, '2019-08-01 15:05:31', '2019-08-01 16:12:02'),
(208007, 117, 1, 19, 6, '0.00', '6080.00', 1, 0, 1, 0, '2019-08-01 15:20:55', '2019-08-01 15:24:43'),
(208008, 1, 1, 19, 6, '0.00', '10.00', 1, 0, 1, 0, '2019-08-01 15:25:01', '2019-08-01 15:26:43'),
(208009, 153, 1, 17, 6, '0.00', '2270.00', 1, 0, 1, 0, '2019-08-01 15:30:07', '2019-08-01 15:34:13'),
(208010, 72, 1, 19, 6, '0.00', '380.00', 1, 0, 1, 0, '2019-08-01 15:34:56', '2019-08-01 15:37:08'),
(208011, 1, 1, 19, 6, '0.00', '1480.00', 1, 0, 1, 0, '2019-08-01 15:42:38', '2019-08-01 15:45:16'),
(208012, 154, 1, 19, 6, '0.00', '930.00', 1, 0, 1, 0, '2019-08-01 15:46:20', '2019-08-01 16:11:09'),
(208013, 24, 1, 17, 6, '0.00', '781.00', 1, 0, 1, 0, '2019-08-01 15:55:28', '2019-08-01 16:11:44'),
(208015, 16, 1, 17, 6, '0.00', '9900.00', 1, 0, 1, 0, '2019-08-01 15:58:15', '2019-08-01 16:12:38'),
(208016, 89, 1, 17, 6, '0.00', '9650.00', 1, 0, 1, 0, '2019-08-01 15:59:13', '2019-08-01 16:13:40'),
(208017, 155, 1, 17, 6, '0.00', '2323.00', 1, 0, 1, 0, '2019-08-01 16:00:36', '2019-08-01 16:14:23'),
(208018, 1, 1, 14, 0, '0.00', '0.00', 0, 0, 0, 0, '2019-08-01 16:20:44', '2019-08-01 16:20:44'),
(208019, 156, 1, 19, 6, '0.00', '1973.00', 1, 0, 1, 0, '2019-08-01 16:27:06', '2019-08-01 16:28:29'),
(208020, 49, 1, 17, 6, '0.00', '20150.00', 1, 0, 1, 0, '2019-08-01 16:29:11', '2019-08-01 16:31:06'),
(208021, 42, 1, 17, 6, '0.00', '3085.00', 1, 0, 1, 0, '2019-08-01 16:32:25', '2019-08-01 16:35:45'),
(208022, 157, 1, 19, 6, '0.00', '928.00', 1, 0, 1, 0, '2019-08-01 16:32:51', '2019-08-01 16:36:31'),
(208023, 29, 1, 15, 6, '0.00', '3040.00', 1, 0, 1, 0, '2019-08-01 16:37:09', '2019-08-01 16:38:31'),
(208024, 158, 1, 19, 6, '0.00', '2334.00', 1, 0, 1, 0, '2019-08-01 16:44:40', '2019-08-01 16:46:27'),
(208025, 159, 1, 19, 6, '0.00', '2460.00', 1, 0, 1, 0, '2019-08-01 16:48:44', '2019-08-01 16:50:28'),
(208026, 1, 1, 19, 6, '0.00', '1686.00', 1, 0, 1, 0, '2019-08-01 16:49:31', '2019-08-01 17:01:00'),
(208027, 160, 1, 19, 6, '0.00', '863.00', 1, 0, 1, 0, '2019-08-01 16:56:01', '2019-08-01 17:01:12'),
(208028, 159, 1, 15, 0, '0.00', '0.00', 0, 0, 0, 0, '2019-08-01 16:57:10', '2019-08-01 16:57:10'),
(208029, 159, 1, 15, 6, '0.00', '380.00', 1, 0, 1, 0, '2019-08-01 16:58:48', '2019-08-01 16:59:34'),
(208030, 44, 1, 17, 6, '0.00', '7175.00', 1, 0, 1, 0, '2019-08-01 17:01:33', '2019-08-01 17:09:51'),
(208031, 162, 1, 19, 6, '0.00', '1520.00', 1, 0, 1, 0, '2019-08-01 17:07:26', '2019-08-01 18:06:34'),
(208032, 1, 1, 17, 6, '0.00', '2162.00', 1, 0, 1, 0, '2019-08-01 17:08:10', '2019-08-01 17:11:15'),
(208033, 164, 1, 17, 6, '0.00', '0.00', 1, 1, 1, 0, '2019-08-01 17:18:55', '2019-08-01 17:20:52'),
(208034, 1, 1, 19, 6, '0.00', '0.00', 1, 1, 1, 0, '2019-08-01 17:27:11', '2019-08-01 17:28:49'),
(208035, 1, 1, 15, 0, '0.00', '0.00', 0, 0, 0, 0, '2019-08-01 17:28:52', '2019-08-01 17:28:52'),
(208036, 1, 1, 19, 6, '0.00', '3910.00', 1, 0, 1, 0, '2019-08-01 17:32:13', '2019-08-01 18:06:49'),
(208037, 1, 1, 19, 6, '0.00', '4025.00', 1, 0, 1, 0, '2019-08-01 17:47:53', '2019-08-01 17:49:58'),
(208038, 65, 1, 17, 6, '0.00', '28650.00', 1, 0, 1, 0, '2019-08-01 17:52:05', '2019-08-01 17:54:48'),
(208039, 1, 1, 19, 6, '0.00', '8360.00', 1, 0, 1, 0, '2019-08-01 18:00:04', '2019-08-01 18:02:13'),
(208040, 65, 1, 19, 6, '0.00', '8360.00', 1, 0, 1, 0, '2019-08-01 18:02:29', '2019-08-01 18:04:29'),
(208041, 28, 1, 17, 6, '0.00', '7640.00', 1, 0, 1, 0, '2019-08-01 18:05:55', '2019-08-01 18:07:35'),
(208042, 28, 1, 15, 6, '0.00', '4.50', 1, 0, 1, 0, '2019-08-01 18:12:20', '2019-08-01 18:13:34'),
(208045, 165, 1, 19, 6, '0.00', '924.00', 1, 0, 1, 0, '2019-08-01 18:22:20', '2019-08-01 18:23:26'),
(208046, 1, 1, 19, 6, '0.00', '715.50', 1, 0, 1, 0, '2019-08-01 18:23:04', '2019-08-01 18:32:09'),
(208047, 25, 1, 19, 6, '0.00', '6602.00', 1, 0, 1, 0, '2019-08-01 18:31:13', '2019-08-01 18:41:45'),
(208048, 65, 1, 17, 6, '0.00', '760.00', 1, 0, 1, 0, '2019-08-01 18:33:16', '2019-08-01 20:53:57'),
(208049, 1, 1, 17, 6, '0.00', '4288.00', 1, 0, 1, 0, '2019-08-01 18:36:39', '2019-08-01 18:40:53'),
(208050, 116, 1, 19, 6, '0.00', '358.00', 1, 0, 1, 0, '2019-08-01 20:25:03', '2019-08-01 20:54:16'),
(208051, 166, 1, 19, 6, '0.00', '482.00', 1, 0, 1, 0, '2019-08-01 20:55:52', '2019-08-01 20:58:19'),
(208052, 167, 1, 19, 6, '0.00', '619.50', 1, 0, 1, 0, '2019-08-01 20:57:12', '2019-08-01 20:58:44'),
(208053, 168, 1, 15, 6, '0.00', '2265.00', 1, 0, 1, 0, '2019-08-01 21:06:14', '2019-08-01 21:07:16'),
(208054, 169, 1, 19, 6, '0.00', '463.00', 1, 0, 1, 0, '2019-08-01 21:10:48', '2019-08-01 21:13:27'),
(208055, 170, 1, 19, 6, '0.00', '454.00', 1, 0, 1, 0, '2019-08-01 21:12:48', '2019-08-01 21:14:49'),
(208056, 172, 1, 19, 6, '0.00', '30.00', 1, 0, 1, 0, '2019-08-01 21:18:56', '2019-08-01 21:22:26'),
(208057, 171, 1, 19, 6, '0.00', '219.00', 1, 0, 1, 0, '2019-08-01 21:25:35', '2019-08-01 21:36:33'),
(208058, 173, 1, 19, 6, '0.00', '0.00', 1, 1, 1, 0, '2019-08-01 21:38:16', '2019-08-01 21:40:48'),
(208059, 1, 1, 19, 6, '0.00', '950.00', 1, 0, 1, 0, '2019-08-01 21:41:15', '2019-08-01 21:50:41'),
(208060, 173, 1, 19, 6, '0.00', '950.00', 1, 0, 1, 0, '2019-08-01 21:50:31', '2019-08-01 21:51:46'),
(208061, 174, 1, 19, 6, '0.00', '0.00', 1, 1, 1, 0, '2019-08-01 21:54:36', '2019-08-01 21:56:41'),
(208062, 174, 1, 17, 6, '0.00', '14330.00', 1, 0, 1, 0, '2019-08-01 22:00:51', '2019-08-01 22:02:40'),
(208063, 1, 1, 19, 6, '0.00', '910.00', 1, 0, 1, 0, '2019-08-01 22:10:01', '2019-08-01 22:38:26'),
(208064, 175, 1, 19, 6, '0.00', '705.00', 1, 0, 1, 0, '2019-08-01 22:41:51', '2019-08-01 22:53:37'),
(208065, 86, 1, 17, 6, '0.00', '7955.00', 1, 0, 1, 0, '2019-08-01 22:42:05', '2019-08-01 22:46:04'),
(208066, 35, 1, 17, 6, '0.00', '11375.00', 1, 0, 1, 0, '2019-08-01 22:48:52', '2019-08-01 22:53:53'),
(208067, 72, 1, 19, 6, '0.00', '271.00', 1, 0, 1, 0, '2019-08-01 22:50:32', '2019-08-01 22:53:05'),
(208068, 89, 1, 17, 6, '0.00', '60835.00', 1, 0, 1, 0, '2019-08-01 22:52:13', '2019-08-01 22:54:12'),
(208069, 176, 1, 19, 6, '0.00', '933.00', 1, 0, 1, 0, '2019-08-01 22:54:50', '2019-08-01 22:56:45'),
(208070, 69, 1, 19, 6, '0.00', '650.50', 1, 0, 1, 0, '2019-08-01 22:58:11', '2019-08-01 22:59:29'),
(208071, 66, 1, 17, 6, '0.00', '7440.00', 1, 0, 1, 0, '2019-08-01 22:58:36', '2019-08-01 23:02:44'),
(208072, 71, 1, 19, 6, '0.00', '751.00', 1, 0, 1, 0, '2019-08-01 23:01:08', '2019-08-01 23:03:14'),
(208073, 25, 1, 19, 6, '0.00', '264.00', 1, 0, 1, 0, '2019-08-01 23:02:13', '2019-08-01 23:03:31'),
(208074, 44, 1, 17, 6, '0.00', '267100.00', 1, 0, 1, 0, '2019-08-01 23:02:58', '2019-08-01 23:04:25'),
(208075, 30, 1, 17, 6, '0.00', '3788.00', 1, 0, 1, 0, '2019-08-01 23:10:17', '2019-08-01 23:11:42'),
(208076, 1, 1, 19, 6, '0.00', '1681.00', 1, 0, 1, 0, '2019-08-01 23:10:48', '2019-08-01 23:12:05'),
(208077, 68, 1, 17, 6, '0.00', '88000.00', 1, 0, 1, 0, '2019-08-01 23:13:33', '2019-08-01 23:14:49'),
(208078, 27, 1, 19, 6, '0.00', '760.00', 1, 0, 1, 0, '2019-08-01 23:13:34', '2019-08-01 23:15:10'),
(208079, 27, 1, 19, 6, '0.00', '2200.00', 1, 0, 1, 0, '2019-08-01 23:18:17', '2019-08-01 23:20:15'),
(208080, 27, 1, 17, 6, '0.00', '1520.00', 1, 0, 1, 0, '2019-08-01 23:18:50', '2019-08-01 23:21:04'),
(208081, 25, 1, 17, 6, '0.00', '1148.00', 1, 0, 1, 0, '2019-08-01 23:22:16', '2019-08-01 23:30:18'),
(208082, 25, 1, 19, 6, '0.00', '897.00', 1, 0, 1, 0, '2019-08-01 23:30:32', '2019-08-01 23:31:58'),
(208083, 25, 1, 19, 6, '0.00', '152.50', 1, 0, 1, 0, '2019-08-01 23:42:36', '2019-08-01 23:49:51'),
(208084, 177, 1, 17, 6, '0.00', '2180.50', 1, 0, 1, 0, '2019-08-01 23:50:15', '2019-08-01 23:58:54'),
(208085, 177, 1, 17, 6, '0.00', '96.00', 1, 0, 1, 0, '2019-08-01 23:54:14', '2019-08-01 23:59:13'),
(208086, 128, 1, 17, 6, '0.00', '7278.00', 1, 0, 1, 0, '2019-08-01 23:58:50', '2019-08-02 00:01:43'),
(208087, 178, 1, 19, 6, '0.00', '2621.50', 1, 0, 1, 0, '2019-08-02 00:03:01', '2019-08-02 00:06:08'),
(208088, 25, 1, 19, 0, '0.00', '0.00', 0, 0, 0, 0, '2019-08-02 00:08:22', '2019-08-02 00:08:22'),
(208090, 71, 1, 19, 6, '0.00', '753.70', 1, 0, 1, 0, '2019-08-02 14:27:58', '2019-08-02 14:40:14'),
(208091, 113, 1, 17, 6, '0.00', '142449.00', 1, 0, 1, 0, '2019-08-02 14:28:13', '2019-08-02 14:40:47'),
(208092, 32, 1, 19, 6, '0.00', '592.00', 1, 0, 1, 0, '2019-08-02 14:29:09', '2019-08-02 14:44:13'),
(208093, 25, 1, 19, 6, '0.00', '4190.50', 1, 0, 1, 0, '2019-08-02 14:30:19', '2019-08-02 14:50:59'),
(208094, 99, 1, 17, 6, '0.00', '68116.50', 1, 0, 1, 0, '2019-08-02 14:31:17', '2019-08-02 14:54:57'),
(208095, 20, 1, 19, 6, '0.00', '1845.00', 1, 0, 1, 0, '2019-08-02 14:31:48', '2019-08-02 14:55:21'),
(208096, 1, 1, 19, 6, '0.00', '1073.20', 1, 0, 1, 0, '2019-08-02 14:33:08', '2019-08-02 14:55:41'),
(208097, 1, 1, 19, 6, '0.00', '10.00', 1, 0, 1, 0, '2019-08-02 14:34:51', '2019-08-02 14:55:58'),
(208098, 179, 1, 19, 6, '0.00', '30300.00', 1, 0, 1, 0, '2019-08-02 14:35:07', '2019-08-02 14:39:04'),
(208099, 117, 1, 17, 6, '0.00', '9125.00', 1, 0, 1, 0, '2019-08-02 14:37:31', '2019-08-02 14:56:21'),
(208100, 180, 1, 19, 6, '0.00', '0.00', 1, 1, 1, 0, '2019-08-02 14:43:46', '2019-08-02 14:46:20'),
(208101, 18, 1, 17, 6, '0.00', '2173.00', 1, 0, 1, 0, '2019-08-02 14:49:55', '2019-08-02 14:56:45'),
(208102, 76, 1, 19, 6, '0.00', '1592.80', 1, 0, 1, 0, '2019-08-02 15:03:26', '2019-08-02 15:04:51'),
(208103, 77, 1, 19, 6, '0.00', '2058.00', 1, 0, 1, 0, '2019-08-02 15:05:18', '2019-08-02 15:06:36'),
(208104, 154, 1, 17, 6, '0.00', '3000.00', 1, 0, 1, 0, '2019-08-02 15:06:49', '2019-08-02 15:07:37'),
(208105, 75, 1, 19, 6, '0.00', '1652.40', 1, 0, 1, 0, '2019-08-02 15:07:07', '2019-08-02 15:09:14'),
(208106, 53, 1, 17, 6, '0.00', '13594.00', 1, 0, 1, 0, '2019-08-02 15:09:21', '2019-08-02 15:13:54'),
(208107, 35, 1, 19, 6, '0.00', '3706.00', 1, 0, 1, 0, '2019-08-02 15:09:40', '2019-08-02 15:11:08'),
(208108, 38, 1, 17, 6, '0.00', '6201.00', 1, 0, 1, 0, '2019-08-02 15:11:32', '2019-08-02 15:14:16'),
(208109, 78, 1, 19, 6, '0.00', '3015.40', 1, 0, 1, 0, '2019-08-02 15:11:33', '2019-08-02 15:13:31'),
(208110, 181, 1, 17, 6, '0.00', '867.50', 1, 0, 1, 0, '2019-08-02 15:13:39', '2019-08-02 15:15:55'),
(208111, 28, 1, 19, 6, '0.00', '2812.00', 1, 0, 1, 0, '2019-08-02 15:14:41', '2019-08-02 15:16:22'),
(208112, 20, 1, 17, 6, '0.00', '4242.00', 1, 0, 1, 0, '2019-08-02 15:15:15', '2019-08-02 15:16:43'),
(208113, 1, 1, 19, 6, '0.00', '1200.00', 1, 0, 1, 0, '2019-08-02 15:17:01', '2019-08-02 15:18:34'),
(208114, 182, 1, 19, 6, '0.00', '3456.00', 1, 0, 1, 0, '2019-08-02 15:19:29', '2019-08-02 15:20:32'),
(208115, 73, 1, 15, 6, '0.00', '2280.00', 1, 0, 1, 0, '2019-08-02 15:21:42', '2019-08-02 15:23:21'),
(208116, 32, 1, 15, 6, '0.00', '2037.00', 1, 0, 1, 0, '2019-08-02 15:24:17', '2019-08-02 15:26:04'),
(208117, 24, 1, 15, 6, '0.00', '5641.00', 1, 0, 1, 0, '2019-08-02 15:26:15', '2019-08-02 15:28:53'),
(208118, 32, 1, 15, 6, '0.00', '5100.00', 1, 0, 1, 0, '2019-08-02 15:29:10', '2019-08-02 15:52:56');

/*!40101 SET CHARACTER_SET_CLIENT=@OLD_CHARACTER_SET_CLIENT */;
/*!40101 SET CHARACTER_SET_RESULTS=@OLD_CHARACTER_SET_RESULTS */;
/*!40101 SET COLLATION_CONNECTION=@OLD_COLLATION_CONNECTION */;
