"1","1","10012","3762.00","3762.00","3762.00","0.00"
"2","1","10140","15390.00","15390.00","15390.00","0.00"
"3","1","10146","7105.00","7105.00","7105.00","0.00"
"4","2","11057","5224.14","5224.14","5224.14","0.00"
"5","3","7842","4250.00","4250.00","3000.00","1250.00"
"6","4","11030","1150.00","1150.00","1150.00","0.00"
"7","5","11304","3074.50","74.50","74.50","0.00"
"8","6","10278","515.00","515.00","515.00","0.00"
"9","7","10390","2495.00","2495.00","2495.00","0.00"
"10","8","11397","3400.00","3400.00","1000.00","2400.00"
"11","9","7961","95.00","47.50","47.50","0.00"
"12","9","8150","840.00","420.00","420.00","0.00"
"13","9","8256","363.00","181.50","181.50","0.00"
"14","9","8366","5500.00","2750.00","851.00","1899.00"
"15","10","10367","5150.00","5150.00","5150.00","0.00"
"16","11","10503","1895.00","895.00","600.00","295.00"
"17","12","11197","4495.00","4495.00","4495.00","0.00"
"18","13","11278","6300.00","3300.00","950.00","2350.00"
"19","14","11397","3400.00","2400.00","200.00","2200.00"
"20","15","11397","3400.00","2200.00","100.00","2100.00"
"21","16","7842","4250.00","1250.00","1250.00","0.00"
"22","17","8366","5500.00","1899.00","1899.00","0.00"
"23","18","10527","1449.00","966.00","483.00","483.00"
"24","19","10527","1449.00","483.00","83.50","399.50"
"25","20","10877","11455.00","5000.00","5000.00","0.00"
"26","21","11650","240.00","240.00","240.00","0.00"
"27","22","5737","6100.00","225.00","225.00","0.00"
"28","22","5986","247.00","247.00","247.00","0.00"
"29","22","6392","200.00","200.00","200.00","0.00"
"30","22","7576","3050.00","1500.00","1500.00","0.00"
"31","22","7612","250.00","250.00","250.00","0.00"
"32","22","7883","195.00","195.00","195.00","0.00"
"33","23","9178","1950.99","1484.99","1484.99","0.00"
"34","23","9933","80.00","80.00","80.00","0.00"
"35","23","10465","25.00","25.00","25.00","0.00"
"36","23","11154","250.00","250.00","250.00","0.00"
"37","24","8391","350.00","150.00","150.00","0.00"
"38","24","9424","2500.00","1250.00","1250.00","0.00"
"39","25","9849","430.00","430.00","430.00","0.00"
"40","25","10379","49.00","49.00","49.00","0.00"
"41","26","11401","60.00","60.00","60.00","0.00"
"42","27","11428","1295.00","1295.00","1295.00","0.00"
"43","27","11694","20460.00","20460.00","19165.00","1295.00"
"44","28","10719","34124.00","34124.00","34124.00","0.00"
"45","28","10720","500.00","500.00","500.00","0.00"
"46","28","10972","2350.00","2350.00","2350.00","0.00"
"47","29","11397","3400.00","2100.00","500.00","1600.00"
"48","30","9580","1370.00","185.00","180.00","5.00"
"49","31","9580","1370.00","5.00","5.00","0.00"
"50","32","7517","216.00","216.00","216.00","0.00"
"51","33","8668","7225.00","7225.00","7225.00","0.00"
"52","34","10167","2380.00","1040.00","1040.00","0.00"
"53","34","11298","750.00","750.00","300.00","450.00"
"54","35","8245","5350.00","1300.00","1300.00","0.00"
"55","36","11522","4495.00","4495.00","3150.00","1345.00"
"56","37","11525","8195.00","8195.00","8195.00","0.00"
"57","38","11528","1375.00","1375.00","1375.00","0.00"
"58","39","9959","2366.00","2366.00","2366.00","0.00"
"59","40","11535","38.00","38.00","38.00","0.00"
"60","41","11863","44.00","44.00","44.00","0.00"
"61","42","10906","13892.24","8187.43","8187.43","0.00"
"62","42","10921","58708.83","58708.83","34608.47","24100.36"
"63","43","11384","811.00","811.00","811.00","0.00"
"64","43","11691","2130.00","2130.00","2130.00","0.00"
"65","43","11715","1150.00","1150.00","339.00","811.00"
"66","44","9687","4295.00","4295.00","4295.00","0.00"
"67","44","10122","8910.00","8910.00","8910.00","0.00"
"68","44","10632","9890.00","9890.00","9890.00","0.00"
"69","44","10922","23340.00","23340.00","23340.00","0.00"
"70","45","892","275.00","275.00","275.00","0.00"
"71","46","11533","1086.00","1086.00","1086.00","0.00"
"72","47","10707","215.00","215.00","215.00","0.00"
"73","48","11694","20460.00","1295.00","1295.00","0.00"
"74","49","11679","4050.00","3500.00","500.00","3000.00"
"75","50","11081","53069.00","53069.00","53069.00","0.00"
"76","51","11385","1152.25","1152.25","1152.25","0.00"
"77","52","11765","48.00","48.00","48.00","0.00"
"78","53","11804","3350.00","3350.00","1450.00","1900.00"
"79","54","11804","3350.00","1900.00","1900.00","0.00"
"80","55","11278","6300.00","2350.00","1700.00","650.00"
"85","57","10566","3800.00","3800.00","3800.00","0.00"
"86","57","10950","8575.00","8575.00","8575.00","0.00"
"87","57","11043","78650.00","78650.00","78650.00","0.00"
"88","57","11240","40110.00","40110.00","28975.00","11135.00"
"89","58","9947","10400.00","3400.00","3400.00","0.00"
"90","59","10795","3000.00","3000.00","3000.00","0.00"
"91","60","10760","300.00","300.00","300.00","0.00"
"92","60","11083","3000.00","3000.00","2700.00","300.00"
"93","61","10480","22098.00","22098.00","22098.00","0.00"
"94","61","11126","12580.00","12580.00","12580.00","0.00"
"95","62","10527","1449.00","399.50","399.50","0.00"
"96","62","11094","1300.00","1300.00","489.00","811.00"
"97","63","11541","49278.00","24278.00","24278.00","0.00"
"98","63","11920","8082.00","8082.00","8082.00","0.00"
"99","64","10889","155.00","155.00","45.00","110.00"
"100","65","11625","2813.00","2813.00","2813.00","0.00"
"101","66","8326","560.00","560.00","560.00","0.00"
"102","67","11278","6300.00","650.00","650.00","0.00"
"103","68","11632","3305.00","3305.00","3305.00","0.00"
"104","69","11679","4050.00","3000.00","500.00","2500.00"
"105","70","11870","260.00","260.00","260.00","0.00"
"106","71","10747","9145.00","9145.00","5000.00","4145.00"
"107","72","11998","2100.00","2100.00","2100.00","0.00"
"108","73","11085","30854.00","30854.00","30854.00","0.00"
"109","73","11339","4250.00","4250.00","4250.00","0.00"
"110","74","11036","5395.00","5395.00","5395.00","0.00"
"111","74","11246","7950.00","7950.00","2950.00","5000.00"
"112","75","10399","354.00","354.00","354.00","0.00"
"113","75","10651","250.00","250.00","46.00","204.00"
"114","76","10651","250.00","204.00","204.00","0.00"
"115","77","10889","155.00","110.00","110.00","0.00"
"116","77","11104","45.00","45.00","45.00","0.00"
"117","78","11228","150.00","150.00","150.00","0.00"
"118","78","11832","13294.00","13294.00","536.00","12758.00"
"119","79","1629","155.00","155.00","64.00","91.00"
"120","80","12003","2935.00","2935.00","2085.00","850.00"
"121","81","11991","519.00","519.00","519.00","0.00"
"122","81","12063","2550.00","2550.00","2550.00","0.00"
"123","82","10618","4849.00","4849.00","4849.00","0.00"
"124","82","10752","34208.00","34208.00","34208.00","0.00"
"125","83","11246","7950.00","5000.00","5000.00","0.00"
"126","83","11338","7150.00","7150.00","1200.00","5950.00"
"127","84","9710","6545.00","470.00","470.00","0.00"
"129","86","11832","11869.61","23738.61","11869.61","11869.00"
"130","87","11924","1153.00","1153.00","1100.00","53.00"
"131","88","12069","173.00","173.00","173.00","0.00"
"132","89","12003","2935.00","850.00","850.00","0.00"
"133","89","12191","846.00","51.00","51.00","0.00"
"134","90","11205","5600.00","5600.00","5600.00","0.00"
"135","90","11271","2850.00","2850.00","2850.00","0.00"
"136","90","11350","2030.00","2030.00","2030.00","0.00"
"137","91","11925","8814.00","8814.00","2500.00","6314.00"
"138","92","11083","3000.00","300.00","300.00","0.00"
"139","93","8577","4900.00","4900.00","4900.00","0.00"
"140","94","11504","1260.00","1260.00","1260.00","0.00"
"141","95","11933","68.00","68.00","68.00","0.00"
"142","95","12112","110.00","110.00","110.00","0.00"
"143","96","11855","73.00","73.00","73.00","0.00"
"144","97","12128","190.00","190.00","190.00","0.00"
"145","98","12202","199.00","199.00","199.00","0.00"
"146","98","12231","199.00","199.00","199.00","0.00"
"147","99","11685","700.00","700.00","700.00","0.00"
"148","100","11094","1300.00","811.00","811.00","0.00"
"149","101","11337","9399.00","9399.00","9399.00","0.00"
"150","101","11342","3100.00","3100.00","3100.00","0.00"
"151","102","11663","3450.00","3450.00","3450.00","0.00"
"152","103","11715","1150.00","811.00","811.00","0.00"
"153","103","12243","2393.00","2393.00","1582.00","811.00"
"154","104","10921","58708.83","24100.36","24100.36","0.00"
"155","104","11023","37626.09","37626.09","37626.09","0.00"
"156","104","11051","70156.17","70156.17","70156.17","0.00"
"157","104","11072","99797.25","99797.25","99797.25","0.00"
"158","104","11103","25684.01","25684.01","25684.01","0.00"
"159","104","11191","14092.48","14092.48","14092.48","0.00"
"160","104","11236","7980.88","7980.88","7980.88","0.00"
"161","104","11268","1777.53","1777.53","1777.53","0.00"
"162","104","11327","31393.13","31393.13","31393.13","0.00"
"163","104","11355","17684.89","17684.89","17684.89","0.00"
"164","104","11433","5332.59","5332.59","5332.59","0.00"
"165","104","11486","7877.97","7877.97","7877.97","0.00"
"166","104","11512","50217.01","50217.01","50217.01","0.00"
"167","104","11644","50939.66","50939.66","50939.66","0.00"
"168","104","11696","4485.22","4485.22","4485.22","0.00"
"169","104","11718","34200.01","34200.01","34200.01","0.00"
"170","104","11777","2307.15","2307.15","2307.15","0.00"
"171","104","11800","7649.04","7649.04","7649.04","0.00"
"172","104","11865","40403.75","40403.75","26082.33","14321.42"
"173","105","12131","225.00","225.00","225.00","0.00"
"174","106","11338","7150.00","5950.00","5950.00","0.00"
"175","106","11664","16250.00","16250.00","6250.00","10000.00"
"176","107","12367","2280.00","1280.00","1280.00","0.00"
"177","108","11397","3400.00","1600.00","600.00","1000.00"
"179","110","11692","7896.00","7896.00","7896.00","0.00"
"180","111","11925","8814.00","6314.00","2000.00","4314.00"
"181","112","11925","8814.00","4314.00","1850.00","2464.00"
"182","113","12206","995.00","995.00","995.00","0.00"
"183","114","11865","40403.75","14321.42","12831.31","1490.11"
"184","115","11865","40403.75","1490.11","1490.11","0.00"
"185","115","11926","14059.98","14059.98","877.58","13182.40"
"186","116","10503","1895.00","295.00","295.00","0.00"
"187","117","11269","20500.00","20500.00","20500.00","0.00"
"188","117","11437","4200.00","4200.00","4200.00","0.00"
"189","117","11643","27690.00","27690.00","300.00","27390.00"
"190","118","11886","14048.98","14048.98","14048.98","0.00"
"191","119","12391","5725.00","5725.00","5725.00","0.00"
"192","120","11924","1153.00","53.00","53.00","0.00"
"193","120","12120","1223.00","1223.00","1223.00","0.00"
"194","120","12187","235.00","235.00","235.00","0.00"
"195","121","12412","325.00","325.00","325.00","0.00"
"196","122","12481","3720.00","3720.00","3720.00","0.00"
"197","122","12589","822.00","822.00","822.00","0.00"
"198","123","12623","1850.00","1850.00","1850.00","0.00"
"199","124","11673","5149.00","5149.00","5149.00","0.00"
"200","124","11698","5600.00","5600.00","5600.00","0.00"
"201","124","11746","31959.00","31959.00","31959.00","0.00"
"202","124","11776","550.00","550.00","550.00","0.00"
"203","124","11871","7245.00","7245.00","7245.00","0.00"
"204","125","11240","40110.00","11135.00","11135.00","0.00"
"205","125","11518","5900.00","5900.00","5900.00","0.00"
"206","125","11872","17510.00","17510.00","17510.00","0.00"
"207","125","12375","25400.00","25400.00","15455.00","9945.00"
"208","126","11643","27690.00","27390.00","25000.00","2390.00"
"209","127","11643","27690.00","2390.00","2390.00","0.00"
"210","127","12018","10795.00","10795.00","10795.00","0.00"
"211","127","12273","2900.00","2900.00","2815.00","85.00"
"212","128","11487","14894.00","14894.00","14894.00","0.00"
"213","128","11516","500.00","500.00","500.00","0.00"
"214","129","11925","8814.00","2464.00","2464.00","0.00"
"215","130","11273","275.00","275.00","275.00","0.00"
"216","131","11892","536.00","536.00","536.00","0.00"
"217","132","11926","14059.98","13182.40","13182.40","0.00"
"218","132","12060","3339.44","3339.44","3339.44","0.00"
"219","132","12210","2549.68","2549.68","2549.68","0.00"
"220","132","12235","13655.29","13655.29","13655.29","0.00"
"221","132","12334","1017.56","1017.56","1017.56","0.00"
"222","132","12404","10991.54","10991.54","10991.54","0.00"
"223","132","12446","16686.76","16686.76","16686.76","0.00"
"224","132","12468","54291.95","54291.95","54291.95","0.00"
"225","132","12497","490.54","490.54","490.54","0.00"
"226","132","12552","13147.32","13147.32","13147.32","0.00"
"227","132","12584","12590.18","12590.18","12590.18","0.00"
"228","132","12622","13813.39","13813.20","13813.20","0.00"
"229","132","12673","597.80","597.80","597.80","0.00"
"230","132","12826","4891.10","4891.10","4891.10","0.00"
"231","132","12837","5505.88","5505.88","0.00","5505.88"
"232","133","12670","295.00","195.00","150.00","45.00"
"233","134","10747","9145.00","4145.00","3400.00","745.00"
"234","135","11664","16250.00","10000.00","10000.00","0.00"
"235","136","12559","3895.00","1895.00","900.00","995.00"
"236","137","12927","775.00","775.00","775.00","0.00"
"237","138","1629","155.00","91.00","91.00","0.00"
"238","138","6584","100.00","100.00","100.00","0.00"
"239","138","9969","140.00","140.00","140.00","0.00"
"240","138","12070","1280.00","1280.00","949.00","331.00"
"241","139","12837","5505.88","5505.88","5505.88","0.00"
"242","139","12890","16043.62","16043.62","7476.55","8567.07"
"243","140","12571","3000.00","3000.00","3000.00","0.00"
"244","141","12243","2393.00","811.00","811.00","0.00"
"245","141","12524","920.00","920.00","920.00","0.00"
"246","142","12991","895.00","895.00","895.00","0.00"
"247","143","12903","13950.00","1950.00","1950.00","0.00"
"248","143","13052","2108.50","2108.50","50.00","2058.50"
"249","144","12846","3140.00","2940.00","1470.00","1470.00"
"250","145","12760","33.00","33.00","33.00","0.00"
"251","146","11618","12994.00","12994.00","12994.00","0.00"
"252","147","11661","3315.00","3315.00","3315.00","0.00"
"253","148","12987","1570.00","1570.00","1570.00","0.00"
"254","149","12511","6070.00","5470.00","2800.00","2670.00"
"255","150","11717","4200.00","1700.00","566.67","1133.33"
"256","151","13139","328.92","328.92","328.92","0.00"
"257","152","13296","252.00","252.00","252.00","0.00"
"258","153","11928","8280.00","8280.00","8280.00","0.00"
"259","153","12175","6899.00","6899.00","6899.00","0.00"
"260","153","12207","4620.00","4620.00","4620.00","0.00"
"261","154","12890","16043.62","8567.07","8567.07","0.00"
"262","154","13058","30643.20","30643.20","14183.79","16459.41"
"263","155","12511","6070.00","2670.00","1000.00","1670.00"
"264","156","12070","1280.00","331.00","331.00","0.00"
"265","156","12992","380.00","380.00","380.00","0.00"
"266","156","12994","125.00","125.00","125.00","0.00"
"267","156","13059","1065.00","1065.00","229.00","836.00"
"268","157","6488","6600.00","500.00","500.00","0.00"
"269","158","13024","360.00","360.00","75.00","285.00"
"270","159","5887","4549.00","549.00","549.00","0.00"
"271","160","10930","170.00","170.00","170.00","0.00"
"272","160","12178","795.00","795.00","795.00","0.00"
"273","160","12360","795.00","795.00","795.00","0.00"
"274","160","12432","430.00","430.00","430.00","0.00"
"275","161","11298","750.00","450.00","450.00","0.00"
"276","161","11775","3150.00","3150.00","1550.00","1600.00"
"277","162","12988","270.00","270.00","270.00","0.00"
"278","163","13242","1534.00","1534.00","1534.00","0.00"
"279","164","13227","225.00","225.00","200.00","25.00"
"280","165","11522","4495.00","1345.00","500.00","845.00"
"281","166","12559","3895.00","995.00","995.00","0.00"
"282","166","12562","175.00","175.00","145.00","30.00"
"283","167","11409","6825.00","6825.00","6825.00","0.00"
"284","167","11524","6825.00","6825.00","6825.00","0.00"
"285","167","11529","6825.00","6825.00","6825.00","0.00"
"286","167","12553","15580.00","15580.00","15580.00","0.00"
"287","167","13220","6600.00","6600.00","6600.00","0.00"
"288","168","12562","175.00","30.00","30.00","0.00"
"289","169","13485","2080.00","2080.00","2080.00","0.00"
"290","170","10502","4800.00","4800.00","1000.00","3800.00"
"291","171","11397","3400.00","1000.00","500.00","500.00"
"292","172","13206","340.00","340.00","340.00","0.00"
"293","173","13442","479.00","479.00","479.00","0.00"
"294","173","13498","1772.00","1772.00","1772.00","0.00"
"295","173","13525","865.00","865.00","865.00","0.00"
"296","174","10502","4800.00","3800.00","1000.00","2800.00"
"297","175","13453","1980.00","1980.00","1980.00","0.00"
"299","177","12511","6070.00","1670.00","1670.00","0.00"
"300","178","13059","1065.00","836.00","380.00","456.00"
"301","179","12444","4500.00","4500.00","4500.00","0.00"
"302","179","12849","6829.00","6829.00","6829.00","0.00"
"303","180","13736","132.14","132.14","132.14","0.00"
"304","181","13809","4220.00","4220.00","4220.00","0.00"
"305","182","13842","500.00","100.00","100.00","0.00"
"306","183","13455","5245.00","5245.00","5245.00","0.00"
"307","184","11397","3400.00","500.00","200.00","300.00"
"308","185","11679","4050.00","2500.00","500.00","2000.00"
"309","186","11397","3400.00","300.00","300.00","0.00"
"310","187","12846","3140.00","1470.00","1470.00","0.00"
"311","188","13745","288.00","288.00","288.00","0.00"
"312","189","12136","585.00","585.00","585.00","0.00"
"313","189","12193","225.00","225.00","225.00","0.00"
"314","189","12667","1075.00","1075.00","1075.00","0.00"
"315","189","12854","3180.00","3180.00","3180.00","0.00"
"316","189","12932","250.00","250.00","250.00","0.00"
"317","190","12670","295.00","45.00","45.00","0.00"
"318","191","13059","1065.00","456.00","456.00","0.00"
"319","191","13481","1325.00","1325.00","839.00","486.00"
"320","192","11672","5050.00","5050.00","1000.00","4050.00"
"321","193","13052","2108.50","2058.50","500.00","1558.50"
"322","194","13346","4700.00","4700.00","1000.00","3700.00"
"323","195","12688","575.00","575.00","505.00","70.00"
"324","196","13428","238.00","238.00","238.00","0.00"
"325","196","13925","185.00","185.00","185.00","0.00"
"326","197","13130","9390.00","9390.00","9390.00","0.00"
"327","198","12375","25400.00","9945.00","9945.00","0.00"
"328","198","12615","3050.00","3050.00","3050.00","0.00"
"329","198","12680","8850.00","8850.00","8850.00","0.00"
"330","198","13221","24000.00","24000.00","24000.00","0.00"
"331","198","13229","1785.00","1785.00","1785.00","0.00"
"332","198","13390","62855.00","62855.00","12370.00","50485.00"
"333","199","13936","475.00","475.00","475.00","0.00"
"334","200","13757","956.00","956.00","956.00","0.00"
"335","201","14002","9030.00","9030.00","9030.00","0.00"
"336","201","14114","160.00","160.00","160.00","0.00"
"337","202","12273","2900.00","85.00","85.00","0.00"
"338","202","12411","3755.00","3755.00","3755.00","0.00"
"339","202","12634","15655.00","15655.00","15655.00","0.00"
"340","203","12878","750.00","750.00","750.00","0.00"
"341","203","13680","4295.00","4295.00","4295.00","0.00"
"342","204","13390","62855.00","50485.00","50485.00","0.00"
"343","204","13669","68476.00","68476.00","68476.00","0.00"
"344","204","13741","17000.00","17000.00","11039.00","5961.00"
"348","206","13027","5540.00","5540.00","5540.00","0.00"
"349","206","13293","6549.00","6549.00","6549.00","0.00"
"350","206","13294","8600.00","8600.00","8600.00","0.00"
"351","207","11047","450.00","450.00","450.00","0.00"
"352","208","261","2948.00","2548.00","200.00","2348.00"
"353","209","13328","3970.00","920.00","450.00","470.00"
"354","210","14209","1000.00","800.00","800.00","0.00"
"355","211","12835","235.00","235.00","235.00","0.00"
"356","211","13080","4000.00","4000.00","4000.00","0.00"
"357","212","13811","795.00","795.00","795.00","0.00"
"358","213","11672","5050.00","4050.00","1200.00","2850.00"
"359","214","12899","40.00","40.00","40.00","0.00"
"360","214","13085","284.00","284.00","284.00","0.00"
"361","214","13125","54.00","54.00","54.00","0.00"
"362","215","13556","66.00","66.00","66.00","0.00"
"363","216","13230","144.00","144.00","144.00","0.00"
"364","217","13481","1325.00","486.00","82.00","404.00"
"366","219","14250","611.61","611.61","611.61","0.00"
"367","220","14331","680.00","680.00","680.00","0.00"
"368","221","6256","310.00","310.00","310.00","0.00"
"369","222","10754","1465.00","1465.00","1465.00","0.00"
"370","222","10886","3930.00","3930.00","3930.00","0.00"
"371","222","11325","2475.00","2475.00","2475.00","0.00"
"372","222","12184","395.00","395.00","395.00","0.00"
"373","222","12409","550.00","550.00","550.00","0.00"
"374","222","12610","7584.00","7584.00","6140.00","1444.00"
"375","223","14128","515.00","515.00","515.00","0.00"
"376","223","14249","190.00","190.00","190.00","0.00"
"377","224","13674","3475.00","2475.00","1000.00","1475.00"
"378","225","10502","4800.00","2800.00","1000.00","1800.00"
"379","226","4861","16616.00","9616.00","4500.00","5116.00"
"380","227","14112","3550.00","3550.00","1500.00","2050.00"
"381","228","14192","3717.50","3717.50","3717.50","0.00"
"382","229","13328","3970.00","470.00","470.00","0.00"
"383","230","12688","575.00","70.00","70.00","0.00"
"384","230","13697","222.00","222.00","222.00","0.00"
"385","231","13675","275.00","275.00","275.00","0.00"
"386","232","14182","5895.00","5895.00","5895.00","0.00"
"387","233","14391","3175.00","3175.00","3175.00","0.00"
"388","234","14197","3750.00","3750.00","937.50","2812.50"
"389","235","14463","958.00","958.00","958.00","0.00"
"390","236","11679","4050.00","2000.00","500.00","1500.00"
"391","237","13346","4700.00","3700.00","2000.00","1700.00"
"392","238","13346","4700.00","1700.00","1700.00","0.00"
"393","239","13770","125.00","125.00","125.00","0.00"
"394","239","14224","175.00","175.00","175.00","0.00"
"395","239","14434","41.00","41.00","41.00","0.00"
"396","239","14596","150.00","150.00","150.00","0.00"
"397","240","13324","40.00","40.00","40.00","0.00"
"398","241","10747","9145.00","745.00","745.00","0.00"
"399","241","11089","4500.00","4500.00","3792.95","707.05"
"400","242","14112","3550.00","2050.00","2050.00","0.00"
"401","243","13577","6900.00","6900.00","6900.00","0.00"
"402","243","13657","4180.00","4180.00","4180.00","0.00"
"403","243","13754","4295.00","4295.00","4295.00","0.00"
"409","245","14761","765.00","365.00","100.00","265.00"
"410","246","12838","3895.00","3895.00","3895.00","0.00"
"411","246","13411","23784.00","23784.00","23784.00","0.00"
"412","246","13414","5599.00","5599.00","5599.00","0.00"
"413","246","13415","375.00","375.00","375.00","0.00"
"414","246","13659","200.00","200.00","200.00","0.00"
"415","247","14799","579.00","579.00","579.00","0.00"
"416","247","14861","1046.00","1046.00","1046.00","0.00"
"417","248","14579","228.00","228.00","228.00","0.00"
"418","249","14860","2130.00","2130.00","2130.00","0.00"
"419","250","14448","2320.00","2320.00","1320.00","1000.00"
"420","251","14448","2320.00","1000.00","1000.00","0.00"
"421","252","14761","765.00","265.00","265.00","0.00"
"422","252","14844","1900.00","1900.00","835.00","1065.00"
"423","253","13024","360.00","285.00","285.00","0.00"
"424","254","13776","1050.00","1050.00","1050.00","0.00"
"425","255","14809","60693.57","60693.57","60693.57","0.00"
"426","256","14785","3681.00","3681.00","3681.00","0.00"
"427","257","13694","12000.00","12000.00","12000.00","0.00"
"428","257","14014","4500.00","4500.00","150.00","4350.00"
"429","258","14014","4500.00","4350.00","4350.00","0.00"
"430","259","14462","5347.00","5347.00","5347.00","0.00"
"431","260","13227","225.00","25.00","25.00","0.00"
"432","260","14384","180.00","180.00","100.00","80.00"
"433","261","15144","3795.00","3795.00","3795.00","0.00"
"434","262","10076","415.00","415.00","415.00","0.00"
"435","262","12241","400.00","400.00","400.00","0.00"
"436","262","13958","130.00","130.00","130.00","0.00"
"437","262","14142","11750.00","11750.00","11750.00","0.00"
"438","262","14477","23500.00","23500.00","23500.00","0.00"
"439","263","14891","494.00","494.00","494.00","0.00"
"440","264","14965","2900.00","2900.00","2900.00","0.00"
"441","265","13674","3475.00","1475.00","700.00","775.00"
"442","266","13944","6200.00","6200.00","6200.00","0.00"
"443","266","13949","5500.00","5500.00","5500.00","0.00"
"444","266","14012","5500.00","5500.00","5500.00","0.00"
"445","266","14013","5995.00","5995.00","5995.00","0.00"
"446","266","14153","250.00","250.00","250.00","0.00"
"447","267","14332","4095.00","4095.00","4095.00","0.00"
"455","270","13069","21875.00","21875.00","20905.00","970.00"
"456","271","13741","17000.00","5961.00","5961.00","0.00"
"457","271","13793","18035.00","18035.00","18035.00","0.00"
"458","271","13929","5361.00","5361.00","5361.00","0.00"
"459","271","14488","57090.00","57090.00","35643.00","21447.00"
"463","273","14476","11600.00","11600.00","11600.00","0.00"
"464","273","14489","3775.00","3775.00","3775.00","0.00"
"465","273","14534","4500.00","4500.00","4500.00","0.00"
"466","274","14197","3750.00","2812.50","990.00","1822.50"
"467","275","11717","4200.00","1133.33","1133.33","0.00"
"468","276","13069","21875.00","970.00","970.00","0.00"
"469","276","13247","4840.00","4840.00","4840.00","0.00"
"470","276","13404","670.00","670.00","670.00","0.00"
"471","276","13930","4200.00","4200.00","4200.00","0.00"
"472","276","14081","825.00","825.00","825.00","0.00"
"473","276","14802","15343.00","15343.00","13495.00","1848.00"
"481","278","11089","4500.00","707.05","707.05","0.00"
"482","278","12880","600.00","600.00","600.00","0.00"
"483","278","12881","440.00","440.00","440.00","0.00"
"484","278","13429","749.00","749.00","749.00","0.00"
"485","278","14680","14050.00","14050.00","14050.00","0.00"
"486","278","15319","762.00","762.00","762.00","0.00"
"487","278","15629","110.00","110.00","110.00","0.00"
"488","279","15610","475.00","225.00","225.00","0.00"
"489","280","12900","3250.00","3250.00","2650.00","600.00"
"490","281","14512","3995.00","3995.00","3995.00","0.00"
"491","282","12349","3220.00","3220.00","3220.00","0.00"
"495","286","14495","3675.00","1837.25","1837.25","0.00"
"496","287","14844","1900.00","1065.00","1065.00","0.00"
"497","288","15556","3035.00","3035.00","3035.00","0.00"
"498","289","261","2948.00","2348.00","150.00","2198.00"
"499","290","10502","4800.00","1800.00","1000.00","800.00"
"500","291","14197","3750.00","1822.50","950.00","872.50"
"501","292","261","2948.00","2198.00","100.00","2098.00"
"502","293","11679","4050.00","1500.00","500.00","1000.00"
"503","294","11775","3150.00","1600.00","1600.00","0.00"
"504","295","14384","180.00","80.00","80.00","0.00"
"505","295","15387","3000.00","2500.00","920.00","1580.00"
"510","297","15224","493.00","493.00","493.00","0.00"
"511","297","15308","1500.00","1500.00","1500.00","0.00"
"512","297","15654","9949.00","9949.00","8706.00","1243.00"
"513","298","13481","1325.00","404.00","404.00","0.00"
"514","298","14790","556.00","556.00","222.00","334.00"
"515","299","15322","2200.00","2200.00","2200.00","0.00"
"516","300","15831","60000.00","60000.00","60000.00","0.00"
"517","301","15957","2500.00","1500.00","1500.00","0.00"
"518","302","15943","151.00","151.00","151.00","0.00"
"519","303","14652","6250.00","6250.00","3200.00","3050.00"
"520","304","5256","729.00","729.00","729.00","0.00"
"526","310","14536","314.00","314.00","314.00","0.00"
"527","311","15930","1860.00","1860.00","1860.00","0.00"
"528","312","15999","338.00","338.00","338.00","0.00"
"530","314","14223","450.00","400.00","50.00","350.00"
"531","315","15880","1647.00","1647.00","1647.00","0.00"
"532","316","13991","29465.00","29465.00","10000.00","19465.00"
"533","317","14874","4795.00","4795.00","4795.00","0.00"
"534","318","15933","1252.00","1252.00","1252.00","0.00"
"535","319","15364","748.00","748.00","748.00","0.00"
"536","319","15408","440.00","440.00","440.00","0.00"
"538","321","15064","6420.00","5420.00","1700.00","3720.00"
"539","322","11522","4495.00","845.00","400.00","445.00"
"540","323","16155","530.00","530.00","530.00","0.00"
"541","324","16241","308.04","308.04","308.04","0.00"
"545","328","15721","330.00","330.00","330.00","0.00"
"549","332","14580","4200.00","4200.00","4200.00","0.00"
"550","332","14661","10550.00","10550.00","10550.00","0.00"
"551","332","14667","2900.00","2900.00","2900.00","0.00"
"552","332","14702","3000.00","3000.00","3000.00","0.00"
"553","332","14767","7550.00","7550.00","7550.00","0.00"
"554","332","14830","4100.00","4100.00","4100.00","0.00"
"555","332","14851","5795.00","5795.00","5795.00","0.00"
"556","332","14900","5800.00","5800.00","5800.00","0.00"
"557","332","14972","7275.00","7275.00","4375.00","2900.00"
"558","333","11858","150.00","150.00","150.00","0.00"
"559","334","16304","2850.00","2850.00","2850.00","0.00"
"563","338","15903","200.00","200.00","200.00","0.00"
"564","339","15537","3695.00","3695.00","3695.00","0.00"
"565","339","15567","96.00","96.00","96.00","0.00"
"566","340","16277","300.00","300.00","300.00","0.00"
"567","341","16376","66.00","66.00","66.00","0.00"
"568","342","14223","450.00","400.00","400.00","0.00"
"571","344","14019","6025.00","6025.00","6025.00","0.00"
"572","344","14565","16380.00","16380.00","16380.00","0.00"
"573","345","14972","7275.00","2900.00","2900.00","0.00"
"574","346","14838","549.00","549.00","549.00","0.00"
"575","347","16235","385.00","385.00","385.00","0.00"
"576","348","15866","110.00","110.00","110.00","0.00"
"577","349","15261","118.00","118.00","118.00","0.00"
"578","349","15963","325.00","325.00","325.00","0.00"
"579","349","16237","288.00","288.00","257.00","31.00"
"580","350","15366","2350.00","2350.00","800.00","1550.00"
"581","351","16574","165.00","165.00","165.00","0.00"
"582","352","15366","2350.00","1550.00","1445.00","105.00"
"583","353","15262","2620.00","2620.00","2620.00","0.00"
"584","354","15288","11070.00","11070.00","11070.00","0.00"
"585","354","15328","15700.00","15700.00","15700.00","0.00"
"586","354","15433","7385.00","7385.00","7385.00","0.00"
"587","354","15437","6000.00","6000.00","6000.00","0.00"
"588","355","14779","105.00","105.00","105.00","0.00"
"589","355","14780","5350.00","2400.00","2400.00","0.00"
"590","356","15064","6420.00","3720.00","950.00","2770.00"
"591","357","16618","450.00","450.00","450.00","0.00"
"592","358","16422","1239.00","290.00","290.00","0.00"
"593","359","15387","3000.00","1580.00","500.00","1080.00"
"594","360","15406","9781.00","9781.00","6000.00","3781.00"
"595","361","11679","4050.00","1000.00","500.00","500.00"
"596","362","16819","3795.00","295.00","295.00","0.00"
"597","363","16396","957.00","957.00","957.00","0.00"
"598","364","16563","6435.00","6435.00","1460.00","4975.00"
"600","366","14197","3750.00","872.50","872.50","0.00"
"601","367","14791","5099.00","2499.00","2499.00","0.00"
"602","368","15366","2350.00","105.00","105.00","0.00"
"603","369","16048","239.00","239.00","239.00","0.00"
"609","371","15654","9949.00","1243.00","1243.00","0.00"
"610","371","15904","450.00","450.00","450.00","0.00"
"611","371","16315","1079.00","1079.00","689.00","390.00"
"612","372","16930","300.00","300.00","150.00","150.00"
"613","373","16728","514.00","514.00","514.00","0.00"
"614","374","15850","185.00","185.00","185.00","0.00"
"615","374","15948","999.00","174.00","174.00","0.00"
"616","374","16636","2889.00","2889.00","2889.00","0.00"
"617","375","16981","6869.00","1000.00","1000.00","0.00"
"620","378","16764","4232.00","4232.00","4200.00","32.00"
"621","379","16764","4232.00","32.00","32.00","0.00"
"622","380","16269","559.00","559.00","559.00","0.00"
"623","381","16855","1650.00","1650.00","1650.00","0.00"
"624","382","16537","2444.00","2444.00","2444.00","0.00"
"625","383","16682","3645.00","3645.00","3645.00","0.00"
"626","384","13971","9390.00","9390.00","9390.00","0.00"
"627","384","14532","4908.00","4908.00","4908.00","0.00"
"628","385","14659","675.00","675.00","675.00","0.00"
"629","385","15081","350.00","350.00","350.00","0.00"
"630","385","15340","350.00","350.00","350.00","0.00"
"631","386","14488","57090.00","21447.00","21447.00","0.00"
"632","386","14678","4000.00","4000.00","4000.00","0.00"
"633","386","15153","57890.00","57890.00","10950.00","46940.00"
"634","387","15153","57890.00","46940.00","46940.00","0.00"
"635","387","15287","18750.00","18750.00","3060.00","15690.00"
"636","388","16865","600.00","404.00","404.00","0.00"
"637","389","16919","1990.00","1990.00","1990.00","0.00"
"638","390","16637","530.00","530.00","530.00","0.00"
"639","391","15752","78.00","78.00","78.00","0.00"
"640","391","17221","300.00","300.00","222.00","78.00"
"641","392","17106","325.00","25.00","25.00","0.00"
"642","393","17256","2555.95","2555.95","2555.95","0.00"
"647","396","16563","6435.00","4975.00","4975.00","0.00"
"648","396","16749","1460.00","1460.00","1460.00","0.00"
"649","397","15064","6420.00","2770.00","2400.00","370.00"
"650","398","15612","7749.00","7749.00","1000.00","6749.00"
"651","399","15064","6420.00","370.00","370.00","0.00"
"652","400","12719","825.00","825.00","825.00","0.00"
"653","401","17181","244.00","244.00","244.00","0.00"
"654","402","14790","556.00","334.00","334.00","0.00"
"655","402","15497","88.00","88.00","88.00","0.00"
"656","403","16413","3908.00","3908.00","3908.00","0.00"
"657","404","16316","3650.00","3650.00","3650.00","0.00"
"658","404","16362","1564.00","1564.00","212.00","1352.00"
"659","405","4861","16616.00","5116.00","5116.00","0.00"
"666","410","15541","3000.00","3000.00","3000.00","0.00"
"667","411","16018","7815.00","7815.00","7815.00","0.00"
"668","411","16089","18040.00","18040.00","18040.00","0.00"
"669","411","16238","5000.00","5000.00","5000.00","0.00"
"670","412","16262","135.00","135.00","135.00","0.00"
"671","412","16293","180.00","180.00","180.00","0.00"
"672","412","16295","70.00","70.00","70.00","0.00"
"673","412","16466","9225.00","9225.00","9225.00","0.00"
"674","413","17498","5773.00","4573.00","4573.00","0.00"
"675","414","15789","800.00","800.00","800.00","0.00"
"676","415","16407","400.00","400.00","400.00","0.00"
"677","415","16511","750.00","750.00","750.00","0.00"
"678","415","16665","295.00","295.00","295.00","0.00"
"679","416","16362","1564.00","1352.00","1352.00","0.00"
"680","416","16405","394.00","394.00","394.00","0.00"
"681","416","16592","2535.00","2535.00","1223.00","1312.00"
"682","417","17892","900.00","900.00","900.00","0.00"
"683","418","17414","695.00","695.00","695.00","0.00"
"684","419","16361","47000.00","47000.00","47000.00","0.00"
"685","420","15612","7749.00","6749.00","2250.00","4499.00"
"686","421","17661","723.00","173.00","173.00","0.00"
"687","422","17934","325.00","325.00","325.00","0.00"
"688","423","16880","4800.00","4800.00","4800.00","0.00"
"689","424","16887","180.00","180.00","180.00","0.00"
"690","425","17343","1500.00","1500.00","1500.00","0.00"
"691","426","14652","6250.00","3050.00","3050.00","0.00"
"692","427","17456","275.00","275.00","275.00","0.00"
"693","428","17889","3449.00","1949.00","1949.00","0.00"
"694","429","14695","622.00","622.00","59.00","563.00"
"695","430","15621","190.00","190.00","190.00","0.00"
"696","430","17428","1380.00","1380.00","1190.00","190.00"
"703","435","17221","300.00","78.00","78.00","0.00"
"704","435","17301","1482.00","1482.00","1482.00","0.00"
"705","436","17949","7300.00","7300.00","4000.00","3300.00"
"706","437","17949","7300.00","3300.00","3300.00","0.00"
"707","437","17974","3895.00","3895.00","680.00","3215.00"
"709","439","17974","3895.00","3215.00","3215.00","0.00"
"710","440","16842","2550.00","2550.00","2550.00","0.00"
"711","441","14802","15343.00","1848.00","1848.00","0.00"
"712","442","14953","7100.00","7100.00","7100.00","0.00"
"713","442","15614","14109.00","14109.00","14109.00","0.00"
"714","442","16056","4900.00","4900.00","4900.00","0.00"
"715","443","16592","2535.00","1312.00","1312.00","0.00"
"716","443","16594","1327.00","1327.00","1327.00","0.00"
"717","443","16630","785.00","785.00","686.00","99.00"
"718","444","18022","4218.00","4218.00","4218.00","0.00"
"719","445","16561","595.00","595.00","595.00","0.00"
"720","446","17950","179.00","179.00","179.00","0.00"
"721","447","13571","3950.00","3950.00","3950.00","0.00"
"722","448","12610","7584.00","1444.00","1444.00","0.00"
"723","448","12973","1100.00","1100.00","1100.00","0.00"
"724","448","13010","4350.00","4350.00","4350.00","0.00"
"725","448","13072","2025.00","2025.00","2025.00","0.00"
"726","448","14146","350.00","350.00","350.00","0.00"
"727","448","14390","29982.00","29982.00","6847.00","23135.00"
"728","449","18235","3489.00","240.00","240.00","0.00"
"729","450","18208","765.00","765.00","765.00","0.00"
"730","451","17251","504.00","504.00","504.00","0.00"
"732","453","16315","1079.00","15.00","15.00","0.00"
"733","453","16634","980.00","980.00","360.00","620.00"
"734","454","18365","1780.00","1780.00","1780.00","0.00"
"735","455","15612","7749.00","4499.00","2250.00","2249.00"
"736","456","17061","1120.00","1120.00","1120.00","0.00"
"737","457","18350","2008.04","2008.04","2008.04","0.00"
"738","458","15557","6712.00","5212.00","3000.00","2212.00"
"739","459","15557","6712.00","2212.00","1000.00","1212.00"
"740","460","15557","6712.00","1212.00","500.00","712.00"
"741","461","18406","870.00","870.00","870.00","0.00"
"742","462","16464","3712.00","3712.00","11.00","3701.00"
"743","463","16930","300.00","150.00","150.00","0.00"
"744","464","261","2948.00","2098.00","500.00","1598.00"
"745","465","16237","288.00","31.00","31.00","0.00"
"746","465","17147","68.00","68.00","68.00","0.00"
"747","465","17359","120.00","120.00","120.00","0.00"
"748","465","17429","285.00","285.00","281.00","4.00"
"749","466","18229","884.00","884.00","884.00","0.00"
"750","467","18461","5570.00","5570.00","5570.00","0.00"
"754","470","16630","785.00","99.00","99.00","0.00"
"755","470","16922","3325.00","3325.00","1025.00","2300.00"
"756","471","18260","1350.00","1350.00","675.00","675.00"
"758","473","16635","132.00","132.00","132.00","0.00"
"759","473","18465","700.00","700.00","568.00","132.00"
"760","474","18336","1050.00","1050.00","1050.00","0.00"
"761","474","18411","235.00","235.00","235.00","0.00"
"762","475","18473","2444.00","2444.00","2444.00","0.00"
"764","477","18260","1350.00","675.00","675.00","0.00"
"765","478","16922","3325.00","2300.00","1520.00","780.00"
"766","479","18465","700.00","132.00","132.00","0.00"
"767","480","16379","3800.00","3800.00","3800.00","0.00"
"768","480","18054","205.00","205.00","205.00","0.00"
"769","481","15287","18750.00","15690.00","15690.00","0.00"
"770","481","15378","6800.00","6800.00","6800.00","0.00"
"771","481","16403","17210.00","17210.00","17210.00","0.00"
"772","481","16473","6975.00","6975.00","6975.00","0.00"
"773","481","16523","2558.00","2558.00","2558.00","0.00"
"774","482","18715","1445.00","695.00","695.00","0.00"
"775","483","18580","1846.00","1846.00","1846.00","0.00"
"776","484","19384","2785.50","785.50","785.50","0.00"
"777","485","18921","799.00","799.00","799.00","0.00"
"778","485","19348","799.00","799.00","799.00","0.00"
"779","486","11679","4050.00","500.00","500.00","0.00"
"780","487","18459","3000.00","3000.00","3000.00","0.00"
"781","487","18766","1390.00","1390.00","1390.00","0.00"
"782","488","18153","2750.00","2750.00","2750.00","0.00"
"783","488","18401","275.00","275.00","275.00","0.00"
"784","488","18740","165.00","165.00","165.00","0.00"
"785","489","17932","559.00","559.00","559.00","0.00"
"786","489","18435","2860.00","2860.00","2301.00","559.00"
"787","490","17931","59.00","59.00","59.00","0.00"
"788","490","18629","5400.00","5400.00","5341.00","59.00"
"789","491","18711","1474.00","1474.00","1474.00","0.00"
"790","492","18440","99.00","99.00","99.00","0.00"
"791","493","19678","4650.00","4650.00","4650.00","0.00"
"792","494","16870","2013.00","2013.00","1000.00","1013.00"
"793","495","18482","398.00","398.00","398.00","0.00"
"794","495","18730","122.00","122.00","2.00","120.00"
"795","496","16641","7480.00","7480.00","7480.00","0.00"
"796","496","17032","6799.00","6799.00","6799.00","0.00"
"797","496","18000","8520.00","8520.00","8520.00","0.00"
"798","497","15612","7749.00","2249.00","2249.00","0.00"
"799","498","17510","14812.00","14812.00","14812.00","0.00"
"800","499","16367","225.00","225.00","225.00","0.00"
"802","501","18520","480.00","480.00","480.00","0.00"
"803","502","18720","4773.00","4773.00","4773.00","0.00"
"804","503","18721","5570.00","5570.00","5570.00","0.00"
"805","504","19743","161.00","161.00","161.00","0.00"
"806","505","18856","235.70","235.70","235.70","0.00"
"807","506","16642","250.00","250.00","250.00","0.00"
"808","506","16656","6150.00","6150.00","6150.00","0.00"
"809","506","16816","4430.00","4430.00","4430.00","0.00"
"810","506","17108","5000.00","5000.00","5000.00","0.00"
"811","506","17195","5519.00","5519.00","5519.00","0.00"
"812","506","17289","140.00","140.00","140.00","0.00"
"813","506","17312","70.00","70.00","70.00","0.00"
"814","507","17590","9930.00","9930.00","9930.00","0.00"
"815","507","18249","275.00","275.00","275.00","0.00"
"816","507","18354","7079.00","7079.00","7079.00","0.00"
"817","508","16390","2500.00","2500.00","2500.00","0.00"
"818","509","18475","1140.00","1140.00","1140.00","0.00"
"819","510","19884","132.00","132.00","132.00","0.00"
"820","511","19733","565.00","565.00","565.00","0.00"
"821","512","19703","584.55","584.55","584.55","0.00"
"822","513","17308","350.00","350.00","350.00","0.00"
"823","514","17101","213.00","213.00","150.00","63.00"
"824","515","13052","2108.50","1558.50","1400.00","158.50"
"825","516","19896","7000.00","7000.00","2500.00","4500.00"
"826","517","18859","395.00","395.00","395.00","0.00"
"827","518","20215","649.00","649.00","649.00","0.00"
"828","519","18262","85.00","85.00","85.00","0.00"
"829","520","15387","3000.00","1080.00","500.00","580.00"
"830","521","20064","5398.00","5398.00","5398.00","0.00"
"831","522","17428","1380.00","190.00","190.00","0.00"
"832","522","19982","3253.00","3253.00","3063.00","190.00"
"833","523","18342","2217.00","2217.00","2217.00","0.00"
"834","523","18437","793.00","793.00","793.00","0.00"
"835","523","18464","1929.00","1929.00","1929.00","0.00"
"836","524","15406","9781.00","3781.00","3781.00","0.00"
"837","525","18453","8764.00","8764.00","8764.00","0.00"
"838","525","18639","5000.00","5000.00","5000.00","0.00"
"839","525","18769","4419.00","4419.00","4419.00","0.00"
"840","525","18867","34595.00","34595.00","34595.00","0.00"
"841","525","18898","15700.00","15700.00","15700.00","0.00"
"842","525","18917","500.00","500.00","500.00","0.00"
"843","526","19949","15735.00","15735.00","15735.00","0.00"
"844","527","17358","800.00","800.00","800.00","0.00"
"845","528","18730","122.00","120.00","120.00","0.00"
"846","528","19692","5000.00","3000.00","133.00","2867.00"
"847","529","19692","5000.00","2867.00","1500.00","1367.00"
"848","530","16922","3325.00","780.00","780.00","0.00"
"849","530","18123","1520.00","1520.00","1520.00","0.00"
"850","530","18772","1275.00","1275.00","396.00","879.00"
"851","531","18866","185.00","185.00","185.00","0.00"
"853","533","20465","6600.00","6600.00","1000.00","5600.00"
"854","534","20385","737.00","437.00","250.00","187.00"
"855","535","13052","2108.50","158.50","158.50","0.00"
"856","536","19692","5000.00","1367.00","700.00","667.00"
"857","537","20774","200.00","200.00","200.00","0.00"
"858","538","16433","675.00","675.00","675.00","0.00"
"859","538","20982","3739.00","3739.00","1325.00","2414.00"
"860","539","15557","6712.00","712.00","700.00","12.00"
"862","541","21052","10450.00","10450.00","10450.00","0.00"
"871","544","18352","5255.00","5255.00","5255.00","0.00"
"872","544","18449","320.00","320.00","320.00","0.00"
"873","544","18723","2795.00","2795.00","2795.00","0.00"
"874","544","18758","215.00","215.00","215.00","0.00"
"875","545","19766","140.00","140.00","100.00","40.00"
"876","546","17143","175.00","175.00","175.00","0.00"
"877","546","17458","100.00","100.00","100.00","0.00"
"878","546","18751","1800.00","1800.00","1800.00","0.00"
"879","547","18605","176.00","176.00","176.00","0.00"
"880","547","18663","629.00","629.00","629.00","0.00"
"881","547","19714","267.00","267.00","267.00","0.00"
"882","547","19760","1745.00","1745.00","1745.00","0.00"
"883","548","19675","18380.00","18380.00","18380.00","0.00"
"884","548","19740","5675.00","5675.00","5675.00","0.00"
"885","549","18558","15813.00","15813.00","15813.00","0.00"
"886","549","19669","4090.00","4090.00","4090.00","0.00"
"887","550","20465","6600.00","5600.00","1200.00","4400.00"
"888","551","19982","3253.00","190.00","190.00","0.00"
"889","551","20211","2549.00","2549.00","2359.00","190.00"
"890","552","20249","650.00","650.00","650.00","0.00"
"891","553","20465","6600.00","4400.00","1200.00","3200.00"
"892","554","20859","1300.00","1300.00","1300.00","0.00"
"893","555","20211","2549.00","190.00","130.00","60.00"
"894","556","21195","25.00","25.00","25.00","0.00"
"895","557","19668","3700.00","3700.00","3700.00","0.00"
"896","557","19780","16534.00","16534.00","16534.00","0.00"
"897","557","20012","5250.00","5250.00","5250.00","0.00"
"898","557","20085","2700.00","2700.00","2700.00","0.00"
"899","557","20096","480.00","480.00","480.00","0.00"
"900","558","20479","7050.00","7050.00","7050.00","0.00"
"901","558","20481","11473.00","11473.00","11473.00","0.00"
"902","558","20667","2787.00","2787.00","2787.00","0.00"
"903","558","20814","19667.00","19667.00","19667.00","0.00"
"904","558","21104","5250.00","5250.00","5250.00","0.00"
"905","558","21123","16024.00","16024.00","937.00","15087.00"
"906","559","21123","16024.00","15087.00","5250.00","9837.00"
"907","560","21444","11700.00","11700.00","5500.00","6200.00"
"908","561","19692","5000.00","667.00","30.00","637.00"
"909","562","19692","5000.00","637.00","32.00","605.00"
"910","563","17178","460.00","460.00","460.00","0.00"
"911","563","17544","668.00","668.00","668.00","0.00"
"912","563","19755","225.00","225.00","225.00","0.00"
"913","563","20259","3000.00","3000.00","3000.00","0.00"
"914","564","19889","875.00","875.00","875.00","0.00"
"916","566","21249","3754.00","3754.00","1255.00","2499.00"
"919","568","19897","8153.00","8153.00","8153.00","0.00"
"920","569","18629","5400.00","59.00","59.00","0.00"
"921","569","21091","540.00","540.00","481.00","59.00"
"922","570","21091","540.00","59.00","59.00","0.00"
"923","571","21219","2425.00","2425.00","2425.00","0.00"
"924","572","21160","3850.00","3850.00","3850.00","0.00"
"925","573","20009","4699.00","4699.00","4699.00","0.00"
"926","574","21272","2699.00","2699.00","2699.00","0.00"
"927","574","21337","829.00","829.00","829.00","0.00"
"928","575","21719","2449.00","1224.00","1224.00","0.00"
"929","576","19210","793.00","793.00","793.00","0.00"
"930","576","19723","2195.00","2195.00","2195.00","0.00"
"931","576","19950","1360.00","1360.00","1360.00","0.00"
"932","576","19960","95.00","95.00","95.00","0.00"
"933","576","20327","3500.00","3500.00","2045.00","1455.00"
"934","577","19896","7000.00","4500.00","2500.00","2000.00"
"935","578","20852","475.00","475.00","475.00","0.00"
"936","579","19692","5000.00","605.00","605.00","0.00"
"937","579","19836","135.00","75.00","75.00","0.00"
"938","579","20360","58.00","58.00","58.00","0.00"
"939","579","21190","32.00","32.00","32.00","0.00"
"940","579","21671","124.00","124.00","124.00","0.00"
"941","579","21937","5000.00","2200.00","706.00","1494.00"
"942","580","17429","285.00","4.00","4.00","0.00"
"943","580","18172","280.00","280.00","280.00","0.00"
"944","580","18768","55.00","55.00","55.00","0.00"
"945","580","20520","2500.00","2500.00","661.00","1839.00"
"946","581","22038","10717.00","10717.00","10717.00","0.00"
"947","582","20465","6600.00","3200.00","1000.00","2200.00"
"948","583","20658","4237.00","4237.00","4237.00","0.00"
"949","584","21777","1635.00","1635.00","1635.00","0.00"
"950","585","21804","437.50","437.50","437.50","0.00"
"951","586","21601","32354.73","32354.73","32354.73","0.00"
"952","587","22151","169.00","169.00","169.00","0.00"
"953","588","20211","2549.00","60.00","60.00","0.00"
"954","588","20842","130.00","130.00","130.00","0.00"
"955","588","21715","900.00","900.00","710.00","190.00"
"956","589","21623","209.00","209.00","209.00","0.00"
"957","589","22168","6820.00","6820.00","19.00","6801.00"
"958","590","22207","4055.00","4055.00","3600.00","455.00"
"959","591","22207","4055.00","455.00","455.00","0.00"
"960","591","22209","440.00","440.00","345.00","95.00"
"961","592","22209","440.00","95.00","95.00","0.00"
"962","593","22208","175.00","175.00","175.00","0.00"
"963","594","20385","737.00","187.00","187.00","0.00"
"967","596","22168","6820.00","6801.00","6801.00","0.00"
"968","596","22252","175.00","175.00","175.00","0.00"
"969","596","22370","1405.00","1405.00","1405.00","0.00"
"970","597","22375","500.00","500.00","500.00","0.00"
"971","598","22364","4649.00","3649.00","3649.00","0.00"
"972","599","21542","3720.00","3720.00","3720.00","0.00"
"973","600","21249","3754.00","2499.00","1255.00","1244.00"
"974","601","16870","2013.00","1013.00","500.00","513.00"
"975","602","21855","398.00","398.00","398.00","0.00"
"976","602","22498","9746.00","9746.00","8649.00","1097.00"
"977","603","22498","9746.00","1097.00","1097.00","0.00"
"978","603","22561","1679.00","1679.00","1679.00","0.00"
"979","604","21937","5000.00","1494.00","500.00","994.00"
"980","605","18334","935.00","935.00","60.00","875.00"
"981","606","22140","650.00","650.00","650.00","0.00"
"982","607","20653","14260.00","14260.00","14260.00","0.00"
"983","608","21118","3850.00","3850.00","3850.00","0.00"
"984","609","21121","5860.00","5860.00","5860.00","0.00"
"985","610","21835","4650.00","4650.00","4650.00","0.00"
"986","611","19855","5425.00","5425.00","5425.00","0.00"
"987","611","20612","16508.00","16508.00","11083.00","5425.00"
"988","612","22379","5000.00","2500.00","2500.00","0.00"
"989","613","18334","935.00","875.00","875.00","0.00"
"990","613","22613","360.00","60.00","60.00","0.00"
"991","614","14695","622.00","563.00","440.00","123.00"
"992","615","14695","622.00","123.00","123.00","0.00"
"993","615","16310","270.00","270.00","270.00","0.00"
"994","615","16414","59.00","59.00","59.00","0.00"
"995","616","20762","739.00","739.00","200.00","539.00"
"996","617","22709","280.00","280.00","280.00","0.00"
"997","618","20465","6600.00","2200.00","2200.00","0.00"
"1001","620","22345","2050.00","491.00","169.00","322.00"
"1002","621","22345","2050.00","322.00","322.00","0.00"
"1003","621","22768","2900.00","2900.00","1728.00","1172.00"
"1004","622","22768","2900.00","1172.00","1000.00","172.00"
"1005","623","13876","115.00","115.00","115.00","0.00"
"1006","623","21189","1000.00","1000.00","160.00","840.00"
"1007","624","22768","2900.00","172.00","170.00","2.00"
"1008","625","14390","29982.00","23135.00","20070.00","3065.00"
"1009","626","20327","3500.00","1455.00","1455.00","0.00"
"1010","627","12891","5899.00","5899.00","3000.00","2899.00"
"1011","628","21123","16024.00","9837.00","9837.00","0.00"
"1012","628","21480","5605.00","5605.00","5605.00","0.00"
"1013","629","21888","22329.00","22329.00","22329.00","0.00"
"1014","629","21891","10495.00","10495.00","10495.00","0.00"
"1015","629","22111","13954.00","13954.00","13954.00","0.00"
"1016","629","22112","10202.00","10202.00","10202.00","0.00"
"1017","629","22259","6830.00","6830.00","6830.00","0.00"
"1018","629","22334","13634.00","13634.00","3136.00","10498.00"
"1019","630","18398","575.00","575.00","575.00","0.00"
"1020","630","20661","22160.00","22160.00","22160.00","0.00"
"1021","630","20763","16403.00","16403.00","16403.00","0.00"
"1022","631","22894","299.00","299.00","299.00","0.00"
"1023","632","22719","670.00","670.00","670.00","0.00"
"1024","632","22798","125.00","125.00","125.00","0.00"
"1026","634","22389","824.00","824.00","824.00","0.00"
"1027","635","22951","100.00","100.00","100.00","0.00"
"1028","636","20982","3739.00","2414.00","1800.00","614.00"
"1029","637","21937","5000.00","994.00","146.00","848.00"
"1030","638","21717","248.00","248.00","248.00","0.00"
"1034","640","21935","4000.00","4000.00","4000.00","0.00"
"1035","641","21937","5000.00","848.00","848.00","0.00"
"1036","641","22267","177.00","152.00","152.00","0.00"
"1037","642","20762","739.00","539.00","200.00","339.00"
"1038","643","16870","2013.00","513.00","500.00","13.00"
"1039","644","14538","1102.50","1102.50","1102.50","0.00"
"1040","644","14595","25.00","25.00","25.00","0.00"
"1041","645","23043","2703.00","2703.00","2703.00","0.00"
"1042","646","22953","440.00","440.00","440.00","0.00"
"1043","647","22378","131.00","131.00","131.00","0.00"
"1044","648","18618","2699.00","2699.00","2699.00","0.00"
"1045","648","18757","239.00","239.00","239.00","0.00"
"1046","648","18875","290.00","290.00","290.00","0.00"
"1047","649","20930","284.00","284.00","150.00","134.00"
"1048","650","22091","1860.00","1860.00","1860.00","0.00"
"1049","651","21865","4935.00","4935.00","4935.00","0.00"
"1050","652","23359","240.00","240.00","240.00","0.00"
"1051","653","18772","1275.00","879.00","879.00","0.00"
"1052","653","18902","921.00","921.00","921.00","0.00"
"1053","653","20522","500.00","500.00","500.00","0.00"
"1054","653","21301","2468.50","2468.50","168.50","2300.00"
"1055","654","23408","1500.00","1500.00","1500.00","0.00"
"1056","655","23236","71.00","71.00","71.00","0.00"
"1057","656","17101","213.00","63.00","63.00","0.00"
"1058","656","17200","125.00","55.00","55.00","0.00"
"1059","656","23190","260.00","260.00","260.00","0.00"
"1060","657","15387","3000.00","580.00","500.00","80.00"
"1061","658","20526","1586.00","1586.00","1586.00","0.00"
"1062","658","20664","1974.00","1974.00","1974.00","0.00"
"1063","658","20666","499.00","499.00","499.00","0.00"
"1064","658","20742","760.00","760.00","760.00","0.00"
"1065","658","21197","750.00","750.00","750.00","0.00"
"1066","658","21198","793.00","793.00","743.00","50.00"
"1067","659","23461","370.00","370.00","370.00","0.00"
"1070","661","21650","65.00","65.00","65.00","0.00"
"1071","661","22284","15.00","15.00","15.00","0.00"
"1072","661","22290","165.00","165.00","165.00","0.00"
"1073","661","22957","25.00","25.00","25.00","0.00"
"1074","662","23441","98.21","98.21","98.21","0.00"
"1075","663","22605","999.00","170.00","170.00","0.00"
"1076","664","21249","3754.00","1244.00","1244.00","0.00"
"1078","666","20500","460.00","460.00","460.00","0.00"
"1079","667","23123","2760.00","2760.00","2760.00","0.00"
"1080","668","15620","348.00","348.00","348.00","0.00"
"1081","668","22878","1810.00","1810.00","1650.00","160.00"
"1082","669","22026","23262.00","23262.00","23262.00","0.00"
"1083","670","20612","16508.00","5425.00","5425.00","0.00"
"1084","670","21196","10529.00","10529.00","10529.00","0.00"
"1085","670","22440","22447.00","22447.00","22447.00","0.00"
"1086","670","22718","2788.00","2788.00","2788.00","0.00"
"1087","671","20863","2530.00","2530.00","2530.00","0.00"
"1088","671","21212","539.00","539.00","539.00","0.00"
"1089","671","22015","9660.00","9660.00","9660.00","0.00"
"1090","671","22302","1509.00","1509.00","1509.00","0.00"
"1091","672","22602","525.00","525.00","525.00","0.00"
"1092","672","22606","829.00","829.00","829.00","0.00"
"1093","672","22608","2200.00","2200.00","2200.00","0.00"
"1094","673","23255","3828.00","3828.00","3828.00","0.00"
"1095","673","23256","1130.00","1130.00","1130.00","0.00"
"1096","673","23487","5928.00","5928.00","5928.00","0.00"
"1097","674","23886","308.03","308.03","308.03","0.00"
"1098","675","20436","3482.00","3482.00","3482.00","0.00"
"1099","675","20437","2895.00","2895.00","2895.00","0.00"
"1100","675","20438","1422.00","1422.00","1422.00","0.00"
"1101","675","20442","7506.00","7506.00","7506.00","0.00"
"1102","676","23849","150.00","150.00","150.00","0.00"
"1103","677","20982","3739.00","614.00","614.00","0.00"
"1104","678","23195","387.50","155.50","100.00","55.50"
"1105","679","16568","44.00","44.00","44.00","0.00"
"1106","680","19986","250.00","250.00","250.00","0.00"
"1107","681","21444","11700.00","6200.00","5100.00","1100.00"
"1108","682","20520","2500.00","1839.00","1000.00","839.00"
"1109","683","22012","12590.00","12590.00","12590.00","0.00"
"1110","684","22334","13634.00","10498.00","10498.00","0.00"
"1111","684","22335","10790.00","10790.00","10790.00","0.00"
"1112","684","22542","13951.00","13951.00","13951.00","0.00"
"1113","685","21444","11700.00","1100.00","1100.00","0.00"
"1114","685","21895","7500.00","4500.00","2900.00","1600.00"
"1115","686","21895","7500.00","1600.00","1600.00","0.00"
"1116","686","21978","300.00","300.00","300.00","0.00"
"1117","687","23948","5950.00","5950.00","5950.00","0.00"
"1118","688","23910","290.00","290.00","290.00","0.00"
"1119","689","23822","2400.00","2400.00","2400.00","0.00"
"1120","690","23868","165.00","165.00","165.00","0.00"
"1121","691","23195","387.50","55.50","55.50","0.00"
"1122","691","23511","15.00","15.00","15.00","0.00"
"1123","691","23573","31.00","31.00","31.00","0.00"
"1124","691","23752","2000.00","1000.00","398.50","601.50"
"1125","692","23743","11555.00","11555.00","2000.00","9555.00"
"1126","693","23743","11555.00","9555.00","2000.00","7555.00"
"1127","694","20930","284.00","134.00","100.00","34.00"
"1128","695","23199","6495.00","995.00","995.00","0.00"
"1129","696","23876","920.00","920.00","920.00","0.00"
"1130","696","24070","5300.00","3800.00","1080.00","2720.00"
"1132","698","21908","2530.00","2530.00","2530.00","0.00"
"1133","698","22289","3300.00","3300.00","3300.00","0.00"
"1134","699","24135","5100.00","5100.00","4580.00","520.00"
"1135","700","19757","1945.00","1945.00","1945.00","0.00"
"1137","702","21301","2468.50","2300.00","2300.00","0.00"
"1138","702","23428","3338.00","3338.00","2695.00","643.00"
"1139","703","24317","262.00","262.00","262.00","0.00"
"1140","704","23222","265.00","265.00","265.00","0.00"
"1141","704","24015","283.00","283.00","283.00","0.00"
"1144","707","24027","1000.00","1000.00","520.00","480.00"
"1145","708","24027","1000.00","480.00","480.00","0.00"
"1146","709","19896","7000.00","2000.00","2000.00","0.00"
"1147","709","20147","530.00","530.00","530.00","0.00"
"1148","710","20338","8445.00","8445.00","8445.00","0.00"
"1149","711","20685","7246.00","7246.00","7246.00","0.00"
"1154","713","22855","9028.00","9028.00","9028.00","0.00"
"1155","714","22585","5395.00","5395.00","5395.00","0.00"
"1156","714","22589","5395.00","5395.00","5395.00","0.00"
"1157","714","22735","9820.00","9820.00","9820.00","0.00"
"1158","714","22848","10160.00","10160.00","10160.00","0.00"
"1159","714","22864","850.00","850.00","850.00","0.00"
"1160","714","22889","6630.00","6630.00","6630.00","0.00"
"1161","714","22958","14989.00","14989.00","14989.00","0.00"
"1162","714","22961","10500.00","10500.00","10500.00","0.00"
"1163","714","22998","15180.00","15180.00","15180.00","0.00"
"1164","714","22999","11855.00","11855.00","11855.00","0.00"
"1165","715","13058","30643.20","16459.41","16459.41","0.00"
"1166","715","13129","7308.80","7308.80","7308.80","0.00"
"1167","715","13187","4758.44","4758.44","4758.44","0.00"
"1168","715","13203","4418.88","4418.88","4418.88","0.00"
"1169","715","13235","20345.18","20345.18","20345.18","0.00"
"1170","715","13292","49901.53","49901.53","49901.53","0.00"
"1171","715","13303","37760.96","37760.96","37760.96","0.00"
"1172","715","13388","38783.65","38783.65","38783.65","0.00"
"1173","715","13444","2745.59","2745.59","2745.59","0.00"
"1174","715","13627","5810.27","5810.27","5810.27","0.00"
"1175","715","13628","8999.28","8999.28","8999.28","0.00"
"1176","715","13640","9681.39","9681.39","9681.39","0.00"
"1177","715","13739","6573.64","6573.64","6573.64","0.00"
"1178","715","13740","70307.22","70307.22","70307.22","0.00"
"1179","715","13794","11999.04","11999.04","11999.04","0.00"
"1180","715","13806","13948.58","13948.58","13948.58","0.00"
"1181","715","13943","21365.10","21365.10","21365.10","0.00"
"1182","715","13989","22636.97","22636.97","22636.97","0.00"
"1183","715","14000","3338.66","3338.66","3338.66","0.00"
"1184","715","14165","6492.81","6492.81","6492.81","0.00"
"1185","715","14176","11846.67","11846.67","11846.67","0.00"
"1186","715","14287","752.70","752.70","752.70","0.00"
"1187","715","14310","5859.66","5859.66","5859.66","0.00"
"1188","715","14330","14456.14","14456.14","14456.14","0.00"
"1189","715","14409","8236.77","8236.77","8236.77","0.00"
"1190","715","14444","779.31","779.31","779.31","0.00"
"1191","715","14471","140396.03","140396.03","140396.03","0.00"
"1192","715","14552","3817.12","3817.12","3817.12","0.00"
"1193","715","14553","40731.74","40731.74","40731.74","0.00"
"1194","715","14578","12697.90","12697.90","12697.90","0.00"
"1195","715","14635","4833.92","4833.92","4833.92","0.00"
"1196","715","14669","10692.33","10692.33","10692.33","0.00"
"1197","715","14701","2636.26","2636.26","2636.26","0.00"
"1198","715","14764","2636.26","2636.26","2636.26","0.00"
"1199","715","14825","5999.52","5999.52","5999.52","0.00"
"1200","715","14850","5423.74","5423.74","5423.74","0.00"
"1201","715","14882","2745.59","2745.59","2745.59","0.00"
"1202","715","14919","5015.64","5015.64","5015.64","0.00"
"1203","715","14925","5015.64","5015.64","5015.64","0.00"
"1204","715","15018","19559.40","19559.40","19559.40","0.00"
"1205","715","15096","597.80","597.80","597.80","0.00"
"1206","715","15118","32483.85","32483.85","32483.85","0.00"
"1207","715","15138","23837.20","23837.20","23837.20","0.00"
"1208","715","15151","490.54","490.54","490.54","0.00"
"1209","715","15187","2745.59","2745.59","2745.59","0.00"
"1210","715","15265","4833.92","4833.92","4833.92","0.00"
"1211","715","15286","86083.54","86083.54","86083.54","0.00"
"1212","715","15311","20465.25","20465.25","20465.25","0.00"
"1213","715","15318","662.86","662.86","662.86","0.00"
"1214","715","15327","13572.40","13572.40","13572.40","0.00"
"1215","715","15377","5999.52","5999.52","5999.52","0.00"
"1216","715","15436","5272.56","5272.56","5272.56","0.00"
"1217","715","15470","4514.92","4514.92","4514.92","0.00"
"1218","715","15553","2882.91","2882.91","2882.91","0.00"
"1219","715","15606","4150.01","4150.01","4150.01","0.00"
"1220","715","15613","5523.21","5523.21","5523.21","0.00"
"1221","715","15628","147.47","147.47","147.47","0.00"
"1222","715","15685","7568.34","7568.34","7568.34","0.00"
"1223","715","15686","12197.14","12197.14","12197.14","0.00"
"1224","715","15689","61704.28","61704.28","61704.28","0.00"
"1225","715","15722","3784.17","3784.17","3784.17","0.00"
"1226","715","15815","3362.39","3362.39","3362.39","0.00"
"1227","715","15828","7673.46","7673.46","7673.46","0.00"
"1228","715","16036","27152.86","27152.86","27152.86","0.00"
"1229","715","16058","13208.95","13208.95","13208.95","0.00"
"1230","715","16087","26558.31","26558.31","26558.31","0.00"
"1231","715","16227","13352.41","13352.41","13352.41","0.00"
"1232","715","16236","24068.51","24068.51","24068.51","0.00"
"1233","715","16250","6334.08","6334.08","6334.08","0.00"
"1234","715","16347","30368.67","30368.67","30368.67","0.00"
"1235","715","16377","3479.70","3479.70","3479.70","0.00"
"1236","715","16402","13642.95","13642.95","13642.95","0.00"
"1237","715","16465","8036.64","8036.64","8036.64","0.00"
"1238","715","16479","5229.96","5229.96","5229.96","0.00"
"1239","715","16480","8999.28","8999.28","8999.28","0.00"
"1240","715","16629","6577.74","6577.74","6577.74","0.00"
"1241","715","16652","2648.62","2648.62","2648.62","0.00"
"1242","715","16655","5357.76","5357.76","5357.76","0.00"
"1243","715","16711","37695.92","37695.92","37695.92","0.00"
"1244","715","16785","6577.74","6577.74","6577.74","0.00"
"1245","715","16918","14545.84","14545.84","14545.84","0.00"
"1246","715","17045","10382.82","10382.82","10382.82","0.00"
"1247","715","17092","8523.51","8523.51","8523.51","0.00"
"1248","715","17107","3862.40","3862.40","3862.40","0.00"
"1249","715","17464","25741.76","25741.76","25741.76","0.00"
"1250","715","17468","22920.40","22920.40","22920.40","0.00"
"1251","715","17507","5793.60","5793.60","5793.60","0.00"
"1252","715","17670","5272.29","5272.29","5272.29","0.00"
"1253","715","17764","15816.60","15816.60","15816.60","0.00"
"1254","715","17979","62727.85","62727.85","62727.85","0.00"
"1255","715","18211","23281.44","23281.44","23281.44","0.00"
"1256","715","18384","3972.32","3972.32","3972.32","0.00"
"1257","715","18385","3435.25","3435.25","3435.25","0.00"
"1258","715","18387","5491.18","5491.18","5491.18","0.00"
"1259","715","18452","12502.93","12502.93","12502.93","0.00"
"1260","715","18495","15890.87","15890.87","15890.87","0.00"
"1261","715","18549","3639.51","3639.51","3639.51","0.00"
"1262","715","18554","5357.76","5357.76","5357.76","0.00"
"1263","715","18561","2745.59","2745.59","2745.59","0.00"
"1264","715","18606","39178.28","39178.28","39178.28","0.00"
"1265","715","18631","4559.94","4559.94","4559.94","0.00"
"1266","715","18731","1820.99","1820.99","1820.99","0.00"
"1267","715","18764","13815.29","13815.29","13815.29","0.00"
"1268","715","18788","22892.82","22892.82","22892.82","0.00"
"1269","715","18839","31915.32","31915.32","31915.32","0.00"
"1270","715","18849","4899.45","4899.45","4899.45","0.00"
"1271","715","18853","19464.96","19464.96","19464.96","0.00"
"1272","715","18863","7977.92","7977.92","7977.92","0.00"
"1273","715","18864","49241.30","49241.30","49241.30","0.00"
"1274","715","18877","78371.71","78371.71","78371.71","0.00"
"1275","715","19151","9247.14","9247.14","9247.14","0.00"
"1276","715","19667","7400.83","7400.83","7400.83","0.00"
"1277","715","19776","8039.64","8039.64","8039.64","0.00"
"1278","715","20011","4418.91","4418.91","4418.91","0.00"
"1279","715","20018","29827.08","29827.08","29827.08","0.00"
"1280","715","20054","19748.58","19748.58","19748.58","0.00"
"1281","715","20108","16206.69","16206.69","16206.69","0.00"
"1282","715","20213","6389.88","6389.88","6389.88","0.00"
"1283","715","20326","3812.60","3812.60","3812.60","0.00"
"1284","715","20332","16251.83","16251.83","16251.83","0.00"
"1285","715","20333","1906.30","1906.30","1906.30","0.00"
"1286","715","20405","4926.12","4926.12","4926.12","0.00"
"1287","715","20494","12769.18","12769.18","12769.18","0.00"
"1288","715","20600","20966.63","20966.63","20966.63","0.00"
"1289","715","20633","7494.45","7494.45","7494.45","0.00"
"1290","715","20634","5272.40","5272.40","5272.40","0.00"
"1291","715","20652","12011.81","12011.81","12011.81","0.00"
"1292","715","20660","13838.11","13838.11","13838.11","0.00"
"1293","715","20663","2261.25","2261.25","2261.25","0.00"
"1294","715","20665","2320.50","2320.50","2320.50","0.00"
"1295","715","20761","9119.88","9119.88","9119.88","0.00"
"1296","715","20769","5272.40","5272.40","5272.40","0.00"
"1297","715","20812","16589.23","16589.23","16589.23","0.00"
"1298","715","20834","23330.35","23330.35","23330.35","0.00"
"1299","715","20862","4893.46","4893.46","4893.46","0.00"
"1300","715","21103","4418.91","4418.91","4418.91","0.00"
"1301","715","21122","13520.25","13520.25","13520.25","0.00"
"1302","715","21151","10859.02","10859.02","10859.02","0.00"
"1303","715","21461","22399.59","22399.59","22399.59","0.00"
"1304","715","21479","4700.78","4700.78","4700.78","0.00"
"1305","715","21481","3144.17","3144.17","3144.17","0.00"
"1306","715","21517","4650.06","4650.06","4650.06","0.00"
"1307","715","21548","3413.83","3413.83","3413.83","0.00"
"1308","715","21598","1791.00","1791.00","1791.00","0.00"
"1309","715","21637","12773.16","12773.16","12773.16","0.00"
"1310","715","21696","9439.96","9439.96","9439.96","0.00"
"1311","715","21825","88192.80","88192.80","43302.93","44889.87"
"1312","716","13142","530.00","230.00","230.00","0.00"
"1313","716","20669","11104.43","11104.43","11104.43","0.00"
"1314","717","11055","10835.83","10835.83","10835.83","0.00"
"1315","717","11888","10953.54","10953.54","10953.54","0.00"
"1316","717","12517","6795.28","6795.28","6795.28","0.00"
"1317","717","20668","28739.19","28739.19","28739.19","0.00"
"1318","718","21825","88192.80","44889.87","44889.87","0.00"
"1319","718","21886","18920.03","18920.03","18920.03","0.00"
"1320","718","21890","8978.85","8978.85","8978.85","0.00"
"1321","718","21910","6850.98","6850.98","6850.98","0.00"
"1322","718","21932","671.84","671.84","671.84","0.00"
"1323","718","21969","4668.51","4668.51","4668.51","0.00"
"1324","718","22022","25989.77","25989.77","16350.74","9639.03"
"1325","719","21715","900.00","190.00","190.00","0.00"
"1326","719","22318","2060.00","2060.00","205.00","1855.00"
"1327","720","16306","195.00","195.00","195.00","0.00"
"1328","720","18176","44.00","44.00","44.00","0.00"
"1329","720","18576","165.00","165.00","165.00","0.00"
"1330","720","19759","25.00","25.00","25.00","0.00"
"1331","720","21516","37.00","37.00","37.00","0.00"
"1332","720","21967","35.00","35.00","35.00","0.00"
"1333","720","23399","40.00","40.00","40.00","0.00"
"1334","720","24109","42.00","42.00","42.00","0.00"
"1335","721","21115","677.00","677.00","677.00","0.00"
"1336","722","23439","4050.00","4050.00","1255.00","2795.00"
"1337","723","24135","5100.00","520.00","520.00","0.00"
"1338","723","24545","540.00","540.00","540.00","0.00"
"1339","723","24549","395.00","300.00","300.00","0.00"
"1340","723","24553","32000.00","32000.00","30021.53","1978.47"
"1341","724","23752","2000.00","601.50","300.00","301.50"
"1342","725","24377","6145.00","6145.00","6145.00","0.00"
"1343","726","24553","32000.00","1978.47","383.00","1595.47"
"1344","727","24553","32000.00","1595.47","1595.47","0.00"
"1345","727","24574","383.00","383.00","383.00","0.00"
"1346","727","24578","1950.00","1950.00","46.53","1903.47"
"1347","728","24578","1950.00","1903.47","840.00","1063.47"
"1348","729","24422","5000.00","5000.00","5000.00","0.00"
"1349","730","24613","450.00","450.00","450.00","0.00"
"1350","731","22809","669.00","669.00","669.00","0.00"
"1351","732","21759","3587.00","3587.00","2000.00","1587.00"
"1352","733","16464","3712.00","3701.00","330.00","3371.00"
"1354","735","23291","300.00","300.00","300.00","0.00"
"1355","736","16464","3712.00","3371.00","2300.00","1071.00"
"1356","737","21198","793.00","50.00","50.00","0.00"
"1357","737","21558","58.00","58.00","58.00","0.00"
"1358","737","23585","269.00","269.00","161.00","108.00"
"1359","738","23313","360.00","218.00","218.00","0.00"
"1360","739","24070","5300.00","2720.00","2000.00","720.00"
"1362","741","23752","2000.00","301.50","300.00","1.50"
"1363","742","24809","1424.11","1424.11","1424.11","0.00"
"1364","743","24772","195.00","95.00","95.00","0.00"
"1366","745","24998","3739.00","625.00","625.00","0.00"
"1367","746","24954","2595.00","2595.00","2595.00","0.00"
"1368","747","24941","6147.00","6147.00","210.00","5937.00"
"1369","748","22318","2060.00","1855.00","1855.00","0.00"
"1370","748","24208","395.00","395.00","205.00","190.00"
"1371","749","23752","2000.00","1.50","1.50","0.00"
"1372","749","23900","145.00","145.00","145.00","0.00"
"1373","749","24012","179.00","179.00","179.00","0.00"
"1374","749","24531","160.00","160.00","160.00","0.00"
"1375","749","24532","140.00","140.00","140.00","0.00"
"1376","749","24731","300.00","300.00","300.00","0.00"
"1377","749","24767","59.00","59.00","59.00","0.00"
"1378","749","24787","50.00","50.00","50.00","0.00"
"1379","749","24928","310.00","310.00","310.00","0.00"
"1380","749","25123","1450.00","1450.00","105.50","1344.50"
"1381","750","24161","6620.00","4420.00","2210.00","2210.00"
"1382","751","24797","618.00","618.00","618.00","0.00"
"1383","752","23743","11555.00","7555.00","4000.00","3555.00"
"1384","753","24941","6147.00","5937.00","5937.00","0.00"
"1385","753","25068","8475.00","8475.00","8475.00","0.00"
"1386","754","25109","1515.00","1515.00","1515.00","0.00"
"1387","754","25112","2280.00","2280.00","2280.00","0.00"
"1388","755","11522","4495.00","445.00","445.00","0.00"
"1389","756","16464","3712.00","1071.00","130.00","941.00"
"1390","757","21726","954.00","954.00","954.00","0.00"
"1391","758","16870","2013.00","13.00","13.00","0.00"
"1392","758","16873","44.00","44.00","44.00","0.00"
"1393","758","18263","69.00","69.00","69.00","0.00"
"1394","758","20623","189.00","189.00","174.00","15.00"
"1395","759","23909","306.00","306.00","306.00","0.00"
"1396","760","25123","1450.00","1344.50","500.00","844.50"
"1397","761","24995","380.00","380.00","150.00","230.00"
"1398","762","16731","420.00","420.00","420.00","0.00"
"1399","763","19750","3900.00","500.00","500.00","0.00"
"1400","764","21296","240.00","240.00","240.00","0.00"
"1401","765","24578","1950.00","1063.47","520.00","543.47"
"1402","766","24578","1950.00","543.47","543.47","0.00"
"1403","766","25105","12597.00","12597.00","3655.53","8941.47"
"1404","767","25105","12597.00","8941.47","4199.00","4742.47"
"1405","768","25105","12597.00","4742.47","4199.00","543.47"
"1406","769","23477","2500.00","2500.00","1250.00","1250.00"
"1407","770","22022","25989.77","9639.03","9639.03","0.00"
"1408","770","22079","13394.52","13394.52","13394.52","0.00"
"1409","770","22110","11790.98","11790.98","11790.98","0.00"
"1410","770","22113","2080.06","2080.06","2080.06","0.00"
"1411","770","22188","2283.66","2283.66","2283.66","0.00"
"1412","770","22218","18220.67","18220.67","18220.67","0.00"
"1413","770","22254","3413.83","3413.83","3413.83","0.00"
"1414","770","22761","11998.41","11998.41","11998.41","0.00"
"1415","770","22997","24067.52","24067.52","20157.76","3909.76"
"1416","771","23462","10994.00","10994.00","10994.00","0.00"
"1417","771","23626","2115.00","2115.00","2115.00","0.00"
"1418","771","23671","24071.00","24071.00","24071.00","0.00"
"1419","772","23624","15484.00","15484.00","15484.00","0.00"
"1420","772","23712","645.00","645.00","645.00","0.00"
"1421","773","23085","800.00","800.00","800.00","0.00"
"1422","773","23482","790.00","395.00","395.00","0.00"
"1423","773","23873","785.00","785.00","785.00","0.00"
"1424","773","25034","3942.00","3942.00","2020.00","1922.00"
"1425","774","23428","3338.00","643.00","643.00","0.00"
"1426","774","24287","5055.00","4995.00","2695.00","2300.00"
"1427","775","24826","2795.00","2795.00","2795.00","0.00"
"1428","776","20623","189.00","15.00","15.00","0.00"
"1429","776","24073","2400.00","2400.00","285.00","2115.00"
"1430","777","23033","15384.00","15384.00","15384.00","0.00"
"1431","777","23494","5229.00","5229.00","5229.00","0.00"
"1432","778","24248","35853.00","35853.00","35853.00","0.00"
"1433","779","18059","4949.00","4949.00","4300.00","649.00"
"1438","781","24082","1040.00","165.00","165.00","0.00"
"1439","781","24963","300.00","300.00","300.00","0.00"
"1440","782","25388","285.00","285.00","285.00","0.00"
"1443","784","23727","10.00","10.00","10.00","0.00"
"1444","784","25428","159.00","159.00","159.00","0.00"
"1445","785","22473","75.00","75.00","75.00","0.00"
"1446","785","23002","5620.00","5620.00","5620.00","0.00"
"1447","785","23063","250.00","250.00","250.00","0.00"
"1448","785","24069","370.00","370.00","370.00","0.00"
"1449","786","20501","1171.00","1171.00","1171.00","0.00"
"1450","786","22281","170.00","170.00","170.00","0.00"
"1451","786","22345","2050.00","1559.00","1173.00","386.00"
"1452","787","24208","395.00","190.00","190.00","0.00"
"1453","787","25251","595.00","595.00","405.00","190.00"
"1454","788","15387","3000.00","80.00","80.00","0.00"
"1455","788","16613","138.60","138.60","70.00","68.60"
"1456","789","25490","660.00","660.00","660.00","0.00"
"1457","790","23397","74.00","74.00","55.00","19.00"
"1458","791","20762","739.00","339.00","115.00","224.00"
"1459","792","25703","1400.00","1400.00","1400.00","0.00"
"1460","793","22997","24067.52","3909.76","3909.76","0.00"
"1461","793","23031","11650.82","11650.82","11650.82","0.00"
"1462","793","23032","13357.31","13357.31","13357.31","0.00"
"1463","793","23309","41387.71","41387.71","41387.71","0.00"
"1464","793","23449","78783.47","78783.47","78783.47","0.00"
"1465","793","23550","3869.18","3869.18","3869.18","0.00"
"1466","793","23647","16821.30","16821.30","16821.30","0.00"
"1467","793","23662","9500.00","9500.00","9500.00","0.00"
"1468","793","24500","38237.30","38237.30","20586.31","17650.99"
"1469","794","25623","815.00","815.00","400.00","415.00"
"1471","796","25064","93.00","93.00","93.00","0.00"
"1473","798","20520","2500.00","839.00","839.00","0.00"
"1474","799","25215","195.00","195.00","100.00","95.00"
"1475","800","25653","285.00","285.00","285.00","0.00"
"1476","801","23585","269.00","108.00","108.00","0.00"
"1477","801","24261","370.00","370.00","262.00","108.00"
"1478","802","18059","4949.00","649.00","649.00","0.00"
"1479","802","18850","5449.00","5449.00","1801.00","3648.00"
"1480","803","24073","2400.00","2115.00","300.00","1815.00"
"1481","804","19646","395.00","395.00","395.00","0.00"
"1482","804","23917","549.00","549.00","154.00","395.00"
"1483","805","24501","30658.00","30658.00","30658.00","0.00"
"1484","806","21863","355.00","355.00","355.00","0.00"
"1485","806","22403","1457.00","1457.00","1457.00","0.00"
"1486","806","24528","8319.00","8319.00","3987.00","4332.00"
"1487","807","24528","8319.00","4332.00","4332.00","0.00"
"1488","807","24969","850.00","850.00","850.00","0.00"
"1489","808","25756","996.00","996.00","996.00","0.00"
"1490","809","24995","380.00","230.00","100.00","130.00"
"1491","810","25344","5864.00","5864.00","1556.00","4308.00"
"1494","812","25344","5864.00","4308.00","4308.00","0.00"
"1495","812","25380","234.00","234.00","234.00","0.00"