"3","3","1144","5332.59","5332.59","5332.59","0.00"
"4","3","1211","40403.75","14362.09","40.67","14321.42"
"5","4","1225","4907.59","4907.59","2625.00","2282.59"
"6","5","1254","36270.00","36270.00","36270.00","0.00"
"7","6","1211","40403.75","14321.42","3324.00","10997.42"
"8","7","1183","18430.13","18430.13","18430.13","0.00"
"9","8","1244","2150.00","2150.00","2150.00","0.00"
"10","8","1251","1257.00","1257.00","1257.00","0.00"
"11","8","1252","5310.20","5310.20","5310.20","0.00"
"12","8","1283","9540.00","9540.00","0.00","9540.00"
"13","9","1207","4319.00","4319.00","4319.00","0.00"
"14","9","1216","554.00","554.00","554.00","0.00"
"15","10","1157","1873.00","1873.00","1873.00","0.00"
"16","11","1124","672.00","672.00","672.00","0.00"
"17","12","1173","3363.95","3363.95","3363.95","0.00"
"18","13","1062","3630.00","3630.00","3630.00","0.00"
"19","13","1088","1011.40","1011.40","1011.40","0.00"
"20","13","1089","2941.21","2941.21","2941.21","0.00"
"21","13","1099","440.00","440.00","440.00","0.00"
"22","13","1107","1133.40","1133.40","1133.40","0.00"
"23","13","1153","882.85","882.85","882.85","0.00"
"24","13","1156","657.00","657.00","657.00","0.00"
"25","13","1164","1104.15","1104.15","1104.15","0.00"
"26","13","1172","750.00","750.00","750.00","0.00"
"27","13","1195","2850.00","2850.00","0.00","2850.00"
"28","14","1211","40403.75","10997.42","10997.42","0.00"
"29","14","1227","14059.98","14059.98","877.58","13182.40"
"30","15","1227","14059.98","13182.40","13182.40","0.00"
"31","15","1238","3339.44","3339.44","3339.44","0.00"
"32","15","1264","2549.68","2549.68","2549.68","0.00"
"33","15","1266","13655.29","13655.29","5928.48","7726.81"
"34","16","1266","13655.29","7726.81","6655.50","1071.31"
"35","17","1255","13736.92","13736.92","13736.92","0.00"
"36","18","1266","13655.29","1071.31","1071.31","0.00"
"37","18","1279","1017.56","1017.56","1017.56","0.00"
"38","18","1290","10991.54","10991.54","10991.54","0.00"
"39","18","1296","16686.76","16686.76","16686.76","0.00"
"40","18","1300","54291.95","54291.95","30232.83","24059.12"
"56","21","1300","54291.95","24059.12","24059.12","0.00"
"57","21","1308","490.54","490.54","490.54","0.00"
"58","21","1311","13147.32","13147.32","450.34","12696.98"
"59","22","1311","13147.32","12696.98","12696.98","0.00"
"60","22","1316","12590.18","12590.18","3303.02","9287.16"
"61","23","1316","12590.18","9287.16","9287.16","0.00"
"62","23","1323","13813.20","13813.20","13813.20","0.00"
"63","23","1331","597.80","597.80","597.80","0.00"
"64","23","1341","4891.10","4891.10","4891.10","0.00"
"65","23","1344","2982.43","2982.43","2982.43","0.00"
"66","24","1091","10237.22","7651.30","7651.30","0.00"
"67","24","1129","9062.69","9062.69","9062.69","0.00"
"68","24","1147","683.83","542.73","542.73","0.00"
"69","24","1217","753.53","468.53","468.53","0.00"
"70","24","1229","315.02","238.62","238.62","0.00"
"71","24","1246","6114.90","5440.20","5440.20","0.00"
"72","24","1257","2568.92","1974.92","1974.92","0.00"
"73","24","1295","2387.90","2124.30","2124.30","0.00"
"74","24","1310","4406.86","2741.05","2741.05","0.00"
"75","24","1326","2374.65","1983.90","1983.90","0.00"
"76","24","1343","798.53","568.68","568.68","0.00"
"77","25","1206","7350.00","7350.00","7350.00","0.00"
"78","25","1222","8794.20","8794.20","8794.20","0.00"
"79","26","1225","4907.59","2282.59","2282.59","0.00"
"80","27","1231","1591.00","1591.00","1591.00","0.00"
"81","28","1235","3035.00","3035.00","3035.00","0.00"
"82","28","1262","2464.00","2464.00","2464.00","0.00"
"83","29","1242","3965.80","3965.80","3965.80","0.00"
"84","30","1283","9540.00","9540.00","9540.00","0.00"
"85","30","1284","6097.00","6097.00","6097.00","0.00"
"86","31","1263","779.16","779.16","779.16","0.00"
"87","31","1268","11588.50","11588.50","11588.50","0.00"
"88","31","1273","578.85","578.85","578.85","0.00"
"89","31","1274","12870.00","12870.00","12870.00","0.00"
"90","31","1275","1771.13","1771.13","1771.13","0.00"
"91","31","1285","17401.51","17401.51","2685.06","14716.45"
"92","32","1344","5505.88","2523.45","2523.45","0.00"
"93","32","1350","16043.62","16043.62","7476.55","8567.07"
"94","33","1253","3000.00","3000.00","3000.00","0.00"
"95","34","1285","17401.51","14716.45","14716.45","0.00"
"96","34","1287","2685.06","2685.06","2685.06","0.00"
"97","34","1291","4359.96","4359.96","4359.96","0.00"
"98","34","1301","3140.00","3140.00","3140.00","0.00"
"99","34","1312","23877.96","23877.96","635.99","23241.97"
"100","35","1259","611.00","611.00","611.00","0.00"
"101","35","1260","416.30","416.30","416.30","0.00"
"102","35","1270","250.00","250.00","250.00","0.00"
"103","36","1195","2850.00","2850.00","2850.00","0.00"
"104","36","1267","5136.22","5136.22","5136.22","0.00"
"105","37","1350","16043.62","8567.07","8567.07","0.00"
"106","37","1365","30643.20","30643.20","6432.93","24210.27"
"107","38","1365","30643.20","24210.27","4710.86","19499.41"
"108","39","1365","30643.20","19499.41","3040.00","16459.41"
"109","40","1312","23877.96","23241.97","23241.97","0.00"
"110","40","1313","957.10","957.10","957.10","0.00"
"111","40","1314","1846.05","1846.05","1846.05","0.00"
"112","40","1322","5826.88","5826.88","5826.88","0.00"
"113","40","1335","1842.34","1842.34","1842.34","0.00"
"114","40","1337","2943.05","2943.05","809.85","2133.20"
"115","41","1302","3958.45","3958.45","3958.45","0.00"
"116","42","1293","2580.47","2580.47","2580.47","0.00"
"117","43","1289","3120.02","3120.02","3120.02","0.00"
"118","43","1305","1701.90","1701.90","1701.90","0.00"
"119","44","1298","3216.02","3216.02","3216.02","0.00"
"120","45","1381","1535.00","1535.00","1535.00","0.00"
"121","46","1338","3180.00","3180.00","3180.00","0.00"
"122","46","1339","6360.00","6360.00","6360.00","0.00"
"123","46","1371","4740.00","4740.00","4740.00","0.00"
"124","46","1378","26446.00","26446.00","12166.00","14280.00"
"125","47","1282","22024.98","22024.98","22024.98","0.00"
"126","47","1288","4005.00","4005.00","4005.00","0.00"
"127","48","1337","2943.05","2133.20","2133.20","0.00"
"128","48","1347","9011.86","9011.86","9011.86","0.00"
"129","48","1348","630.44","630.44","630.44","0.00"
"130","48","1351","19055.01","19055.01","16921.81","2133.20"
"131","49","1377","7446.08","7446.08","200.00","7246.08"
"132","50","1351","19055.01","2133.20","2133.20","0.00"
"133","50","1352","852.90","852.90","852.90","0.00"
"134","50","1360","7696.17","7696.17","7696.17","0.00"
"135","50","1370","12729.56","12729.56","0.10","12729.46"
"136","51","1212","371.25","371.25","371.25","0.00"
"137","51","1221","1997.25","1997.25","1997.25","0.00"
"138","51","1240","899.30","899.30","899.30","0.00"
"139","52","1433","777.55","777.55","777.55","0.00"
"140","53","1370","12729.56","12729.46","12729.46","0.00"
"141","53","1380","15505.85","15505.85","15505.85","0.00"
"142","53","1396","1355.63","1355.63","1355.63","0.00"
"143","53","1398","18886.52","18886.52","6157.06","12729.46"
"144","54","1336","7994.15","7994.15","7994.15","0.00"
"145","55","1342","1175.00","1175.00","1175.00","0.00"
"147","57","1317","563.40","563.40","563.40","0.00"
"148","57","1318","3006.00","3006.00","3005.60","0.40"
"149","58","1319","3636.00","3636.00","3636.00","0.00"
"150","58","1330","2816.00","2816.00","2816.00","0.00"
"151","59","1378","26446.00","14280.00","14280.00","0.00"
"152","59","1397","15075.00","15075.00","15075.00","0.00"
"153","60","1365","30643.20","16459.41","3179.64","13279.77"
"154","61","1365","30643.20","13279.77","6417.18","6862.59"
"155","62","1349","7280.00","7280.00","7280.00","0.00"
"156","63","1365","30643.20","6862.59","6862.59","0.00"
"157","63","1369","7308.80","7308.80","7308.80","0.00"
"158","63","1373","4758.44","4758.44","4758.44","0.00"
"159","63","1379","4418.88","4418.88","4418.88","0.00"
"160","63","1386","20345.18","20345.18","20345.18","0.00"
"161","63","1391","49901.53","49901.53","16306.11","33595.42"
"162","64","1391","49901.53","33595.42","15015.00","18580.42"
"163","65","1391","49901.53","18580.42","18580.42","0.00"
"164","65","1399","37760.96","37760.96","18684.58","19076.38"
"165","66","1398","18886.52","12729.46","12729.46","0.00"
"166","66","1405","18153.59","18153.59","18153.59","0.00"
"167","67","1422","1629.23","1629.23","1629.23","0.00"
"168","67","1426","6223.88","6223.88","6223.88","0.00"
"169","67","1429","2223.72","2223.72","2223.72","0.00"
"170","67","1430","9686.24","9686.24","9686.24","0.00"
"171","67","1431","4632.00","4632.00","4632.00","0.00"
"172","67","1432","6092.59","6092.59","6092.59","0.00"
"173","67","1436","2962.34","2962.34","2962.34","0.00"
"174","68","1399","37760.96","19076.38","19076.38","0.00"
"175","68","1401","38783.65","38783.65","38783.65","0.00"
"176","68","1410","2745.59","2745.59","2745.59","0.00"
"177","68","1425","5810.27","5810.27","5810.27","0.00"
"178","68","1435","8999.28","8999.28","8999.28","0.00"
"179","68","1438","9681.39","9681.39","9681.39","0.00"
"180","68","1448","6573.64","6573.64","6573.64","0.00"
"181","68","1451","70307.22","70307.22","37329.80","32977.42"
"182","69","1451","70307.22","32977.42","24680.00","8297.42"
"183","70","1451","70307.22","8297.42","8297.42","0.00"
"184","70","1460","11999.04","11999.04","11702.58","296.46"
"185","71","1460","11999.04","296.46","296.46","0.00"
"186","71","1461","13948.58","13948.58","13948.58","0.00"
"187","71","1474","21365.10","21365.10","6443.96","14921.14"
"188","72","1474","21365.10","14921.14","450.00","14471.14"
"189","73","1318","3006.00","0.40","0.40","0.00"
"190","73","1362","1350.00","1350.00","1350.00","0.00"
"191","73","1363","2159.50","2159.50","2159.10","0.40"
"193","75","1414","2246.20","2246.20","1398.00","848.20"
"194","76","1359","625.04","625.04","625.04","0.00"
"195","76","1366","1412.00","1412.00","1412.00","0.00"
"196","76","1394","2333.99","2333.99","2333.96","0.03"
"197","77","1367","4730.40","4730.40","4730.40","0.00"
"198","77","1372","2495.00","2495.00","2495.00","0.00"
"199","78","1377","7446.08","7246.08","7246.08","0.00"
"200","78","1383","154.00","154.00","154.00","0.00"
"201","79","1427","1504.00","1504.00","1504.00","0.00"
"202","79","1428","7295.00","7295.00","7295.00","0.00"
"203","79","1473","3130.00","3130.00","2581.34","548.66"
"204","80","1409","3554.05","3554.05","3554.05","0.00"
"205","87","1493","2422.60","2422.60","2422.60","0.00"
"206","88","1474","21365.10","14471.14","14471.14","0.00"
"207","88","1480","22636.97","22636.97","22636.97","0.00"
"208","88","1483","3338.66","3338.66","3338.66","0.00"
"209","88","1506","6492.81","6492.81","6492.81","0.00"
"210","88","1509","11846.67","11846.67","11846.67","0.00"
"211","89","1441","468.60","468.60","468.60","0.00"
"212","89","1443","21983.58","21983.58","21983.58","0.00"
"213","89","1453","7120.74","7120.74","7120.74","0.00"
"214","90","1456","2348.15","2348.15","2348.15","0.00"
"215","90","1458","1162.07","1162.07","1162.07","0.00"
"216","90","1465","18120.25","18120.25","18120.25","0.00"
"217","90","1477","72.12","72.12","72.12","0.00"
"218","90","1478","3498.49","3498.49","3498.49","0.00"
"219","90","1481","2862.34","2862.34","2862.34","0.00"
"220","90","1482","8352.51","8352.51","8352.51","0.00"
"221","90","1485","1992.10","1992.10","1992.10","0.00"
"222","90","1489","1857.87","1857.87","1857.87","0.00"
"223","90","1490","7119.28","7119.28","7119.28","0.00"
"224","90","1494","15449.99","15449.99","15449.99","0.00"
"225","90","1498","408.93","408.93","408.93","0.00"
"226","90","1500","160.72","160.72","160.72","0.00"
"227","90","1503","492.78","492.78","492.78","0.00"
"228","90","1504","4649.97","4649.97","4649.97","0.00"
"229","90","1505","599.48","599.48","599.48","0.00"
"230","90","1517","14650.80","14650.80","5852.95","8797.85"
"231","93","1523","752.70","752.70","752.70","0.00"
"232","93","1527","5859.66","5859.66","5859.66","0.00"
"233","93","1535","14456.14","14456.14","6092.78","8363.36"
"234","94","1535","14456.14","8363.36","6127.00","2236.36"
"235","95","1414","2246.20","848.20","848.20","0.00"
"236","95","1416","2780.00","2780.00","2780.00","0.00"
"237","96","1363","2159.50","0.40","0.40","0.00"
"238","96","1407","2407.50","2407.50","2407.50","0.00"
"239","97","1404","540.00","540.00","540.00","0.00"
"240","98","1403","5687.00","4512.00","4512.00","0.00"
"241","98","1419","2040.00","2040.00","2040.00","0.00"
"242","99","1517","14650.80","8797.85","8797.85","0.00"
"243","100","1520","8304.51","8304.51","8304.51","0.00"
"244","101","1535","14456.14","2236.36","2236.36","0.00"
"245","101","1543","8236.77","8236.77","2234.03","6002.74"
"246","102","1543","8236.77","6002.74","3004.00","2998.74"
"247","103","1568","372.00","372.00","372.00","0.00"
"248","104","1521","2527.90","2527.90","2527.90","0.00"
"249","104","1529","781.14","781.14","781.14","0.00"
"250","105","1530","990.46","990.46","990.46","0.00"
"251","105","1531","1099.40","1099.40","1099.40","0.00"
"252","105","1540","11347.32","11347.32","11347.32","0.00"
"253","105","1541","3219.25","3219.25","3219.25","0.00"
"254","105","1545","40524.24","40524.24","5343.57","35180.67"
"255","107","1543","8236.77","2998.74","2998.74","0.00"
"256","107","1553","779.31","779.31","779.31","0.00"
"257","107","1564","140396.03","140396.03","14221.95","126174.08"
"258","108","1564","140396.03","126174.08","16000.00","110174.08"
"259","109","1545","40524.24","35180.67","35180.67","0.00"
"260","110","1564","140396.03","110174.08","100000.00","10174.08"
"261","111","1564","140396.03","10174.08","6930.00","3244.08"
"262","112","1473","3130.00","548.66","548.66","0.00"
"263","112","1548","30236.00","30236.00","30236.00","0.00"
"264","112","1584","720.00","720.00","720.00","0.00"
"265","113","1355","1398.00","1398.00","1398.00","0.00"
"266","113","1450","2563.00","2563.00","2563.00","0.00"
"267","113","1514","1582.00","1582.00","1582.00","0.00"
"268","114","1564","140396.03","3244.08","3244.08","0.00"
"269","114","1573","3817.12","3817.12","3526.22","290.90"
"270","115","1573","3817.12","290.90","290.90","0.00"
"271","115","1575","40731.74","40731.74","40731.74","0.00"
"272","115","1580","981.08","981.08","981.08","0.00"
"273","115","1581","11716.82","11716.82","11716.82","0.00"
"274","115","1588","4833.92","4833.92","4833.92","0.00"
"275","115","1593","13328.59","13328.59","1445.54","11883.05"
"276","116","1593","13328.59","11883.05","6847.50","5035.55"
"277","117","1593","13328.59","5035.55","4375.83","659.72"
"288","120","1593","13328.59","659.72","659.72","0.00"
"289","120","1601","2636.36","2636.36","2636.36","0.00"
"290","120","1623","5999.52","5999.52","5999.52","0.00"
"291","120","1628","5423.74","5423.74","5423.74","0.00"
"292","120","1633","7761.23","7761.23","7761.23","0.00"
"293","120","1637","10031.28","10031.28","10031.28","0.00"
"294","120","1640","24575.04","24575.04","24575.04","0.00"
"295","120","1659","597.80","597.80","597.80","0.00"
"296","121","1353","494.27","364.67","364.67","0.00"
"297","121","1375","1174.06","1012.21","1012.21","0.00"
"298","121","1420","446.73","311.53","311.53","0.00"
"299","121","1439","531.03","313.93","313.93","0.00"
"300","121","1463","2289.38","1740.73","312.97","1427.76"
"301","122","1463","2289.38","1427.76","1427.76","0.00"
"302","122","1486","1045.07","763.42","763.42","0.00"
"303","122","1502","448.71","388.41","388.41","0.00"
"304","122","1547","1490.97","1259.22","1259.22","0.00"
"305","122","1572","333.45","272.25","272.25","0.00"
"306","122","1582","12519.93","10775.55","801.22","9974.33"
"307","123","1664","57047.00","57047.00","20574.42","36472.58"
"308","124","1664","57047.00","36472.58","7457.00","29015.58"
"309","125","1495","18.29","18.29","18.29","0.00"
"310","125","1496","54.87","54.87","54.87","0.00"
"311","125","1511","4322.32","4322.32","4322.32","0.00"
"312","125","1512","1075.53","1075.53","1075.53","0.00"
"313","125","1550","2396.20","2396.20","0.00","2396.20"
"314","126","1457","2010.00","2010.00","2010.00","0.00"
"315","126","1487","4704.00","4704.00","4704.00","0.00"
"316","126","1539","922.78","922.78","922.78","0.00"
"317","127","1472","7268.00","7268.00","7268.00","0.00"
"318","127","1536","8046.14","8046.14","8046.14","0.00"
"319","128","1491","384.00","384.00","384.00","0.00"
"320","128","1492","2940.00","2940.00","2940.00","0.00"
"321","128","1537","651.70","651.70","651.70","0.00"
"322","129","1549","18641.21","18641.21","3507.90","15133.31"
"323","130","1664","57047.00","29015.58","29015.58","0.00"
"324","130","1670","2745.59","2745.59","2745.59","0.00"
"325","130","1674","90917.46","90917.46","58938.83","31978.63"
"326","131","1400","17069.00","17069.00","3895.00","13174.00"
"327","132","1549","18641.21","15133.31","15133.31","0.00"
"328","132","1552","4700.92","4700.92","4700.92","0.00"
"329","132","1555","596.22","596.22","596.22","0.00"
"330","132","1559","805.14","805.14","805.14","0.00"
"331","132","1560","6969.17","6969.17","6969.17","0.00"
"332","132","1569","10307.43","10307.43","10307.43","0.00"
"333","132","1577","1509.78","1509.78","1509.78","0.00"
"334","132","1578","179.25","179.25","179.25","0.00"
"335","132","1590","21178.77","21178.77","21178.77","0.00"
"336","132","1591","319.89","319.89","319.89","0.00"
"337","132","1592","2524.12","2524.12","2524.12","0.00"
"338","132","1604","836.62","836.62","836.62","0.00"
"339","132","1613","761.71","761.71","761.71","0.00"
"340","132","1614","369.60","369.60","369.60","0.00"
"341","132","1619","556.88","556.88","556.88","0.00"
"342","132","1620","9784.60","9784.60","9784.60","0.00"
"343","132","1622","9205.49","9205.49","9205.49","0.00"
"344","132","1629","9769.85","9769.85","9769.85","0.00"
"345","132","1630","698.32","698.32","698.32","0.00"
"346","132","1634","139.06","139.06","139.06","0.00"
"347","132","1642","4835.32","4835.32","3653.87","1181.45"
"348","133","1642","4835.32","1181.45","1181.45","0.00"
"349","133","1645","13963.86","13963.86","4821.55","9142.31"
"355","136","1558","700.00","700.00","700.00","0.00"
"356","136","1571","498.00","498.00","498.00","0.00"
"357","137","1631","23600.00","23600.00","23600.00","0.00"
"358","138","1550","2396.20","2396.20","2396.20","0.00"
"359","138","1551","2600.29","2600.29","2600.29","0.00"
"360","139","1400","17069.00","13174.00","13174.00","0.00"
"361","139","1413","5277.57","5277.57","5277.57","0.00"
"362","139","1445","20316.00","20316.00","15486.43","4829.57"
"363","140","1403","5687.00","1175.00","1175.00","0.00"
"364","141","1674","90917.46","31978.63","9493.00","22485.63"
"365","142","1656","732.00","732.00","732.00","0.00"
"366","142","1700","732.00","732.00","732.00","0.00"
"367","143","1674","90917.46","22485.63","22485.63","0.00"
"368","143","1683","34700.51","34700.51","2514.37","32186.14"
"369","144","1683","34700.51","32186.14","8146.36","24039.78"
"370","145","1683","34700.51","24039.78","3810.42","20229.36"
"371","146","1683","34700.51","20229.36","2650.00","17579.36"
"372","147","1683","34700.51","17579.36","3995.00","13584.36"
"373","148","1632","2880.00","2880.00","2880.00","0.00"
"374","149","1683","34700.51","13584.36","12503.00","1081.36"
"375","150","1683","34700.51","1081.36","1081.36","0.00"
"376","150","1689","5999.52","5999.52","5999.52","0.00"
"377","150","1696","5272.56","5272.56","5272.56","0.00"
"378","150","1697","4514.92","4514.92","3406.56","1108.36"
"379","151","1595","1140.00","1140.00","1140.00","0.00"
"380","151","1596","660.00","660.00","660.00","0.00"
"381","152","1605","5852.31","5852.31","5852.31","0.00"
"382","152","1621","4187.92","4187.92","4187.92","0.00"
"383","153","1608","1058.09","1058.09","1058.09","0.00"
"384","153","1609","626.55","626.55","626.55","0.00"
"385","153","1610","2119.50","2119.50","2119.50","0.00"
"386","154","1618","4020.00","4020.00","4020.00","0.00"
"387","155","1394","2333.99","0.03","0.03","0.00"
"388","155","1597","1737.00","1737.00","1737.00","0.00"
"389","155","1598","655.01","655.01","655.01","0.00"
"390","155","1636","1112.00","1112.00","1111.96","0.04"
"391","156","1636","1112.00","0.04","0.04","0.00"
"392","157","1584","720.00","720.00","720.00","0.00"
"393","157","1641","15795.60","15795.60","15795.60","0.00"
"394","158","1582","12519.93","9974.33","7240.77","2733.56"
"395","159","1582","12519.93","2733.56","2733.56","0.00"
"396","159","1587","829.41","652.41","526.44","125.97"
"397","160","1645","13963.86","9142.31","9142.31","0.00"
"398","160","1646","15463.40","15463.40","15463.40","0.00"
"399","160","1648","9075.30","9075.30","9075.30","0.00"
"400","160","1649","36317.00","36317.00","16318.99","19998.01"
"401","161","1745","686.00","686.00","686.00","0.00"
"402","162","1697","4514.92","1108.36","1108.36","0.00"
"403","162","1702","2882.91","2882.91","2882.91","0.00"
"404","162","1709","9820.69","9820.69","5364.73","4455.96"
"405","163","1649","36317.00","19998.01","19998.01","0.00"
"406","163","1658","4233.00","4233.00","4233.00","0.00"
"407","163","1665","12116.75","12116.75","12116.75","0.00"
"408","163","1666","12197.25","12197.25","12197.25","0.00"
"409","163","1668","3735.00","3735.00","3735.00","0.00"
"410","163","1671","7509.77","7509.77","7509.77","0.00"
"411","163","1672","5559.40","5559.40","5559.40","0.00"
"412","163","1675","123.63","123.63","123.63","0.00"
"413","163","1678","4233.77","4233.77","4233.77","0.00"
"414","163","1687","3313.33","3313.33","3313.33","0.00"
"415","163","1692","2669.04","2669.04","2669.04","0.00"
"416","163","1693","8374.87","8374.87","8374.87","0.00"
"417","163","1699","7894.84","7894.84","7894.84","0.00"
"418","163","1703","6331.59","6331.59","6331.59","0.00"
"419","163","1708","1218.25","1218.25","1218.25","0.00"
"420","163","1716","19527.00","19527.00","491.50","19035.50"
"421","164","1643","1753.08","1753.08","1753.08","0.00"
"422","165","1644","3399.01","3399.01","3399.00","0.01"
"423","166","1712","6978.00","6978.00","6978.00","0.00"
"424","167","1694","310.00","310.00","310.00","0.00"
"425","167","1695","2355.00","2355.00","2355.00","0.00"
"426","168","1635","4088.16","4088.16","4088.16","0.00"
"427","168","1650","1660.32","1660.32","1660.32","0.00"
"428","168","1684","1196.60","1196.60","1196.60","0.00"
"429","168","1685","209.24","209.24","209.24","0.00"
"430","169","1676","4793.00","4793.00","4793.00","0.00"
"431","170","1709","9820.69","4455.96","3897.00","558.96"
"432","171","1709","9820.69","558.96","558.96","0.00"
"433","171","1718","81469.76","81469.76","81469.76","0.00"
"434","171","1720","3784.17","3784.17","3784.17","0.00"
"435","171","1728","11035.85","11035.85","11035.85","0.00"
"436","171","1747","40361.81","40361.81","8151.26","32210.55"
"437","172","1747","40361.81","32210.55","4113.35","28097.20"
"438","174","1716","19527.00","19035.50","19035.50","0.00"
"439","174","1721","13154.91","13154.91","13154.91","0.00"
"440","174","1733","7841.48","7841.48","7841.48","0.00"
"441","174","1737","3946.05","3946.05","3946.05","0.00"
"442","174","1739","4023.78","4023.78","4023.78","0.00"
"443","174","1741","4436.88","4436.88","4436.88","0.00"
"444","175","1744","8130.00","8130.00","8130.00","0.00"
"445","176","1725","3000.00","3000.00","3000.00","0.00"
"446","176","1726","1760.00","1760.00","1760.00","0.00"
"447","176","1740","3625.00","3625.00","3625.00","0.00"
"448","177","1706","1217.42","1217.42","1217.42","0.00"
"449","177","1707","576.40","576.40","576.40","0.00"
"450","178","1766","2708.00","2708.00","2620.00","88.00"
"451","179","1747","40361.81","28097.20","6701.19","21396.01"
"452","180","1804","552.29","552.29","552.29","0.00"
"453","181","1823","4749.07","4749.07","252.61","4496.46"
"454","182","1747","40361.81","21396.01","3384.14","18011.87"
"455","183","1732","4515.05","4515.05","4515.05","0.00"
"456","184","1617","2434.90","2434.90","2434.90","0.00"
"457","185","1747","40361.81","18011.87","1245.00","16766.87"
"458","186","1836","2338.80","2338.80","2338.80","0.00"
"459","187","1735","1656.96","1656.96","1656.96","0.00"
"460","187","1769","4409.00","4409.00","4409.00","0.00"
"461","187","1777","268.00","268.00","268.00","0.00"
"462","187","1778","995.00","995.00","995.00","0.00"
"463","188","1814","7829.00","7829.00","7829.00","0.00"
"464","189","1747","40361.81","16766.87","16766.87","0.00"
"465","189","1755","26558.31","26558.31","26558.31","0.00"
"466","189","1763","37420.92","37420.92","37420.92","0.00"
"467","189","1772","6334.08","6334.08","6334.08","0.00"
"468","189","1786","30368.67","30368.67","13614.82","16753.85"
"469","190","1840","4000.00","4000.00","4000.00","0.00"
"470","191","1786","30368.67","16753.85","16753.85","0.00"
"471","191","1789","3479.70","3479.70","3479.70","0.00"
"472","191","1793","13642.95","13642.95","4766.45","8876.50"
"473","192","1748","18026.75","18026.75","18026.75","0.00"
"474","192","1753","278.97","278.97","278.97","0.00"
"475","192","1754","15322.24","15322.24","15322.24","0.00"
"476","192","1758","22959.18","22959.18","22959.18","0.00"
"477","193","1793","13642.95","8876.50","8876.50","0.00"
"478","193","1800","8036.64","8036.64","7562.00","474.64"
"479","194","1800","8036.64","474.64","474.64","0.00"
"480","194","1801","14229.24","14229.24","3650.36","10578.88"
"481","195","1788","4497.80","4497.80","4497.80","0.00"
"482","196","1780","1760.00","1760.00","1760.00","0.00"
"483","197","1762","2238.47","2238.47","2238.47","0.00"
"484","197","1767","3599.55","3599.55","3599.55","0.00"
"485","197","1775","4476.94","4476.94","4476.94","0.00"
"486","198","1766","2708.00","88.00","88.00","0.00"
"487","198","1768","1552.83","1552.83","1552.83","0.00"
"488","198","1779","605.00","605.00","605.00","0.00"
"489","199","1445","20316.00","4829.57","597.00","4232.57"
"490","200","1445","20316.00","4232.57","1340.00","2892.57"
"491","201","1445","20316.00","2892.57","2892.57","0.00"
"492","201","1546","1170.00","1170.00","1170.00","0.00"
"493","201","1743","1792.05","1792.05","1792.05","0.00"
"494","202","1801","14229.24","10578.88","10578.88","0.00"
"495","202","1821","14584.12","14584.12","4521.88","10062.24"
"496","203","1644","3399.01","0.01","0.01","0.00"
"497","203","1790","890.00","890.00","890.00","0.00"
"498","204","1770","2613.02","2613.02","2613.02","0.00"
"499","204","1797","5166.27","5166.27","5166.27","0.00"
"500","204","1798","19027.14","19027.14","19027.14","0.00"
"501","204","1815","8916.41","8916.41","8916.41","0.00"
"502","204","1817","3310.85","3310.85","3310.85","0.00"
"503","204","1824","12567.48","12567.48","12567.48","0.00"
"504","204","1834","1604.84","1604.84","1604.84","0.00"
"505","204","1841","238.90","238.90","238.90","0.00"
"506","204","1847","14302.99","14302.99","14302.99","0.00"
"507","204","1848","3432.98","3432.98","0.00","3432.98"
"508","205","1821","14584.12","10062.24","4840.48","5221.76"
"509","206","1888","955.90","955.90","955.90","0.00"
"510","207","1831","855.00","855.00","120.00","735.00"
"511","208","1821","14584.12","5221.76","5221.76","0.00"
"512","208","1829","37695.92","37695.92","37695.92","0.00"
"513","208","1838","6577.74","6577.74","6577.74","0.00"
"514","208","1839","3850.90","3850.90","504.58","3346.32"
"515","209","1806","2100.00","2100.00","2100.00","0.00"
"516","209","1818","2100.00","2100.00","2100.00","0.00"
"517","210","1839","3850.90","3346.32","3346.32","0.00"
"518","210","1855","14545.84","14545.84","8377.30","6168.54"
"519","211","1848","3432.98","3432.98","3432.98","0.00"
"520","211","1849","21952.68","21952.68","21952.68","0.00"
"521","211","1852","983.00","983.00","983.00","0.00"
"522","211","1856","443.60","443.60","443.60","0.00"
"523","211","1873","4758.51","4758.51","4758.51","0.00"
"524","211","1874","665.40","665.40","665.40","0.00"
"525","211","1876","2327.61","2327.61","2327.61","0.00"
"526","211","1881","19846.13","19846.13","19846.13","0.00"
"527","211","1890","15253.67","15253.67","15253.67","0.00"
"528","211","1891","7430.50","7430.50","7430.50","0.00"
"529","211","1896","31.24","31.24","31.24","0.00"
"530","211","1897","34967.27","34967.27","22874.68","12092.59"
"531","212","1855","14545.84","6168.54","4453.48","1715.06"
"532","213","1823","4749.07","4496.46","4496.46","0.00"
"533","213","1845","1224.70","1224.70","1224.70","0.00"
"534","213","1846","146.00","146.00","146.00","0.00"
"535","214","1787","3311.00","3311.00","3311.00","0.00"
"536","214","1799","1560.96","1560.96","1560.96","0.00"
"537","214","1807","480.00","480.00","480.00","0.00"
"538","214","1811","2099.00","2099.00","2099.00","0.00"
"539","214","1832","1525.02","1525.02","1525.02","0.00"
"540","214","1833","965.00","965.00","965.00","0.00"
"543","216","1844","2632.70","2632.70","2632.70","0.00"
"544","216","1850","7135.32","7135.32","7135.32","0.00"
"545","217","1828","2450.00","2450.00","2450.00","0.00"
"546","217","1843","4045.00","4045.00","4045.00","0.00"
"547","217","1875","4580.00","4580.00","4580.00","0.00"
"548","217","1889","1869.01","1869.01","1869.01","0.00"
"549","218","1809","3269.53","3269.53","3269.53","0.00"
"550","219","1831","855.00","735.00","735.00","0.00"
"551","219","1871","1861.90","1850.40","1850.40","0.00"
"552","219","1872","1243.00","1243.00","1243.00","0.00"
"553","220","1855","14545.84","1715.06","1715.06","0.00"
"554","220","1868","11289.89","11289.89","11289.89","0.00"
"555","220","1878","10382.82","10382.82","10382.82","0.00"
"556","220","1884","12385.91","12385.91","12385.91","0.00"
"557","220","1894","4799.82","4799.82","4799.82","0.00"
"558","220","1915","54972.63","54972.63","54972.63","0.00"
"559","220","1926","25741.76","25741.76","4453.87","21287.89"
"560","221","1897","34967.27","12092.59","12092.59","0.00"
"561","221","1898","6403.72","6403.72","6403.72","0.00"
"562","221","1903","1927.10","1927.10","1927.10","0.00"
"563","221","1908","9012.50","9012.50","9012.50","0.00"
"564","221","1909","32620.90","32620.90","32620.90","0.00"
"565","221","1911","712.60","712.60","712.60","0.00"
"566","221","1912","8488.80","8488.80","8488.80","0.00"
"567","221","1916","8278.08","8278.08","8278.08","0.00"
"568","221","1921","21728.00","21728.00","20463.71","1264.29"
"569","222","1900","1469.85","1469.85","1469.85","0.00"
"570","223","1921","21728.00","1264.29","1264.29","0.00"
"571","223","1922","4554.96","4554.96","4554.96","0.00"
"572","223","1928","8531.72","8531.72","8531.72","0.00"
"573","223","1929","3167.04","3167.04","3167.04","0.00"
"574","223","1938","5910.00","5910.00","5910.00","0.00"
"575","223","1939","1128.23","1128.23","1128.23","0.00"
"576","223","1940","1001.73","1001.73","1001.73","0.00"
"577","223","1941","6926.69","6926.69","6926.69","0.00"
"578","223","1952","29965.68","29965.68","29965.68","0.00"
"579","223","1953","26334.72","26334.72","17549.66","8785.06"
"580","224","1926","25741.76","21287.89","10594.29","10693.60"
"581","225","1926","25741.76","10693.60","1848.00","8845.60"
"582","226","1926","25741.76","8845.60","4175.57","4670.03"
"583","227","1926","25741.76","4670.03","4120.43","549.60"
"584","228","1926","25741.76","549.60","549.60","0.00"
"585","228","1927","28714.00","28714.00","28714.00","0.00"
"586","228","1937","5272.29","5272.29","5272.29","0.00"
"587","228","1942","13290.17","13290.17","13290.17","0.00"
"588","228","1957","62727.85","62727.85","2281.94","60445.91"
"589","229","1960","1705.60","1705.60","1705.00","0.60"
"590","230","1893","2490.00","2490.00","2490.00","0.00"
"591","231","1886","1835.02","1835.02","1835.00","0.02"
"592","232","1863","5188.39","5188.39","5188.39","0.00"
"593","232","1869","1712.62","1712.62","1712.62","0.00"
"594","232","1870","3989.98","3989.98","3989.98","0.00"
"595","233","1851","1340.00","1340.00","1340.00","0.00"
"596","234","1857","1793.45","1793.45","1793.45","0.00"
"597","234","1858","4689.72","4689.72","4689.72","0.00"
"598","234","1859","567.00","567.00","567.00","0.00"
"599","235","1886","1835.02","0.02","0.02","0.00"
"600","236","1982","4231.95","4231.95","4231.95","0.00"
"601","237","1957","62727.85","60445.91","2532.77","57913.14"
"602","238","1960","1705.60","0.60","0.60","0.00"
"603","239","1963","2715.00","2715.00","2715.00","0.00"
"604","239","1986","3036.00","3036.00","3036.00","0.00"
"605","240","1924","1777.02","1777.02","1777.02","0.00"
"606","241","1902","3765.00","3765.00","3765.00","0.00"
"607","241","1905","63.00","63.00","63.00","0.00"
"608","242","1923","855.00","855.00","855.00","0.00"
"609","243","1587","829.41","125.97","125.97","0.00"
"610","243","1624","714.01","590.46","590.46","0.00"
"611","243","1652","2637.41","2239.51","2239.51","0.00"
"612","243","1682","3107.62","2549.82","2549.82","0.00"
"613","243","1690","1430.19","1323.09","1323.09","0.00"
"614","243","1710","176.35","107.10","107.10","0.00"
"615","243","1730","305.65","172.10","172.10","0.00"
"616","243","1756","2013.44","1611.09","1611.09","0.00"
"617","243","1765","1496.12","796.12","796.12","0.00"
"618","243","1795","1980.12","1708.27","1708.27","0.00"
"619","243","1808","2345.59","1809.34","1809.34","0.00"
"620","243","1827","280.07","181.82","181.82","0.00"
"621","243","1842","975.24","795.99","795.99","0.00"
"622","243","1885","370.61","307.61","307.61","0.00"
"623","243","1907","882.83","592.43","592.43","0.00"
"624","243","1934","1766.93","1160.43","1160.43","0.00"
"625","243","1962","4479.30","4134.35","928.85","3205.50"
"626","244","1962","4479.30","3205.50","3205.50","0.00"
"627","244","1992","1174.70","859.80","859.80","0.00"
"628","244","2003","5622.78","4556.53","434.70","4121.83"
"629","245","2003","5622.78","4121.83","3000.00","1121.83"
"630","246","1957","62727.85","57913.14","30000.00","27913.14"
"631","247","1957","62727.85","27913.14","7438.02","20475.12"
"632","248","1957","62727.85","20475.12","17101.83","3373.29"
"633","249","1957","62727.85","3373.29","880.00","2493.29"
"634","250","1933","2670.00","2670.00","2670.00","0.00"
"635","251","1953","26334.72","8785.06","8785.06","0.00"
"636","251","1954","6456.05","6456.05","6456.05","0.00"
"637","251","1958","4529.04","4529.04","4529.04","0.00"
"638","251","1959","13851.95","13851.95","13851.95","0.00"
"639","251","1965","45221.00","45221.00","16377.90","28843.10"
"640","252","2003","5622.78","1121.83","1121.83","0.00"
"641","252","2025","4402.81","3671.31","2689.17","982.14"
"642","253","1957","62727.85","2493.29","2493.29","0.00"
"643","253","1980","31906.89","31906.89","11660.82","20246.07"
"644","264","1980","31906.89","20246.07","668.00","19578.07"
"645","265","1965","45221.00","28843.10","28843.10","0.00"
"646","265","1966","310.00","310.00","310.00","0.00"
"647","265","1967","7077.48","7077.48","7077.48","0.00"
"648","265","1969","86576.00","86576.00","86576.00","0.00"
"649","265","1972","36968.54","36968.54","2193.42","34775.12"
"650","266","1980","31906.89","19578.07","5265.22","14312.85"
"651","267","1980","31906.89","14312.85","14312.85","0.00"
"652","267","2001","12898.75","12898.75","5687.15","7211.60"
"653","268","2001","12898.75","7211.60","7211.60","0.00"
"654","268","2004","12502.93","12502.93","4788.40","7714.53"
"655","269","2004","12502.93","7714.53","1557.38","6157.15"
"656","270","2036","1431.00","1431.00","1431.00","0.00"
"657","271","1972","36968.54","34775.12","34775.12","0.00"
"658","271","1977","6183.60","6183.60","6183.60","0.00"
"659","271","1984","22552.00","22552.00","22552.00","0.00"
"660","271","1990","2334.09","2334.09","2334.09","0.00"
"661","271","1991","841.91","841.91","841.91","0.00"
"662","272","2004","12502.93","6157.15","6157.15","0.00"
"663","272","2019","15890.87","15890.87","15890.87","0.00"
"664","272","2020","11742.86","11742.86","11742.86","0.00"
"665","272","2024","25550.19","25550.19","25550.19","0.00"
"666","272","2026","8188.90","8188.90","8188.90","0.00"
"667","272","2048","1820.99","1820.99","1820.99","0.00"
"668","272","2058","13815.29","13815.29","13815.29","0.00"
"669","272","2062","22892.82","22892.82","22892.82","0.00"
"670","272","2067","56279.73","56279.73","56279.73","0.00"
"671","272","2076","135590.93","135590.93","135590.93","0.00"
"672","272","2079","17866.83","17866.83","17866.83","0.00"
"673","272","2093","9247.14","9247.14","9247.14","0.00"
"674","272","2094","7400.83","7400.83","7400.83","0.00"
"675","273","2025","4402.81","982.14","982.14","0.00"
"676","273","2041","1303.82","1106.92","1106.92","0.00"
"677","273","2055","9195.49","7997.19","7997.19","0.00"
"678","273","2084","413.03","230.03","230.03","0.00"
"679","274","2017","750.00","750.00","750.00","0.00"
"680","275","2083","343.00","152.00","152.00","0.00"
"681","276","2010","4231.26","4231.26","4231.26","0.00"
"682","276","2011","2130.37","2130.37","2130.37","0.00"
"683","276","2012","1549.00","1549.00","1549.00","0.00"
"686","278","1973","2310.10","2310.10","2310.10","0.00"
"687","278","1974","1300.00","1300.00","1300.00","0.00"
"688","279","1987","3909.00","3909.00","3909.00","0.00"
"689","280","2007","1168.98","1168.98","1168.98","0.00"
"690","280","2008","2688.00","2688.00","2688.00","0.00"
"691","280","2014","1056.03","1056.03","1056.03","0.00"
"692","280","2028","5304.79","5304.79","5304.79","0.00"
"693","280","2029","374.82","374.82","374.82","0.00"
"694","280","2033","9739.81","9739.81","9739.81","0.00"
"695","280","2039","4393.49","4393.49","4393.49","0.00"
"696","280","2040","288.66","288.66","288.66","0.00"
"697","280","2046","2428.75","2428.75","2428.75","0.00"
"698","280","2047","13430.64","13430.64","13430.64","0.00"
"699","280","2057","3422.37","3422.37","3422.37","0.00"
"700","280","2059","13534.40","13534.40","13534.40","0.00"
"701","280","2060","1148.99","1148.99","1148.99","0.00"
"702","280","2061","1584.15","1584.15","1584.15","0.00"
"703","280","2063","20247.38","20247.38","20247.38","0.00"
"704","280","2065","10190.46","10190.46","9188.74","1001.72"
"705","281","2013","2086.00","2086.00","2086.00","0.00"
"706","281","2032","5740.00","5740.00","5740.00","0.00"
"707","282","2016","4677.92","4677.92","4677.92","0.00"
"708","283","1988","2345.72","2345.72","2345.72","0.00"
"709","284","2116","8039.64","8039.64","848.00","7191.64"
"710","285","2116","8039.64","7191.64","848.00","6343.64"
"711","286","2116","8039.64","6343.64","6343.64","0.00"
"712","286","2140","4418.91","4418.91","4418.91","0.00"
"713","286","2144","50580.74","50580.74","9237.45","41343.29"
"714","287","2144","50580.74","41343.29","11077.97","30265.32"
"715","288","2144","50580.74","30265.32","4690.57","25574.75"
"716","289","2065","10190.46","1001.72","1001.72","0.00"
"717","289","2066","9666.11","9666.11","9666.11","0.00"
"718","289","2070","2676.28","2676.28","2676.28","0.00"
"719","289","2071","5166.65","5166.65","5166.65","0.00"
"720","289","2072","11621.19","11621.19","6489.24","5131.95"
"722","291","2108","1756.00","1756.00","1756.00","0.00"
"723","291","2109","477.95","477.95","477.95","0.00"
"724","291","2119","1469.85","1469.85","1469.85","0.00"
"725","292","2144","50580.74","25574.75","9636.35","15938.40"
"726","293","2144","50580.74","15938.40","15938.40","0.00"
"727","293","2153","16206.69","16206.69","9941.60","6265.09"
"728","294","2072","11621.19","5131.95","5131.95","0.00"
"729","294","2073","7832.40","7832.40","7832.40","0.00"
"730","294","2074","40743.77","40743.77","40743.77","0.00"
"731","294","2075","15619.36","15619.36","15619.36","0.00"
"732","294","2078","6921.90","6921.90","6921.90","0.00"
"733","294","2082","30057.15","30057.15","23750.62","6306.53"
"734","295","2082","30057.15","6306.53","6306.53","0.00"
"735","295","2088","21168.89","21168.89","21168.89","0.00"
"736","295","2089","63430.00","63430.00","47524.58","15905.42"
"737","296","2069","23489.79","23489.79","23489.79","0.00"
"738","296","2146","22943.74","22943.74","16293.21","6650.53"
"739","297","2089","63430.00","15905.42","15905.42","0.00"
"740","297","2090","10847.70","10847.70","10847.70","0.00"
"741","297","2095","2541.04","2541.04","2541.04","0.00"
"742","297","2097","1777.24","1777.24","1777.24","0.00"
"743","297","2103","3869.04","3869.04","3869.04","0.00"
"744","297","2105","1187.28","1187.28","1187.28","0.00"
"745","297","2106","11874.93","11874.93","11874.93","0.00"
"746","297","2110","298.02","298.02","298.02","0.00"
"747","297","2118","2204.12","2204.12","1699.33","504.79"
"748","298","2043","5730.00","5730.00","5730.00","0.00"
"749","298","2044","8908.00","8908.00","8908.00","0.00"
"750","299","2086","6604.00","6604.00","6604.00","0.00"
"751","300","2051","1733.65","1733.65","1733.65","0.00"
"752","300","2052","533.00","533.00","533.00","0.00"
"753","300","2053","2211.00","2211.00","2211.00","0.00"
"754","300","2100","975.00","975.00","975.00","0.00"
"755","301","2050","1980.00","1980.00","1980.00","0.00"
"756","301","2101","2520.00","2520.00","2520.00","0.00"
"757","302","2049","4005.00","4005.00","4005.00","0.00"
"758","303","2006","3933.57","3933.57","3933.57","0.00"
"759","303","2009","3838.71","3838.71","3838.71","0.00"
"760","303","2045","3838.71","3838.71","3838.71","0.00"
"761","304","2120","4374.92","4374.92","4374.92","0.00"
"762","305","2118","2204.12","504.79","504.79","0.00"
"763","305","2121","18345.59","18345.59","18345.59","0.00"
"764","305","2122","3195.30","3195.30","3195.30","0.00"
"765","305","2126","3189.39","3189.39","3189.39","0.00"
"766","305","2128","29879.48","29879.48","29879.48","0.00"
"767","305","2132","7662.16","7662.16","7662.16","0.00"
"768","305","2133","9862.12","9862.12","9862.12","0.00"
"769","305","2135","736.28","736.28","736.28","0.00"
"770","305","2137","27545.67","27545.67","6624.89","20920.78"
"771","306","2141","23021.67","23021.67","23021.67","0.00"
"772","307","2137","27545.67","20920.78","20920.78","0.00"
"773","307","2142","1510.23","1510.23","1510.23","0.00"
"774","307","2143","11650.35","11650.35","11650.35","0.00"
"775","307","2149","15385.40","15385.40","15385.40","0.00"
"776","307","2150","2778.83","2778.83","2778.83","0.00"
"777","307","2162","12459.93","12459.93","12459.93","0.00"
"778","307","2163","3931.74","3931.74","294.48","3637.26"
"779","308","2163","3931.74","3637.26","3637.26","0.00"
"780","308","2169","1250.76","1250.76","1250.76","0.00"
"781","308","2186","450.96","450.96","450.96","0.00"
"782","308","2187","19014.83","19014.83","516.82","18498.01"
"783","309","2199","851.85","851.85","851.85","0.00"
"784","309","2202","1330.00","1330.00","1330.00","0.00"
"785","309","2241","477.95","477.95","0.15","477.80"
"786","310","2153","16206.69","6265.09","6265.09","0.00"
"787","310","2158","6389.88","6389.88","6389.88","0.00"
"788","310","2164","21970.73","21970.73","21970.73","0.00"
"789","310","2171","4926.12","4926.12","4926.12","0.00"
"790","310","2181","10071.93","10071.93","10071.93","0.00"
"791","310","2183","2697.25","2697.25","376.25","2321.00"
"792","311","2183","2697.25","2321.00","2321.00","0.00"
"793","311","2190","33733.48","33733.48","1179.00","32554.48"
"794","312","2157","5806.70","5806.70","5806.70","0.00"
"795","313","2147","2586.00","2586.00","2586.00","0.00"
"798","316","2190","33733.48","32554.48","3463.00","29091.48"
"799","317","2190","33733.48","29091.48","3770.00","25321.48"
"800","318","2190","33733.48","25321.48","7597.36","17724.12"
"801","319","2124","556.55","406.55","406.55","0.00"
"802","319","2136","1434.26","1202.06","1202.06","0.00"
"803","319","2154","1714.28","1133.28","1133.28","0.00"
"804","319","2156","848.48","640.08","640.08","0.00"
"805","319","2168","4242.25","3593.45","2307.28","1286.17"
"806","320","2190","33733.48","17724.12","17724.12","0.00"
"807","320","2200","28111.17","28111.17","1456.35","26654.82"
"808","321","2200","28111.17","26654.82","723.00","25931.82"
"809","322","2200","28111.17","25931.82","25931.82","0.00"
"810","322","2211","14392.28","14392.28","14392.28","0.00"
"811","322","2218","16589.23","16589.23","9675.90","6913.33"
"812","323","2218","16589.23","6913.33","6913.33","0.00"
"813","323","2222","23330.35","23330.35","10307.79","13022.56"
"814","324","2222","23330.35","13022.56","6996.66","6025.90"
"815","325","2197","20750.00","20750.00","20750.00","0.00"
"816","325","2208","6660.00","6660.00","6660.00","0.00"
"817","325","2250","3954.00","3954.00","3954.00","0.00"
"818","325","2267","1645.00","1645.00","1636.00","9.00"
"819","326","2314","2927.00","2927.00","2927.00","0.00"
"820","327","2174","3324.24","3324.24","3324.24","0.00"
"821","327","2225","5461.32","5461.32","0.01","5461.31"
"822","328","2187","19014.83","18498.01","18498.01","0.00"
"823","328","2188","2731.50","2731.50","2731.50","0.00"
"824","328","2193","55776.24","55776.24","55776.24","0.00"
"825","328","2195","1556.50","1556.50","1556.50","0.00"
"826","328","2198","5108.20","5108.20","5108.20","0.00"
"827","328","2203","213.58","213.58","213.58","0.00"
"828","328","2205","11179.50","11179.50","11179.50","0.00"
"829","328","2226","541.89","541.89","541.89","0.00"
"830","328","2230","4698.48","4698.48","4394.58","303.90"
"831","329","2222","23330.35","6025.90","6025.90","0.00"
"832","329","2228","4893.46","4893.46","4893.46","0.00"
"833","329","2245","4418.91","4418.91","4418.91","0.00"
"834","329","2248","24379.27","24379.27","24379.27","0.00"
"835","329","2262","1741.52","1741.52","1741.52","0.00"
"836","329","2278","30244.54","30244.54","30244.54","0.00"
"837","329","2285","8063.89","8063.89","8063.89","0.00"
"838","329","2290","1791.00","1791.00","1791.00","0.00"
"839","329","2294","12773.16","12773.16","12773.16","0.00"
"840","329","2298","9439.96","9439.96","5668.35","3771.61"
"841","330","2241","477.95","477.80","477.80","0.00"
"842","331","2298","9439.96","3771.61","3771.61","0.00"
"843","331","2307","90828.74","90828.74","10532.16","80296.58"
"844","332","2307","90828.74","80296.58","634.00","79662.58"
"845","333","2207","637.00","637.00","637.00","0.00"
"846","333","2215","4188.00","4188.00","4188.00","0.00"
"847","333","2258","790.05","790.05","790.05","0.00"
"848","333","2263","2025.04","2025.04","2025.04","0.00"
"849","333","2273","5005.57","5005.57","2291.91","2713.66"
"850","334","2307","90828.74","79662.58","5172.78","74489.80"
"851","335","2272","5724.42","5724.42","5724.42","0.00"
"852","336","2307","90828.74","74489.80","550.00","73939.80"
"853","337","2230","4698.48","303.90","303.90","0.00"
"854","337","2231","160.89","160.89","160.89","0.00"
"855","337","2233","913.62","913.62","913.62","0.00"
"856","337","2237","6793.80","6793.80","5121.59","1672.21"
"857","338","2307","90828.74","73939.80","12339.73","61600.07"
"858","339","2307","90828.74","61600.07","50000.00","11600.07"
"859","340","2307","90828.74","11600.07","11600.07","0.00"
"860","340","2324","27898.88","27898.88","15041.93","12856.95"
"861","341","2237","6793.80","1672.21","1672.21","0.00"
"862","341","2238","4045.24","4045.24","4045.24","0.00"
"863","341","2242","9621.30","9621.30","9621.30","0.00"
"864","341","2244","32954.34","32954.34","32954.34","0.00"
"865","341","2249","19836.10","19836.10","19836.10","0.00"
"866","341","2251","854.16","854.16","854.16","0.00"
"867","341","2252","3025.58","3025.58","3025.58","0.00"
"868","341","2253","33971.00","33971.00","33971.00","0.00"
"869","341","2259","1225.85","1225.85","1225.85","0.00"
"870","341","2264","1069.16","1069.16","1069.16","0.00"
"871","341","2266","48647.10","48647.10","48647.10","0.00"
"872","341","2268","20147.76","20147.76","18077.96","2069.80"
"875","343","2196","1646.00","1646.00","1646.00","0.00"
"876","344","2213","4289.99","4289.99","4289.99","0.00"
"877","344","2214","45.00","45.00","45.00","0.00"
"878","344","2243","720.00","720.00","720.00","0.00"
"881","346","2225","5461.32","5461.31","5461.31","0.00"
"882","346","2236","10989.34","10989.34","10989.34","0.00"
"883","346","2260","6553.89","6553.89","6553.89","0.00"
"884","347","2117","2649.71","2649.71","2649.71","0.00"
"885","347","2229","4506.20","4506.20","4506.20","0.00"
"886","348","2267","1645.00","9.00","9.00","0.00"
"887","348","2274","4150.00","4150.00","4150.00","0.00"
"888","348","2293","4688.00","4688.00","4688.00","0.00"
"889","348","2317","6020.00","6020.00","6011.00","9.00"
"891","350","2324","27898.88","12856.95","4964.41","7892.54"
"892","351","2148","3595.02","3595.02","3595.02","0.00"
"893","351","2239","1435.02","1435.02","1435.02","0.00"
"894","352","2324","27898.88","7892.54","914.00","6978.54"
"895","353","2329","449.95","449.95","449.95","0.00"
"896","353","2365","5091.10","5091.10","0.05","5091.05"
"897","354","2365","5091.10","5091.05","5091.05","0.00"
"898","354","2403","899.90","899.90","0.05","899.85"
"899","355","2273","5005.57","2713.66","2713.66","0.00"
"900","355","2292","2292.00","2292.00","2292.00","0.00"
"901","355","2346","6200.00","6200.00","6200.00","0.00"
"902","355","2366","2954.96","2954.96","2954.96","0.00"
"903","355","2367","533.00","533.00","533.00","0.00"
"904","355","2368","6498.00","6498.00","6.38","6491.62"
"905","356","2324","27898.88","6978.54","6978.54","0.00"
"906","356","2326","7522.82","7522.82","7522.82","0.00"
"907","356","2331","75462.75","75462.75","75462.75","0.00"
"908","356","2344","9138.40","9138.40","9138.40","0.00"
"909","356","2345","25432.23","25432.23","25432.23","0.00"
"910","356","2351","2283.66","2283.66","2283.66","0.00"
"911","356","2353","21634.50","21634.50","21634.50","0.00"
"912","356","2364","21163.06","21163.06","1547.10","19615.96"
"913","357","2364","21163.06","19615.96","19615.96","0.00"
"914","357","2372","82677.76","82677.76","30384.04","52293.72"
"915","358","2268","20147.76","2069.80","2069.80","0.00"
"916","358","2269","3087.89","3087.89","3087.89","0.00"
"917","358","2280","669.21","669.21","669.21","0.00"
"918","358","2281","8184.72","8184.72","8184.72","0.00"
"919","358","2282","3986.86","3986.86","3986.86","0.00"
"920","358","2283","14226.85","14226.85","14226.85","0.00"
"921","358","2286","13384.20","13384.20","13384.20","0.00"
"922","358","2297","2379.32","2379.32","2379.32","0.00"
"923","358","2300","8842.33","8842.33","8842.33","0.00"
"924","358","2310","474.42","474.42","474.42","0.00"
"925","358","2311","8119.33","8119.33","8119.33","0.00"
"926","358","2313","20201.03","20201.03","20201.03","0.00"
"927","358","2315","1010.88","1010.88","1010.88","0.00"
"928","358","2325","266.88","266.88","266.88","0.00"
"929","358","2332","2961.54","2961.54","2961.54","0.00"
"930","358","2333","8442.22","8442.22","134.74","8307.48"
"931","359","2368","6498.00","6491.62","6491.62","0.00"
"932","359","2407","5242.99","5242.99","6.38","5236.61"
"933","360","2372","82677.76","52293.72","50000.00","2293.72"
"934","361","2146","22943.74","6650.53","6650.53","0.00"
"935","361","2306","10578.50","10578.50","2407.05","8171.45"
"936","362","2333","8442.22","8307.48","4463.06","3844.42"
"937","363","2372","82677.76","2293.72","2293.72","0.00"
"938","363","2384","7998.94","7998.94","7998.94","0.00"
"939","363","2392","5518.91","5518.91","5518.91","0.00"
"940","363","2398","14550.79","14550.79","1314.53","13236.26"
"941","364","2333","8442.22","3844.42","3844.42","0.00"
"942","364","2334","2937.20","2937.20","2937.20","0.00"
"943","364","2350","6909.78","6909.78","6909.78","0.00"
"944","364","2352","4867.68","4867.68","4867.68","0.00"
"945","364","2357","868.26","868.26","868.26","0.00"
"946","364","2358","7318.47","7318.47","7318.47","0.00"
"947","364","2359","11099.16","11099.16","11099.16","0.00"
"948","364","2360","3396.77","3396.77","3396.77","0.00"
"949","364","2361","7378.13","7378.13","7378.13","0.00"
"950","364","2379","12616.95","12616.95","0.00","12616.95"
"951","365","2291","2054.00","2054.00","2054.00","0.00"
"952","366","2319","3054.00","3054.00","3054.00","0.00"
"953","366","2321","2204.25","2204.25","2204.25","0.00"
"954","366","2336","90.00","90.00","90.00","0.00"
"955","367","2317","6020.00","9.00","9.00","0.00"
"956","367","2328","34745.00","34745.00","34745.00","0.00"
"957","367","2335","780.00","780.00","780.00","0.00"
"958","368","2348","8767.44","8767.44","8767.44","0.00"
"959","368","2375","9274.05","9274.05","11.37","9262.68"
"960","369","2270","5060.04","5060.04","5060.04","0.00"
"961","369","2299","219.04","219.04","219.04","0.00"
"962","370","2308","1980.00","1980.00","1980.00","0.00"
"963","371","2398","14550.79","13236.26","13236.26","0.00"
"964","371","2411","4268.31","4268.31","4268.31","0.00"
"965","371","2412","11998.41","11998.41","11998.41","0.00"
"966","371","2425","47061.06","47061.06","47061.06","0.00"
"967","371","2427","23112.24","23112.24","335.96","22776.28"
"968","372","2168","4242.25","1286.17","1286.17","0.00"
"969","372","2184","5183.57","4990.97","4990.97","0.00"
"970","372","2192","5513.69","4617.44","4617.44","0.00"
"971","372","2221","4524.73","3581.28","3581.28","0.00"
"972","372","2257","2254.97","1683.92","1683.92","0.00"
"973","372","2279","4719.90","3569.40","3569.40","0.00"
"974","372","2289","3480.00","3343.20","3343.20","0.00"
"975","372","2309","1940.82","1527.52","1527.52","0.00"
"976","372","2338","3351.62","2770.68","2770.68","0.00"
"977","372","2354","11817.71","9816.71","9816.71","0.00"
"978","372","2369","2139.52","1784.97","1784.97","0.00"
"979","372","2374","2123.78","1749.98","1749.98","0.00"
"980","372","2387","611.62","413.27","413.27","0.00"
"981","372","2429","1872.27","1418.62","1418.62","0.00"
"982","372","2447","4875.98","4050.83","4050.83","0.00"
"983","372","2466","2443.80","1291.75","1291.75","0.00"
"984","373","2427","23112.24","22776.28","6894.00","15882.28"
"985","374","2427","23112.24","15882.28","15882.28","0.00"
"986","374","2434","20108.28","20108.28","14693.27","5415.01"
"987","375","2403","899.90","899.85","899.85","0.00"
"988","375","2428","511.00","511.00","511.00","0.00"
"989","375","2435","1350.00","1350.00","1350.00","0.00"
"990","375","2443","301.95","301.95","301.95","0.00"
"991","375","2459","900.00","900.00","0.05","899.95"
"992","376","2434","20108.28","5415.01","1011.00","4404.01"
"993","377","2457","2172.40","2172.40","2172.00","0.40"
"994","378","2390","3683.40","3683.40","3683.40","0.00"
"995","378","2404","2750.00","2750.00","2750.00","0.00"
"996","378","2406","651.00","651.00","651.00","0.00"
"997","378","2431","12697.00","12697.00","12697.00","0.00"
"998","379","2379","12616.95","12616.95","12616.95","0.00"
"999","379","2380","3551.58","3551.58","3551.58","0.00"
"1000","379","2388","1023.42","1023.42","1023.42","0.00"
"1001","379","2389","326.28","326.28","326.28","0.00"
"1002","379","2402","4297.15","4297.15","4297.15","0.00"
"1003","379","2408","5688.15","5688.15","5688.15","0.00"
"1004","379","2409","540.72","540.72","540.72","0.00"
"1005","379","2410","373.59","373.59","373.59","0.00"
"1006","379","2414","1886.64","1886.64","1886.64","0.00"
"1007","379","2420","8163.54","8163.54","8163.54","0.00"
"1008","379","2421","19979.28","19979.28","19979.28","0.00"
"1009","379","2422","10063.38","10063.38","10063.38","0.00"
"1010","379","2437","34650.00","34650.00","31489.32","3160.68"
"1011","380","2434","20108.28","4404.01","4404.01","0.00"
"1012","380","2438","24067.52","24067.52","10478.50","13589.02"
"1013","381","2438","24067.52","13589.02","5223.00","8366.02"
"1014","382","2376","384.00","384.00","384.00","0.00"
"1015","382","2377","1968.00","1968.00","1968.00","0.00"
"1016","382","2378","195.00","195.00","195.00","0.00"
"1017","383","2375","9274.05","9262.68","9262.68","0.00"
"1018","384","2362","1185.00","1185.00","1185.00","0.00"
"1019","384","2381","5358.00","5358.00","5358.00","0.00"
"1020","385","2413","3124.00","3124.00","3124.00","0.00"
"1021","385","2415","2087.68","2087.68","2087.68","0.00"
"1022","385","2416","2050.00","2050.00","2050.00","0.00"
"1023","385","2482","3505.00","3505.00","0.00","3505.00"
"1024","386","2438","24067.52","8366.02","5595.95","2770.07"
"1025","387","2438","24067.52","2770.07","2770.07","0.00"
"1026","387","2442","26255.33","26255.33","232.78","26022.55"
"1027","388","2459","900.00","899.95","899.95","0.00"
"1028","388","2496","302.00","302.00","302.00","0.00"
"1029","388","2545","1349.85","1349.85","0.05","1349.80"
"1030","389","2437","34650.00","3160.68","3160.68","0.00"
"1031","389","2441","518.16","518.16","518.16","0.00"
"1032","389","2450","7799.01","7799.01","7799.01","0.00"
"1033","389","2451","6651.06","6651.06","6651.06","0.00"
"1034","389","2452","22147.20","22147.20","22147.20","0.00"
"1035","389","2453","3962.80","3962.80","3962.80","0.00"
"1036","389","2454","10150.92","10150.92","10150.92","0.00"
"1037","389","2455","19435.93","19435.93","19435.93","0.00"
"1038","389","2469","6918.48","6918.48","1174.24","5744.24"
"1039","390","2442","26255.33","26022.55","26022.55","0.00"
"1040","390","2445","7926.48","7926.48","7926.48","0.00"
"1041","390","2458","1928.94","1928.94","1928.94","0.00"
"1042","390","2460","41387.71","41387.71","41387.71","0.00"
"1043","390","2475","6191.18","6191.18","6191.18","0.00"
"1044","390","2479","81879.06","81879.06","81879.06","0.00"
"1045","390","2485","6886.56","6886.56","6886.56","0.00"
"1046","390","2493","6672.73","6672.73","6672.73","0.00"
"1047","390","2502","10864.03","10864.03","10864.03","0.00"
"1048","390","2503","39301.00","39301.00","10240.76","29060.24"
"1049","391","2503","39301.00","29060.24","9608.00","19452.24"
"1050","392","2503","39301.00","19452.24","5800.00","13652.24"
"1051","393","2433","675.00","675.00","675.00","0.00"
"1052","394","2481","2915.00","2915.00","2915.00","0.00"
"1053","395","2503","39301.00","13652.24","13652.24","0.00"
"1054","395","2525","21813.47","21813.47","21222.76","590.71"
"1055","396","2469","6918.48","5744.24","5744.24","0.00"
"1056","396","2472","2583.89","2583.89","2583.89","0.00"
"1057","396","2473","16770.39","16770.39","16770.39","0.00"
"1058","396","2474","22957.98","22957.98","22957.98","0.00"
"1059","396","2487","14829.91","14829.91","14829.91","0.00"
"1060","396","2491","19951.13","19951.13","19951.13","0.00"
"1061","396","2492","2998.91","2998.91","2998.91","0.00"
"1062","396","2498","3468.24","3468.24","3468.24","0.00"
"1063","396","2499","16284.84","16284.84","10695.31","5589.53"
"1067","398","2467","4038.00","4038.00","4038.00","0.00"
"1068","398","2468","6660.00","6660.00","6660.00","0.00"
"1069","399","2440","1524.00","1524.00","1524.00","0.00"
"1070","400","2446","5284.75","5284.75","5284.75","0.00"
"1071","400","2449","6468.00","6468.00","6468.00","0.00"
"1072","401","2407","5242.99","5236.61","5236.61","0.00"
"1073","401","2456","5980.02","5980.02","5980.02","0.00"
"1074","402","2482","3505.00","3505.00","3505.00","0.00"
"1075","402","2483","2065.00","2065.00","2065.00","0.00"
"1076","403","2461","1045.25","1045.25","1045.25","0.00"
"1077","403","2463","4284.00","4284.00","4284.00","0.00"
"1078","404","2302","2463.00","2463.00","2463.00","0.00"
"1079","404","2342","783.00","783.00","783.00","0.00"
"1080","404","2497","4442.99","4442.99","4442.99","0.00"
"1085","408","2545","1349.85","1349.80","1349.80","0.00"
"1086","409","2306","10578.50","8171.45","8171.45","0.00"
"1087","409","2537","8500.56","8500.56","8500.56","0.00"
"1088","410","2525","21813.47","590.71","590.71","0.00"
"1089","410","2532","138537.40","138537.40","39409.29","99128.11"
"1090","411","2499","16284.84","5589.53","5589.53","0.00"
"1091","411","2500","1414.75","1414.75","1414.75","0.00"
"1092","411","2504","12972.36","12972.36","12972.36","0.00"
"1093","411","2508","6332.75","6332.75","6332.75","0.00"
"1094","411","2509","16608.18","16608.18","16608.18","0.00"
"1095","411","2512","2653.00","2653.00","2653.00","0.00"
"1096","411","2513","2662.40","2662.40","2662.40","0.00"
"1097","411","2517","3018.47","3018.47","3018.47","0.00"
"1098","411","2518","25712.47","25712.47","25712.47","0.00"
"1099","411","2519","3212.40","3212.40","3212.40","0.00"
"1100","411","2520","23704.78","23704.78","23704.78","0.00"
"1101","411","2526","195.80","195.80","195.80","0.00"
"1102","411","2534","36273.87","36273.87","36273.87","0.00"
"1103","411","2547","24554.34","24554.34","9649.24","14905.10"
"1104","412","2457","2172.40","0.40","0.40","0.00"
"1105","413","2532","138537.40","99128.11","9270.38","89857.73"
"1106","414","2532","138537.40","89857.73","23589.00","66268.73"
"1107","415","2532","138537.40","66268.73","4390.00","61878.73"
"1108","416","2532","138537.40","61878.73","557.00","61321.73"
"1109","417","2532","138537.40","61321.73","1750.00","59571.73"
"1110","418","2547","24554.34","14905.10","14905.10","0.00"
"1111","418","2548","5723.67","5723.67","5723.67","0.00"
"1112","418","2549","3387.35","3387.35","3387.35","0.00"
"1113","418","2550","363.09","363.09","363.09","0.00"
"1114","418","2554","7313.27","7313.27","7313.27","0.00"
"1115","418","2561","1359.92","1359.92","1359.92","0.00"
"1116","418","2562","871.40","871.40","871.40","0.00"
"1117","418","2569","14560.30","14560.30","14560.30","0.00"
"1118","418","2571","399.92","399.92","399.92","0.00"
"1119","418","2575","1399.62","1399.62","1399.62","0.00"
"1120","418","2576","13882.62","13882.62","13882.62","0.00"
"1121","418","2577","6921.22","6921.22","2833.74","4087.48"
"1122","419","2574","589.00","589.00","589.00","0.00"
"1123","420","2532","138537.40","59571.73","12828.62","46743.11"
"1124","421","2598","2708.00","2708.00","2708.00","0.00"
"1125","421","2618","449.95","449.95","449.95","0.00"
"1126","422","2532","138537.40","46743.11","46743.11","0.00"
"1127","422","2536","49809.19","49809.19","3256.89","46552.30"
"1128","423","2536","49809.19","46552.30","350.00","46202.30"
"1129","424","2515","440.40","440.40","440.40","0.00"
"1130","424","2579","996.00","996.00","996.00","0.00"
"1131","424","2581","537.55","537.55","537.55","0.00"
"1132","424","2582","998.70","998.70","998.70","0.00"
"1133","424","2595","308.80","308.80","308.80","0.00"
"1134","425","2577","6921.22","4087.48","4087.48","0.00"
"1135","425","2578","323.40","323.40","323.40","0.00"
"1136","425","2590","23650.10","23650.10","23650.10","0.00"
"1137","425","2591","6764.48","6764.48","6764.48","0.00"
"1138","425","2597","1324.30","1324.30","1324.30","0.00"
"1139","425","2601","756.44","756.44","756.44","0.00"
"1140","425","2603","4499.92","4499.92","4499.92","0.00"
"1141","425","2604","6136.00","6136.00","6136.00","0.00"
"1142","425","2605","13392.34","13392.34","2457.88","10934.46"
"1143","426","2536","49809.19","46202.30","4410.00","41792.30"
"1144","427","2480","2411.17","1768.96","1768.96","0.00"
"1145","427","2505","699.90","468.60","468.60","0.00"
"1146","427","2510","1137.85","960.90","960.90","0.00"
"1147","427","2544","8836.59","7118.39","7118.39","0.00"
"1148","427","2553","162.93","107.68","107.68","0.00"
"1149","427","2564","498.83","370.33","370.33","0.00"
"1150","427","2586","1859.60","1251.35","1251.35","0.00"
"1151","427","2609","1688.27","1095.27","1095.27","0.00"
"1152","427","2610","7191.46","6329.46","6329.46","0.00"
"1153","427","2648","1115.25","950.10","950.10","0.00"
"1154","427","2680","8197.92","7014.77","7014.77","0.00"
"1155","428","2536","49809.19","41792.30","41792.30","0.00"
"1156","428","2543","5700.00","5700.00","5700.00","0.00"
"1157","428","2559","28083.39","28083.39","28083.39","0.00"
"1158","428","2572","8618.78","8618.78","8618.78","0.00"
"1159","428","2573","6044.00","6044.00","6044.00","0.00"
"1160","428","2588","75009.52","75009.52","9761.53","65247.99"
"1161","429","2528","2162.57","2162.57","2162.57","0.00"
"1162","429","2529","3427.32","3427.32","3427.32","0.00"
"1163","429","2570","4644.00","4644.00","4644.00","0.00"
"1164","430","2539","1325.04","1325.04","1325.04","0.00"
"1165","430","2540","4786.65","4786.65","4786.65","0.00"
"1166","430","2565","8934.86","8934.86","8934.86","0.00"
"1167","431","2566","3088.00","3088.00","3088.00","0.00"
"1168","431","2567","2225.00","2225.00","2225.00","0.00"
"1169","431","2568","700.00","700.00","700.00","0.00"
"1170","432","2308","2580.00","600.00","600.00","0.00"
"1171","433","2588","75009.52","65247.99","40000.00","25247.99"
"1172","434","2605","13392.34","10934.46","10934.46","0.00"
"1173","434","2606","15539.64","15539.64","15539.64","0.00"
"1174","434","2611","33235.00","33235.00","33235.00","0.00"
"1175","434","2612","1610.92","1610.92","1610.92","0.00"
"1176","434","2613","1329.72","1329.72","1329.72","0.00"
"1177","434","2619","14995.78","14995.78","12350.26","2645.52"
"1178","435","2622","870.00","870.00","870.00","0.00"
"1179","436","2599","2745.84","2745.84","2745.84","0.00"
"1180","437","2617","8385.00","8385.00","8385.00","0.00"
"1181","438","2620","2152.00","2152.00","2152.00","0.00"
"1182","439","2602","6003.00","6003.00","6003.00","0.00"
"1183","440","2677","26390.00","26390.00","26390.00","0.00"
"1184","441","2683","899.90","899.90","899.90","0.00"
"1185","442","2588","75009.52","25247.99","11018.81","14229.18"
"1186","443","2588","75009.52","14229.18","4844.07","9385.11"
