"2","1","3","11/7/2012 12:11:22"
"3","1","4","11/8/2012 05:57:12"
"4","1","4","11/9/2012 05:53:24"
"5","1","4","11/9/2012 11:30:02"
"6","1","12","11/12/2012 04:36:01"
"7","1","4","11/12/2012 06:04:18"
"8","1","1","11/13/2012 04:40:38"
"9","1","4","11/14/2012 06:28:14"
"10","1","1","11/15/2012 04:50:54"
"11","1","3","11/15/2012 12:55:09"
"12","1","11","11/16/2012 06:52:52"
"13","1","3","11/16/2012 10:25:33"
"14","1","1","11/17/2012 09:05:59"
"15","1","1","11/19/2012 04:36:22"
"16","1","1","11/19/2012 06:35:54"
"17","1","12","11/19/2012 07:47:45"
"18","1","11","11/19/2012 08:30:30"
"19","1","11","11/19/2012 10:26:56"
"20","1","4","11/20/2012 08:49:12"
"21","1","4","11/20/2012 10:56:12"
"22","1","3","11/21/2012 09:43:40"
"23","1","3","11/21/2012 12:10:29"
"24","1","4","11/22/2012 11:34:42"
"25","1","4","11/23/2012 02:57:44"
"26","1","1","11/23/2012 06:41:32"
"27","1","4","11/23/2012 09:09:08"
"28","1","3","11/23/2012 12:32:12"
"29","1","1","11/24/2012 09:49:09"
"30","1","4","11/26/2012 06:29:26"
"31","1","3","11/29/2012 02:11:27"
"32","1","4","11/29/2012 06:15:45"
"33","1","3","11/29/2012 11:17:54"
"34","1","4","11/30/2012 11:40:46"
"35","1","3","11/30/2012 12:11:46"
"36","1","1","12/1/2012 06:03:48"
"37","1","2","12/3/2012 03:34:56"
"38","1","5","12/8/2012 03:30:18"
"39","1","1","12/8/2012 06:27:45"
"40","1","1","12/8/2012 06:49:19"
"41","1","1","12/8/2012 06:49:19"
"42","1","5","12/8/2012 09:00:22"
"43","1","5","12/8/2012 09:30:12"
"44","1","2","12/12/2012 11:12:07"
"45","1","12","12/13/2012 12:03:13"
"46","1","5","12/15/2012 03:31:34"
"47","1","12","12/17/2012 03:56:40"
"48","1","12","12/17/2012 05:10:49"
"49","1","12","12/17/2012 06:38:08"
"50","1","4","12/17/2012 08:27:55"
"51","1","4","12/18/2012 11:31:26"
"52","1","6","12/19/2012 12:37:11"
"53","1","12","12/20/2012 09:53:22"
"54","1","5","12/22/2012 04:09:05"
"55","1","2","12/24/2012 04:00:24"
"56","1","12","12/24/2012 07:58:16"
"57","1","1","12/26/2012 09:45:25"
"58","1","4","12/27/2012 05:06:00"
"59","1","3","12/27/2012 09:34:49"
"60","1","12","12/27/2012 12:37:30"
"61","1","4","12/28/2012 09:04:13"
"62","1","3","12/28/2012 12:12:34"
"63","1","6","12/28/2012 12:19:17"
"64","1","6","12/29/2012 06:27:55"
"65","1","1","1/3/2013 10:03:46"
"66","1","12","1/3/2013 11:10:39"
"67","1","1","1/4/2013 06:29:29"
"68","1","4","1/4/2013 09:39:45"
"69","1","1","1/5/2013 04:55:46"
"70","1","1","1/5/2013 05:40:26"
"71","1","5","1/5/2013 10:17:57"
"72","1","1","1/7/2013 04:40:12"
"73","1","18","1/7/2013 09:28:36"
"74","1","4","1/8/2013 03:33:05"
"75","1","3","1/8/2013 09:35:28"
"76","1","1","1/9/2013 05:10:17"
"77","1","3","1/9/2013 09:19:09"
"78","1","4","1/10/2013 03:22:59"
"79","1","6","1/10/2013 12:29:04"
"80","1","4","1/11/2013 05:01:33"
"81","1","1","1/11/2013 10:35:48"
"82","1","4","1/14/2013 04:09:01"
"83","1","2","1/14/2013 04:19:26"
"84","1","4","1/14/2013 05:34:25"
"85","1","1","1/14/2013 09:58:41"
"86","1","3","1/14/2013 12:30:24"
"87","1","12","1/15/2013 02:45:24"
"88","1","4","1/15/2013 09:20:30"
"89","1","2","1/16/2013 08:13:43"
"90","1","1","1/16/2013 08:38:27"
"91","1","1","1/16/2013 08:38:37"
"92","1","4","1/16/2013 09:03:58"
"93","1","4","1/17/2013 04:49:39"
"94","1","3","1/17/2013 12:43:54"
"95","1","4","1/18/2013 06:15:46"
"96","1","12","1/18/2013 08:48:55"
"97","1","1","1/18/2013 09:42:55"
"98","1","5","1/19/2013 03:07:17"
"99","1","5","1/19/2013 04:49:55"
"100","1","5","1/19/2013 07:55:32"
"101","1","18","1/21/2013 03:46:32"
"102","1","3","1/21/2013 10:06:30"
"103","1","12","1/21/2013 11:10:52"
"104","1","1","1/23/2013 03:44:03"
"105","1","4","1/23/2013 08:01:53"
"106","1","2","1/23/2013 11:56:16"
"107","1","4","1/23/2013 12:29:45"
"108","1","6","1/24/2013 08:47:41"
"109","1","4","1/24/2013 10:57:06"
"110","1","4","1/25/2013 08:55:13"
"111","1","12","1/28/2013 10:42:22"
"112","1","1","1/28/2013 11:00:33"
"113","1","3","1/28/2013 12:13:58"
"114","1","4","1/29/2013 04:47:34"
"115","1","4","1/29/2013 11:26:25"
"116","1","4","1/29/2013 11:54:36"
"117","1","6","1/31/2013 11:10:24"
"118","1","3","1/31/2013 12:27:58"
"119","1","4","2/1/2013 03:35:15"
"120","1","12","2/1/2013 04:22:53"
"121","1","4","2/1/2013 07:52:56"
"122","1","12","2/1/2013 08:47:36"
"123","1","4","2/1/2013 11:18:38"
"124","1","6","2/2/2013 08:35:47"
"125","1","5","2/2/2013 10:06:08"
"126","1","5","2/2/2013 10:15:18"
"127","1","3","2/4/2013 10:11:24"
"128","1","3","2/6/2013 11:29:21"
"129","1","4","2/7/2013 03:53:45"
"130","1","1","2/7/2013 09:02:53"
"131","1","4","2/7/2013 11:00:45"
"132","1","3","2/8/2013 04:44:06"
"133","1","1","2/8/2013 04:45:47"
"134","1","3","2/8/2013 06:28:38"
"135","1","1","2/8/2013 09:38:16"
"136","1","1","2/8/2013 10:18:22"
"137","1","3","2/8/2013 11:01:22"
"138","1","3","2/8/2013 11:01:22"
"139","1","3","2/8/2013 11:13:34"
"140","1","1","2/9/2013 06:22:50"
"141","1","3","2/11/2013 06:57:04"
"142","1","4","2/11/2013 08:01:51"
"143","1","1","2/12/2013 04:36:36"
"144","1","4","2/12/2013 06:51:04"
"145","1","18","2/12/2013 07:48:28"
"146","1","4","2/13/2013 02:50:21"
"147","1","4","2/13/2013 05:54:25"
"148","1","4","2/13/2013 12:05:18"
"149","1","1","2/13/2013 12:30:28"
"150","1","4","2/18/2013 04:32:15"
"151","1","4","2/18/2013 12:14:01"
"152","1","1","2/19/2013 06:55:22"
"153","1","18","2/19/2013 09:53:38"
"154","1","4","2/19/2013 11:35:05"
"155","1","1","2/19/2013 12:21:16"
"156","1","3","2/20/2013 06:17:54"
"157","1","2","2/20/2013 08:40:40"
"158","1","2","2/20/2013 08:59:17"
"159","1","3","2/20/2013 09:57:20"
"160","1","3","2/20/2013 10:06:10"
"161","1","3","2/20/2013 12:22:42"
"162","1","3","2/21/2013 11:26:36"
"163","1","3","2/22/2013 12:14:22"
"164","1","1","2/23/2013 05:17:40"
"165","1","1","2/23/2013 09:47:36"
"166","1","1","2/25/2013 11:58:46"
"167","1","4","2/26/2013 09:24:11"
"168","1","18","2/27/2013 07:29:04"
"169","1","18","2/27/2013 07:29:04"
"170","1","18","2/27/2013 09:45:29"
"171","1","3","3/4/2013 04:23:33"
"172","1","4","3/4/2013 10:22:57"
"173","1","4","3/5/2013 04:35:52"
"174","1","1","3/7/2013 11:37:26"
"175","1","1","3/8/2013 05:36:46"
"176","1","4","3/8/2013 12:44:16"
"177","1","4","3/8/2013 12:44:18"
"178","1","2","3/11/2013 02:20:48"
"179","1","18","3/12/2013 03:25:36"
"180","1","3","3/12/2013 04:02:14"
"181","1","4","3/12/2013 07:13:05"
"182","1","18","3/12/2013 11:44:06"
"183","1","4","3/12/2013 12:24:13"
"184","1","4","3/12/2013 12:24:13"
"185","1","1","3/13/2013 10:31:58"
"186","1","1","3/14/2013 02:27:57"
"187","1","3","3/14/2013 04:19:52"
"188","1","1","3/14/2013 07:25:48"
"189","1","1","3/14/2013 08:32:17"
"190","1","4","3/14/2013 09:10:42"
"191","1","3","3/14/2013 10:51:01"
"192","1","1","3/15/2013 06:10:05"
"193","1","1","3/15/2013 11:09:39"
"194","1","1","3/16/2013 04:24:28"
"195","1","1","3/16/2013 09:34:31"
"196","1","3","3/19/2013 03:30:57"
"197","1","18","3/20/2013 11:45:29"
"198","1","3","3/21/2013 04:44:41"
"199","1","6","3/21/2013 12:38:57"
"200","1","4","3/22/2013 05:27:23"
"201","1","4","3/22/2013 05:27:23"
"202","1","4","3/25/2013 08:57:42"
"203","1","4","3/25/2013 12:12:33"
"204","1","4","3/25/2013 12:34:45"
"205","1","3","3/26/2013 03:16:27"
"206","1","4","3/26/2013 11:32:11"
"207","1","18","3/27/2013 05:27:26"
"208","1","4","4/1/2013 11:21:01"
"209","1","1","4/2/2013 02:40:26"
"210","1","3","4/2/2013 07:24:19"
"211","1","4","4/2/2013 09:40:09"
"212","1","1","4/3/2013 05:50:50"
"213","1","4","4/3/2013 09:09:50"
"214","1","4","4/4/2013 09:21:36"
"215","1","1","4/4/2013 11:08:48"
"216","1","3","4/4/2013 12:25:47"
"217","1","1","4/6/2013 08:27:31"
"218","1","3","4/9/2013 11:08:29"
"219","1","3","4/9/2013 11:08:29"
"220","1","1","4/11/2013 05:05:14"
"221","1","3","4/12/2013 12:18:25"
"222","1","21","4/13/2013 10:08:36"
"223","1","1","4/16/2013 04:49:43"
"224","1","4","4/16/2013 05:04:41"
"226","1","1","4/17/2013 06:13:14"
"227","1","3","4/17/2013 09:41:30"
"228","1","4","4/18/2013 04:25:34"
"229","1","1","4/19/2013 05:42:07"
"230","1","4","4/24/2013 05:22:03"
"231","1","4","4/24/2013 08:12:30"
"232","1","3","4/25/2013 12:33:27"
"233","1","4","4/26/2013 10:25:48"
"234","1","4","4/29/2013 04:59:37"
"235","1","3","4/29/2013 12:10:37"
"236","1","4","4/30/2013 02:33:09"
"237","1","4","5/3/2013 07:45:16"
"238","1","4","5/3/2013 07:45:17"
"239","1","3","5/6/2013 07:26:14"
"240","1","3","5/6/2013 10:42:11"
"241","1","1","5/7/2013 03:33:31"
"242","1","4","5/7/2013 04:41:29"
"243","1","1","5/7/2013 12:00:57"
"244","1","1","5/7/2013 12:00:57"
"245","1","3","5/7/2013 12:48:51"
"247","1","1","5/8/2013 10:39:05"
"250","1","1","5/9/2013 11:55:47"
"251","1","3","5/9/2013 12:33:39"
"252","1","3","5/9/2013 12:33:41"
"253","1","1","5/10/2013 03:18:26"
"254","1","1","5/13/2013 07:08:05"
"255","1","1","5/13/2013 08:40:20"
"256","1","1","5/14/2013 06:51:42"
"257","1","4","5/14/2013 11:06:18"
"258","1","4","5/15/2013 05:50:41"
"259","1","3","5/17/2013 09:38:32"
"260","1","4","5/20/2013 07:50:53"
"261","1","4","5/22/2013 05:52:12"
"262","1","1","5/23/2013 10:37:29"
"263","1","4","5/24/2013 08:17:18"
"264","1","4","5/24/2013 08:46:43"
"265","1","4","5/24/2013 10:52:46"
"266","1","4","5/24/2013 10:52:48"
"267","1","4","5/24/2013 10:52:52"
"268","1","4","5/24/2013 10:53:00"
"269","1","4","5/24/2013 10:53:07"
"270","1","4","5/24/2013 10:53:25"
"271","1","4","5/24/2013 10:53:27"
"272","1","3","5/24/2013 10:54:19"
"273","1","1","5/24/2013 11:04:25"
"274","1","1","5/24/2013 11:04:33"
"275","1","1","5/28/2013 11:59:18"
"276","1","1","5/29/2013 05:44:00"
"277","1","1","5/30/2013 07:10:49"
"278","1","1","6/1/2013 10:06:47"
"279","1","1","6/5/2013 03:10:46"
"280","1","3","6/5/2013 06:42:07"
"281","1","3","6/5/2013 12:29:08"
"282","1","3","6/5/2013 12:38:21"
"283","1","21","6/6/2013 10:01:50"
"284","1","1","6/6/2013 12:04:04"
"285","1","3","6/7/2013 03:25:16"
"286","1","3","6/10/2013 12:34:17"
"287","1","4","6/11/2013 08:20:52"
"288","1","4","6/11/2013 11:45:39"
"289","1","4","6/13/2013 03:24:46"
"290","1","3","6/13/2013 06:24:00"
"291","1","1","6/13/2013 06:36:14"
"292","1","4","6/13/2013 08:45:06"
"293","1","4","6/17/2013 10:54:06"
"294","1","1","6/20/2013 02:48:35"
"295","1","21","6/20/2013 09:55:05"
"296","1","4","6/21/2013 09:57:32"
"297","1","1","6/22/2013 03:58:23"
"298","1","4","6/26/2013 12:15:07"
"299","1","4","6/27/2013 04:19:34"
"300","1","4","6/28/2013 03:41:16"
"301","1","1","6/28/2013 07:03:08"
"302","1","3","6/28/2013 10:42:41"
"303","1","2","6/28/2013 10:55:35"
"304","1","1","6/29/2013 10:24:04"
"305","1","21","7/1/2013 07:30:49"
"306","1","21","7/1/2013 08:40:44"
"307","1","1","7/1/2013 09:59:34"
"308","1","1","7/1/2013 12:11:42"
"309","1","1","7/2/2013 04:54:21"
"310","1","21","7/3/2013 08:36:54"
"311","1","21","7/3/2013 09:08:45"
"312","1","6","7/4/2013 12:32:24"
"313","1","3","7/5/2013 02:59:26"
"314","1","25","7/5/2013 03:54:52"
"315","1","24","7/5/2013 07:46:32"
"316","1","24","7/5/2013 12:03:54"
"317","1","24","7/5/2013 12:05:22"
"318","1","1","7/8/2013 12:49:56"
"319","1","1","7/9/2013 10:42:07"
"320","1","1","7/9/2013 11:24:17"
"321","1","3","7/9/2013 11:57:37"
"322","1","3","7/9/2013 12:42:30"
"323","1","3","7/10/2013 07:58:59"
"324","1","24","7/10/2013 08:57:36"
"325","1","1","7/10/2013 12:16:27"
"326","1","25","7/10/2013 12:46:54"
"327","1","3","7/10/2013 12:53:28"
"328","1","24","7/12/2013 11:03:10"
"329","1","3","7/12/2013 13:09:51"
"330","1","3","7/12/2013 13:10:19"
"331","1","21","7/13/2013 11:21:15"
"332","1","3","7/14/2013 09:42:35"
"333","1","24","7/15/2013 12:16:25"
"334","1","25","7/16/2013 06:57:36"
"335","1","24","7/16/2013 08:10:46"
"336","1","21","7/16/2013 11:08:43"
"337","1","21","7/16/2013 11:08:43"
"338","1","21","7/17/2013 10:54:04"
"339","1","1","7/17/2013 11:17:37"
"340","1","1","7/17/2013 11:25:37"
"341","1","3","7/18/2013 10:43:59"
"342","1","25","7/19/2013 04:31:43"
"343","1","25","7/19/2013 04:31:44"
"344","1","25","7/19/2013 04:31:47"
"345","1","5","7/20/2013 04:20:16"
"346","1","3","7/21/2013 10:53:14"
"347","1","24","7/22/2013 04:33:35"
"348","1","1","7/22/2013 07:10:14"
"349","1","1","7/22/2013 07:32:20"
"350","1","3","7/22/2013 12:53:11"
"351","1","24","7/23/2013 04:37:26"
"352","1","21","7/24/2013 03:36:38"
"353","1","25","7/24/2013 04:43:56"
"354","1","25","7/24/2013 08:04:16"
"355","1","24","7/24/2013 09:26:01"
"356","1","24","7/25/2013 03:16:23"
"357","1","25","7/25/2013 04:31:40"
"358","1","1","7/25/2013 11:03:44"
"359","1","1","7/26/2013 06:45:12"
"360","1","3","7/26/2013 10:22:35"
"361","1","3","7/26/2013 11:25:53"
"362","1","21","7/30/2013 05:09:25"
"363","1","21","7/30/2013 05:09:25"
"364","1","21","7/30/2013 05:09:25"
"365","1","21","7/30/2013 08:53:38"
"366","1","1","7/30/2013 09:59:30"
"367","1","3","7/30/2013 12:41:10"
"368","1","3","7/30/2013 12:41:10"
"369","1","24","7/31/2013 08:19:14"
"370","1","1","7/31/2013 12:38:53"
"371","1","24","8/2/2013 09:48:37"
"372","1","24","8/2/2013 09:49:02"
"373","1","24","8/2/2013 11:39:44"
"374","1","3","8/2/2013 12:53:40"
"375","1","24","8/3/2013 03:44:25"
"376","1","25","8/5/2013 10:19:48"
"377","1","24","8/5/2013 11:20:27"
"378","1","24","8/6/2013 10:13:32"
"379","1","24","8/6/2013 10:35:38"
"380","1","24","8/6/2013 10:37:05"
"381","1","3","8/6/2013 12:20:31"
"382","1","24","8/7/2013 05:34:03"
"383","1","25","8/8/2013 09:35:52"
"384","1","3","8/8/2013 10:33:50"
"385","1","3","8/8/2013 12:17:58"
"386","1","24","8/12/2013 09:31:29"
"387","1","24","8/12/2013 11:41:14"
"388","1","25","8/14/2013 08:59:19"
"389","1","24","8/14/2013 12:28:07"
"390","1","24","8/16/2013 09:50:02"
"391","1","24","8/16/2013 09:55:41"
"392","1","25","8/16/2013 12:04:33"
"393","1","1","8/17/2013 04:51:08"
"394","1","25","8/19/2013 08:59:38"
"395","1","25","8/20/2013 03:08:17"
"396","1","24","8/20/2013 03:46:41"
"397","1","3","8/20/2013 06:51:46"
"398","1","3","8/21/2013 03:49:17"
"399","1","24","8/21/2013 10:53:02"
"400","1","24","8/21/2013 10:53:23"
"401","1","25","8/21/2013 11:36:32"
"402","1","3","8/21/2013 11:54:00"
"403","1","24","8/22/2013 09:22:55"
"404","1","24","8/22/2013 09:23:16"
"405","1","1","8/22/2013 12:22:31"
"406","1","1","8/23/2013 04:23:39"
"407","1","1","8/23/2013 04:37:06"
"408","1","25","8/23/2013 07:23:04"
"409","1","1","8/23/2013 09:02:21"
"410","1","1","8/23/2013 09:10:09"
"411","1","1","8/23/2013 10:03:28"
"412","1","24","8/26/2013 03:36:03"
"413","1","24","8/26/2013 05:47:14"
"414","1","25","8/26/2013 07:17:56"
"415","1","24","8/26/2013 09:49:13"
"416","1","25","8/26/2013 10:13:36"
"417","1","24","8/28/2013 09:32:07"
"418","1","24","8/29/2013 02:35:23"
"419","1","24","8/29/2013 05:01:57"
"420","1","24","8/29/2013 07:21:19"
"421","1","3","8/29/2013 08:48:38"
"422","1","1","8/30/2013 09:40:18"
"423","1","25","8/30/2013 11:42:05"
"424","1","1","8/31/2013 05:00:52"
"425","1","5","8/31/2013 06:40:07"
"427","1","25","9/2/2013 08:45:26"
"428","1","5","9/2/2013 08:58:13"
"429","1","6","9/2/2013 09:04:26"
"430","1","25","9/2/2013 11:13:10"
"431","1","1","9/2/2013 11:36:15"
"432","1","1","9/2/2013 12:44:40"
"433","1","5","9/3/2013 04:27:31"
"434","1","3","9/3/2013 10:26:40"
"435","1","27","9/4/2013 05:25:26"
"436","1","1","9/4/2013 06:01:28"
"437","1","25","9/4/2013 07:20:00"
"438","1","25","9/4/2013 10:54:17"
"439","1","1","9/5/2013 04:43:18"
"440","1","1","9/5/2013 08:14:22"
"441","1","25","9/5/2013 10:23:36"
"442","1","1","9/5/2013 11:06:06"
"443","1","1","9/6/2013 06:16:41"
"446","1","3","9/6/2013 07:01:39"
"447","1","1","9/6/2013 10:56:20"
"448","1","25","9/6/2013 10:58:17"
"449","1","1","9/6/2013 11:49:36"
"450","1","1","9/7/2013 09:23:54"
"451","1","25","9/9/2013 04:02:33"
"452","1","25","9/9/2013 04:04:11"
"453","1","1","9/9/2013 06:27:11"
"454","1","1","9/9/2013 07:41:10"
"455","1","25","9/9/2013 07:44:46"
"456","1","25","9/9/2013 12:19:00"
"457","1","25","9/10/2013 03:38:31"
"458","1","25","9/10/2013 04:45:55"
"459","1","3","9/10/2013 09:02:13"
"460","1","3","9/10/2013 09:05:52"
"461","1","3","9/13/2013 12:14:30"
"462","1","1","9/16/2013 05:35:47"
"463","1","1","9/16/2013 09:56:16"
"464","1","25","9/16/2013 10:12:36"
"465","1","3","9/16/2013 12:44:11"
"466","1","1","9/17/2013 07:15:27"
"467","1","25","9/18/2013 04:58:01"
"468","1","1","9/18/2013 09:09:14"
"469","1","25","9/18/2013 11:13:45"
"470","1","25","9/18/2013 12:10:45"
"471","1","1","9/19/2013 04:10:58"
"472","1","25","9/19/2013 07:09:02"
"473","1","25","9/19/2013 09:59:26"
"475","1","3","9/19/2013 12:21:44"
"476","1","3","9/20/2013 03:06:37"
"477","1","1","9/20/2013 05:20:37"
"478","1","1","9/20/2013 05:43:27"
"479","1","1","9/21/2013 04:45:17"
"480","1","1","9/21/2013 09:26:38"
"481","1","3","9/23/2013 04:46:36"
"483","1","3","9/24/2013 06:23:47"
"484","1","3","9/24/2013 10:22:07"
"485","1","25","9/24/2013 10:23:10"
"486","1","25","9/25/2013 06:01:57"
"488","1","27","9/25/2013 07:57:04"
"489","1","2","9/25/2013 09:21:22"
"490","1","25","9/26/2013 04:25:39"
"491","1","5","9/27/2013 06:54:21"
"492","1","3","9/27/2013 09:14:33"
"493","1","27","9/28/2013 05:56:40"
"494","1","25","9/30/2013 10:39:15"
"495","1","25","10/1/2013 04:09:50"
"496","1","25","10/1/2013 05:51:47"
"497","1","25","10/1/2013 10:15:57"
"498","1","27","10/2/2013 08:12:30"
"499","1","27","10/2/2013 08:39:50"
"500","1","27","10/2/2013 08:40:14"
"501","1","6","10/4/2013 03:04:33"
"502","1","5","10/4/2013 08:39:31"
"503","1","5","10/4/2013 10:07:20"
"504","1","25","10/7/2013 02:30:45"
"505","1","1","10/7/2013 06:12:29"
"506","1","25","10/7/2013 07:24:59"
"507","1","1","10/7/2013 10:00:44"
"508","1","1","10/8/2013 05:23:07"
"509","1","25","10/8/2013 11:05:24"
"510","1","1","10/9/2013 06:31:02"
"511","1","25","10/9/2013 10:18:27"
"512","1","1","10/10/2013 11:06:11"
"513","1","6","10/11/2013 02:27:46"
"514","1","1","10/11/2013 06:55:31"
"515","1","25","10/11/2013 11:49:06"
"516","1","25","10/11/2013 11:50:20"
"517","1","1","10/14/2013 04:06:29"
"518","1","3","10/14/2013 10:33:20"
"519","1","25","10/14/2013 12:25:20"
"520","1","3","10/14/2013 12:43:02"
"521","1","1","10/15/2013 10:55:25"
"522","1","25","10/15/2013 10:56:24"
"523","1","1","10/15/2013 11:44:45"
"524","1","3","10/15/2013 12:45:04"
"525","1","3","10/15/2013 12:50:35"
"526","1","25","10/16/2013 07:41:42"
"527","1","25","10/16/2013 10:39:13"
"528","1","5","10/16/2013 10:54:09"
"530","1","5","10/17/2013 03:04:20"
"531","1","1","10/17/2013 03:58:06"
"532","1","25","10/17/2013 08:31:54"
"533","1","25","10/18/2013 07:26:16"
"534","1","1","10/18/2013 07:47:30"
"535","1","25","10/18/2013 11:42:32"
"536","1","25","10/18/2013 12:21:28"
"538","1","1","10/21/2013 08:57:58"
"539","1","1","10/21/2013 09:37:21"
"540","1","1","10/21/2013 12:10:44"
"541","1","1","10/22/2013 09:09:57"
"542","1","25","10/23/2013 08:45:44"
"543","1","1","10/25/2013 03:39:53"
"544","1","27","10/25/2013 08:36:13"
"545","1","25","10/25/2013 12:26:00"
"546","1","1","10/26/2013 04:02:18"
"547","1","1","10/26/2013 06:19:54"
"548","1","5","10/26/2013 06:44:01"
"549","1","27","10/28/2013 06:08:23"
"550","1","1","10/29/2013 04:16:22"
"551","1","25","10/29/2013 08:44:06"
"552","1","25","10/29/2013 08:44:21"
"553","1","25","10/29/2013 12:24:52"
"554","1","1","10/30/2013 02:26:57"
"555","1","2","10/30/2013 02:51:49"
"556","1","25","10/31/2013 04:09:28"
"557","1","25","10/31/2013 10:19:53"
"558","1","25","10/31/2013 10:20:30"
"559","1","6","10/31/2013 10:31:19"
"560","1","25","10/31/2013 11:41:27"
"561","1","1","10/31/2013 11:45:51"
"562","1","25","10/31/2013 12:07:42"
"563","1","1","10/31/2013 12:45:12"
"564","1","25","10/31/2013 13:09:07"
"565","1","25","11/4/2013 08:30:28"
"566","1","25","11/5/2013 09:12:56"
"567","1","25","11/5/2013 11:04:51"
"568","1","3","11/5/2013 12:06:09"
"569","1","3","11/5/2013 12:11:58"
"570","1","1","11/6/2013 03:50:17"
"571","1","25","11/6/2013 04:29:28"
"572","1","25","11/6/2013 11:22:53"
"573","1","3","11/8/2013 09:17:28"
"574","1","3","11/8/2013 09:17:38"
"575","1","1","11/8/2013 10:43:19"
"576","1","1","11/9/2013 07:17:28"
"577","1","25","11/11/2013 04:15:17"
"578","1","25","11/11/2013 09:40:14"
"579","1","1","11/11/2013 11:57:15"
"580","1","25","11/12/2013 09:18:03"
"581","1","25","11/12/2013 11:56:04"
"582","1","25","11/13/2013 09:51:45"
"583","1","25","11/13/2013 10:20:32"
"584","1","3","11/15/2013 03:41:02"
"585","1","25","11/18/2013 09:53:09"
"586","1","3","11/19/2013 05:34:14"
"587","1","1","11/19/2013 09:51:06"
"588","1","3","11/19/2013 12:14:56"
"589","1","3","11/21/2013 08:11:24"
"590","1","3","11/21/2013 08:12:46"
"591","1","3","11/21/2013 12:11:51"
"592","1","3","11/22/2013 12:15:42"
"593","1","5","11/23/2013 04:04:51"
"594","1","1","11/23/2013 06:41:11"
"595","1","3","11/25/2013 12:01:32"
"596","1","25","11/26/2013 03:38:25"
"597","1","1","11/26/2013 04:33:00"
"598","1","1","11/26/2013 10:54:59"
"599","1","3","11/26/2013 11:59:14"
"600","1","1","11/27/2013 05:58:23"
"601","1","3","11/28/2013 11:45:03"
"602","1","25","12/3/2013 12:12:32"
"603","1","25","12/4/2013 09:29:36"
"604","1","1","12/4/2013 09:59:35"
"605","1","25","12/5/2013 04:06:07"
"606","1","25","12/5/2013 10:30:09"
"607","1","25","12/5/2013 11:05:46"
"608","1","1","12/7/2013 07:57:15"
"609","1","25","12/11/2013 17:28:59"
"611","1","1","12/12/2013 09:47:25"
"612","1","25","12/12/2013 10:26:59"
"613","1","25","12/12/2013 11:11:36"
"616","1","27","12/12/2013 18:12:51"
"618","1","27","12/13/2013 11:03:57"
"619","1","6","12/13/2013 11:40:07"
"621","1","25","12/13/2013 18:14:02"
"623","1","27","12/16/2013 16:32:40"
"624","1","25","12/16/2013 18:09:48"
"626","1","27","12/17/2013 09:44:32"
"627","1","1","12/17/2013 14:22:51"
"628","1","1","12/17/2013 16:57:24"
"629","1","1","12/17/2013 17:57:44"
"630","1","3","12/17/2013 18:02:21"
"631","1","25","12/19/2013 15:04:21"
"632","1","27","12/19/2013 16:11:39"
"633","1","3","12/19/2013 18:31:51"
"634","1","1","12/20/2013 17:33:50"
"635","1","3","12/20/2013 18:10:47"
"636","1","27","12/23/2013 08:31:07"
"637","1","1","12/23/2013 10:11:59"
"638","1","25","12/23/2013 12:56:47"
"639","1","25","12/24/2013 09:27:35"
"640","1","3","12/24/2013 13:15:54"
"641","1","3","12/24/2013 13:16:34"
"642","1","3","12/24/2013 14:00:50"
"643","1","3","12/26/2013 08:15:15"
"644","1","3","12/26/2013 10:59:27"
"646","1","3","12/26/2013 16:34:04"
"647","1","3","12/26/2013 18:41:31"
"648","1","1","12/28/2013 13:24:14"
"649","1","1","12/28/2013 13:50:26"
"650","1","27","12/30/2013 13:28:54"
"651","1","1","12/30/2013 18:33:29"
"652","1","25","12/31/2013 10:24:04"
"654","1","1","1/3/2014 10:33:35"
"655","1","1","1/3/2014 11:10:18"
"656","1","25","1/3/2014 16:25:34"
"657","1","3","1/3/2014 18:26:11"
"658","1","5","1/4/2014 10:45:17"
"659","1","5","1/4/2014 10:47:14"
"660","1","5","1/4/2014 15:38:38"
"661","1","25","1/6/2014 14:07:39"
"662","1","1","1/6/2014 16:21:00"
"663","1","3","1/6/2014 17:33:39"
"664","1","3","1/6/2014 17:57:12"
"665","1","3","1/6/2014 18:23:56"
"666","1","25","1/7/2014 09:26:28"
"667","1","1","1/7/2014 15:18:47"
"668","1","1","1/8/2014 17:17:25"
"669","1","3","1/10/2014 09:39:27"
"670","1","1","1/10/2014 12:27:23"
"671","1","25","1/10/2014 18:14:10"
"672","1","3","1/10/2014 18:18:40"
"673","1","5","1/11/2014 09:05:58"
"674","1","5","1/11/2014 09:25:22"
"675","1","1","1/13/2014 11:30:39"
"676","1","25","1/13/2014 12:57:38"
"677","1","25","1/13/2014 17:11:39"
"679","1","25","1/13/2014 17:29:30"
"680","1","25","1/13/2014 17:44:25"
"681","1","3","1/14/2014 16:42:47"
"682","1","3","1/14/2014 18:21:58"
"683","1","3","1/15/2014 11:52:21"
"684","1","3","1/15/2014 18:29:58"
"685","1","3","1/16/2014 18:37:15"
"686","1","25","1/17/2014 08:34:02"
"687","1","1","1/17/2014 12:16:21"
"688","1","1","1/17/2014 12:39:10"
"689","1","3","1/17/2014 13:09:51"
"690","1","3","1/17/2014 18:17:58"
"691","1","5","1/18/2014 12:38:10"
"692","1","5","1/18/2014 12:39:25"
"693","1","25","1/20/2014 18:57:46"
"694","1","1","1/21/2014 13:17:06"
"696","1","1","1/21/2014 16:50:46"
"697","1","1","1/21/2014 16:51:13"
"698","1","25","1/21/2014 16:59:52"
"699","1","6","1/21/2014 18:16:10"
"704","1","1","1/22/2014 10:53:47"
"705","1","2","1/22/2014 12:34:34"
"706","1","25","1/22/2014 13:31:48"
"707","1","3","1/22/2014 13:54:43"
"708","1","25","1/22/2014 15:37:02"
"709","1","25","1/22/2014 17:12:44"
"710","1","25","1/23/2014 11:34:11"
"711","1","25","1/23/2014 14:08:52"
"712","1","5","1/23/2014 16:50:50"
"714","1","3","1/24/2014 12:55:43"
"715","1","1","1/24/2014 17:13:53"
"718","1","25","1/25/2014 12:12:36"
"719","1","1","1/25/2014 13:43:51"
"721","1","25","1/25/2014 14:48:31"
"723","1","6","1/26/2014 14:19:49"
"736","1","6","1/26/2014 14:36:58"
"755","1","6","1/26/2014 16:43:24"
"769","1","25","1/27/2014 13:23:00"
"770","1","1","1/27/2014 16:15:49"
"771","1","3","1/27/2014 18:22:07"
"772","1","3","1/28/2014 15:19:53"
"773","1","3","1/28/2014 18:29:58"
"774","1","3","1/28/2014 18:50:17"
"776","1","3","1/29/2014 13:46:33"
"777","1","25","1/29/2014 16:11:17"
"778","1","25","1/29/2014 18:31:46"
"779","1","5","1/30/2014 18:16:35"
"780","1","3","1/30/2014 19:01:40"
"781","1","25","1/31/2014 10:46:29"
"783","1","3","1/31/2014 14:40:48"
"784","1","25","1/31/2014 17:32:27"
"785","1","1","1/31/2014 18:08:03"
"786","1","1","1/31/2014 18:17:04"
"787","1","1","2/1/2014 12:10:29"
"788","1","2","2/1/2014 15:33:15"
"789","1","2","2/1/2014 15:43:30"
"790","1","5","2/3/2014 12:27:13"
"791","1","3","2/3/2014 15:13:09"
"793","1","3","2/3/2014 18:29:30"
"794","1","3","2/3/2014 18:49:31"
"795","1","25","2/4/2014 09:41:29"
"796","1","25","2/4/2014 15:23:41"
"797","1","25","2/4/2014 15:52:43"
"798","1","3","2/4/2014 18:10:12"
"799","1","25","2/4/2014 18:16:23"
"801","1","3","2/5/2014 10:13:12"
"802","1","25","2/5/2014 12:58:30"
"803","1","3","2/5/2014 15:24:05"
"804","1","3","2/6/2014 08:51:31"
"805","1","3","2/6/2014 10:49:22"
"806","1","3","2/6/2014 11:03:43"
"807","1","3","2/6/2014 16:20:34"
"808","1","3","2/6/2014 16:31:22"
"809","1","5","2/7/2014 08:44:29"
"810","1","3","2/7/2014 11:07:25"
"811","1","1","2/7/2014 14:20:22"
"812","1","25","2/7/2014 14:24:50"
"814","1","1","2/8/2014 10:39:26"
"815","1","1","2/8/2014 10:56:08"
"816","1","25","2/10/2014 10:37:55"
"817","1","3","2/10/2014 16:21:18"
"818","1","3","2/10/2014 18:26:56"
"819","1","3","2/11/2014 09:04:49"
"822","1","25","2/11/2014 17:32:12"
"823","1","3","2/11/2014 17:57:57"
"824","1","25","2/11/2014 18:06:47"
"825","1","3","2/12/2014 10:48:14"
"826","1","3","2/12/2014 15:50:43"
"827","1","3","2/12/2014 18:27:17"
"829","1","25","2/13/2014 11:28:10"
"830","1","25","2/13/2014 11:34:14"
"831","1","25","2/13/2014 17:20:36"
"833","1","3","2/14/2014 11:10:58"
"834","1","5","2/14/2014 15:18:15"
"835","1","3","2/14/2014 16:36:55"
"836","1","3","2/14/2014 18:03:32"
"837","1","1","2/14/2014 18:18:14"
"838","1","3","2/14/2014 18:30:54"
"839","1","5","2/15/2014 11:26:44"
"840","1","5","2/15/2014 11:27:12"
"841","1","5","2/15/2014 12:35:29"
"842","1","5","2/15/2014 14:52:04"
"845","1","25","2/18/2014 16:14:41"
"846","1","3","2/19/2014 17:12:46"
"847","1","3","2/20/2014 10:15:36"
"848","1","25","2/20/2014 14:31:44"
"849","1","25","2/20/2014 14:32:08"
"850","1","25","2/20/2014 18:08:15"
"851","1","25","2/21/2014 09:43:20"
"852","1","25","2/21/2014 09:44:26"
"853","1","3","2/21/2014 10:29:57"
"854","1","3","2/21/2014 12:14:26"
"855","1","3","2/21/2014 12:55:19"
"856","1","3","2/21/2014 12:55:59"
"857","1","25","2/21/2014 14:13:02"
"858","1","25","2/21/2014 14:48:50"
"859","1","25","2/21/2014 16:00:11"
"860","1","5","2/22/2014 11:13:38"
"861","1","5","2/22/2014 15:39:48"
"863","1","3","2/24/2014 11:49:29"
"864","1","3","2/24/2014 11:51:04"
"865","1","3","2/24/2014 11:51:50"
"866","1","3","2/24/2014 13:08:28"
"867","1","25","2/24/2014 15:22:44"
"868","1","1","2/24/2014 16:34:13"
"869","1","2","2/25/2014 12:31:38"
"870","1","24","2/25/2014 12:33:26"
"871","1","1","2/25/2014 12:40:37"
"872","1","25","2/25/2014 15:20:51"
"873","1","24","2/25/2014 16:18:25"
"874","1","24","2/25/2014 18:13:28"
"875","1","25","2/25/2014 18:54:26"
"876","1","3","2/26/2014 09:27:25"
"878","1","3","2/26/2014 18:07:31"
"879","1","25","2/27/2014 10:49:28"
"880","1","3","2/27/2014 18:38:20"
"881","1","3","2/28/2014 18:43:54"
"882","1","25","3/1/2014 15:36:19"
"883","1","25","3/3/2014 11:21:18"
"884","1","1","3/3/2014 14:34:16"
"885","1","3","3/3/2014 16:49:09"
"886","1","25","3/3/2014 17:20:37"
"887","1","24","3/4/2014 08:44:35"
"888","1","24","3/4/2014 16:14:44"
"889","1","24","3/4/2014 17:18:40"
"890","1","25","3/4/2014 17:57:59"
"891","1","25","3/4/2014 18:12:41"
"892","1","3","3/5/2014 12:45:54"
"893","1","24","3/5/2014 15:18:26"
"894","1","1","3/5/2014 15:54:31"
"895","1","2","3/6/2014 16:04:39"
"896","1","24","3/7/2014 15:02:24"
"897","1","1","3/7/2014 17:26:37"
"898","1","5","3/8/2014 12:00:55"
"899","1","24","3/10/2014 16:38:34"
"900","1","25","3/11/2014 12:57:05"
"901","1","24","3/12/2014 09:16:39"
"902","1","25","3/12/2014 11:28:57"
"903","1","24","3/12/2014 16:59:27"
"904","1","25","3/13/2014 10:26:41"
"905","1","3","3/13/2014 18:31:48"
"906","1","24","3/14/2014 08:58:37"
"907","1","5","3/14/2014 10:23:48"
"908","1","1","3/14/2014 14:56:42"
"909","1","25","3/14/2014 17:54:34"
"910","1","24","3/18/2014 11:42:54"
"911","1","3","3/18/2014 17:48:01"
"912","1","3","3/19/2014 08:27:32"
"913","1","24","3/19/2014 12:36:38"
"914","1","3","3/19/2014 12:46:45"
"915","1","24","3/19/2014 15:31:53"
"916","1","1","3/19/2014 16:01:05"
"917","1","24","3/19/2014 16:48:44"
"918","1","1","3/20/2014 11:10:08"
"919","1","24","3/20/2014 12:17:37"
"920","1","24","3/20/2014 14:24:44"
"921","1","3","3/20/2014 16:18:06"
"922","1","3","3/20/2014 18:59:08"
"924","1","1","3/21/2014 11:38:11"
"925","1","1","3/21/2014 18:01:45"
"926","1","5","3/22/2014 11:17:44"
"927","1","3","3/24/2014 12:16:54"
"928","1","24","3/24/2014 15:18:18"
"929","1","1","3/24/2014 17:59:41"
"930","1","25","3/25/2014 08:47:01"
"931","1","24","3/25/2014 14:23:00"
"932","1","25","3/25/2014 14:54:14"
"933","1","3","3/25/2014 17:58:45"
"934","1","24","3/26/2014 17:33:34"
"935","1","1","3/27/2014 10:05:09"
"936","1","3","3/27/2014 15:10:08"
"937","1","1","3/27/2014 16:31:27"
"938","1","3","3/27/2014 17:47:46"
"939","1","24","3/27/2014 17:50:05"
"940","1","24","3/27/2014 18:11:06"
"941","1","1","3/27/2014 18:25:53"
"942","1","1","3/28/2014 17:06:32"
"943","1","25","3/28/2014 18:22:08"
"944","1","1","3/29/2014 10:46:44"
"945","1","25","3/31/2014 10:57:44"
"946","1","1","3/31/2014 12:53:53"
"947","1","24","3/31/2014 15:46:02"
"948","1","25","3/31/2014 16:53:51"
"950","1","1","4/1/2014 12:10:22"
"951","1","1","4/1/2014 14:37:46"
"952","1","1","4/1/2014 14:39:48"
"953","1","3","4/2/2014 18:40:35"
"954","1","3","4/2/2014 18:41:10"
"955","1","3","4/2/2014 19:06:41"
"956","1","25","4/3/2014 11:29:39"
"957","1","1","4/3/2014 11:54:43"
"958","1","25","4/3/2014 14:15:21"
"959","1","24","4/3/2014 16:33:34"
"960","1","24","4/3/2014 16:51:40"
"961","1","25","4/3/2014 17:41:16"
"963","1","24","4/4/2014 08:53:03"
"964","1","24","4/4/2014 09:28:00"
"965","1","25","4/4/2014 10:45:27"
"966","1","24","4/4/2014 12:11:10"
"967","1","25","4/4/2014 14:10:27"
"968","1","1","4/4/2014 16:04:17"
"971","1","3","4/4/2014 18:26:49"
"972","1","24","4/5/2014 10:29:30"
"973","1","5","4/5/2014 12:03:16"
"974","1","1","4/5/2014 13:27:30"
"975","1","24","4/7/2014 11:00:14"
"976","1","3","4/7/2014 11:49:32"
"977","1","24","4/7/2014 15:26:38"
"978","1","25","4/7/2014 15:39:43"
"979","1","24","4/7/2014 15:40:54"
"980","1","24","4/7/2014 17:51:22"
"981","1","24","4/8/2014 14:35:16"
"983","1","1","4/8/2014 17:48:59"
"984","1","1","4/9/2014 14:00:49"
"985","1","1","4/9/2014 18:12:37"
"986","1","24","4/10/2014 11:57:50"
"988","1","25","4/10/2014 14:47:18"
"989","1","24","4/10/2014 15:48:07"
"991","1","24","4/11/2014 15:09:37"
"993","1","24","4/11/2014 15:15:03"
"994","1","24","4/11/2014 17:10:00"
"995","1","24","4/14/2014 09:57:31"
"996","1","25","4/14/2014 12:47:15"
"997","1","25","4/14/2014 12:55:18"
"998","1","3","4/14/2014 13:00:54"
"999","1","24","4/14/2014 15:36:52"
"1000","1","3","4/14/2014 18:01:59"
"1001","1","1","4/14/2014 18:03:14"
"1002","1","1","4/15/2014 14:23:51"
"1003","1","1","4/16/2014 11:09:46"
"1004","1","1","4/21/2014 15:53:51"
"1005","1","25","4/21/2014 17:47:10"
"1006","1","1","4/22/2014 09:17:54"
"1007","1","24","4/22/2014 09:55:47"
"1008","1","3","4/22/2014 15:26:24"
"1009","1","24","4/22/2014 17:10:18"
"1010","1","25","4/23/2014 14:11:15"
"1011","1","1","4/23/2014 16:16:39"
"1012","1","24","4/24/2014 08:42:07"
"1013","1","24","4/24/2014 09:24:57"
"1014","1","25","4/24/2014 10:36:57"
"1015","1","1","4/24/2014 10:44:21"
"1016","1","1","4/24/2014 15:57:42"
"1017","1","1","4/25/2014 08:54:56"
"1018","1","1","4/25/2014 12:24:15"
"1019","1","24","4/25/2014 16:24:22"
"1020","1","24","4/25/2014 16:29:19"
"1021","1","5","4/26/2014 11:10:44"
"1022","1","5","4/26/2014 12:33:30"
"1023","1","5","4/26/2014 15:51:20"
"1024","1","1","4/28/2014 09:26:31"
"1025","1","1","4/28/2014 10:13:29"
"1026","1","24","4/28/2014 12:10:12"
"1027","1","25","4/28/2014 13:33:56"
"1028","1","3","4/28/2014 16:41:43"
"1029","1","25","4/28/2014 16:41:44"
"1030","1","3","4/28/2014 17:53:19"
"1031","1","24","4/29/2014 10:56:15"
"1032","1","1","4/29/2014 15:18:46"
"1033","1","1","4/29/2014 15:59:29"
"1034","1","1","4/29/2014 16:07:11"
"1035","1","1","4/29/2014 16:22:50"
"1036","1","24","4/30/2014 10:20:15"
"1037","1","1","4/30/2014 12:10:23"
"1038","1","3","4/30/2014 15:09:22"
"1040","1","25","4/30/2014 15:10:39"
"1041","1","24","4/30/2014 17:07:18"
"1042","1","3","4/30/2014 18:11:40"
"1043","1","3","4/30/2014 18:29:50"
"1044","1","3","4/30/2014 18:31:11"
"1045","1","25","5/2/2014 13:59:06"
"1046","1","1","5/2/2014 15:16:58"
"1047","1","3","5/2/2014 16:21:02"
"1048","1","24","5/2/2014 16:57:05"
"1049","1","24","5/2/2014 17:13:20"
"1050","1","1","5/2/2014 17:14:19"
"1051","1","24","5/3/2014 11:57:38"
"1052","1","5","5/3/2014 15:30:11"
"1053","1","24","5/5/2014 09:15:27"
"1054","1","24","5/5/2014 09:21:04"
"1055","1","24","5/5/2014 13:17:30"
"1056","1","25","5/5/2014 13:53:18"
"1057","1","1","5/5/2014 14:22:11"
"1058","1","1","5/5/2014 14:43:05"
"1059","1","25","5/5/2014 17:00:55"
"1061","1","3","5/5/2014 18:46:26"
"1062","1","24","5/6/2014 08:51:23"
"1063","1","3","5/6/2014 10:03:23"
"1064","1","1","5/6/2014 13:15:39"
"1065","1","24","5/6/2014 18:26:03"
"1066","1","3","5/6/2014 18:37:16"
"1067","1","3","5/7/2014 12:20:52"
"1068","1","24","5/7/2014 14:14:48"
"1070","1","24","5/7/2014 14:15:45"
"1071","1","1","5/7/2014 15:01:54"
"1072","1","24","5/7/2014 16:46:33"
"1073","1","3","5/7/2014 17:54:46"
"1074","1","1","5/8/2014 10:46:26"
"1076","1","24","5/12/2014 10:36:09"
"1077","1","1","5/12/2014 14:18:55"
"1079","1","3","5/12/2014 15:36:28"
"1080","1","3","5/12/2014 17:46:47"
"1081","1","24","5/12/2014 18:14:56"
"1082","1","1","5/13/2014 18:47:52"
"1083","1","25","5/14/2014 09:08:45"
"1084","1","25","5/14/2014 09:18:21"
"1085","1","24","5/14/2014 09:42:17"
"1086","1","3","5/14/2014 13:20:05"
"1087","1","1","5/15/2014 13:00:28"
"1088","1","25","5/16/2014 10:03:45"
"1089","1","1","5/16/2014 16:17:54"
"1090","1","25","5/16/2014 17:37:45"
"1091","1","5","5/17/2014 09:16:29"
"1092","1","24","5/19/2014 15:27:13"
"1093","1","24","5/19/2014 16:08:23"
"1094","1","1","5/19/2014 17:23:18"
"1095","1","3","5/19/2014 17:51:04"
"1096","1","3","5/20/2014 09:45:47"
"1097","1","24","5/20/2014 14:29:30"
"1098","1","24","5/20/2014 14:49:50"
"1099","1","24","5/20/2014 14:59:55"
"1101","1","24","5/20/2014 17:33:57"
"1102","1","24","5/21/2014 16:12:00"
"1103","1","24","5/21/2014 16:31:28"
"1104","1","1","5/21/2014 16:56:04"
"1105","1","3","5/21/2014 17:47:26"
"1106","1","3","5/22/2014 17:00:47"
"1107","1","1","5/23/2014 09:11:28"
"1108","1","3","5/23/2014 16:53:19"
"1110","1","24","5/24/2014 11:37:10"
"1111","1","24","5/24/2014 11:59:07"
"1113","1","3","5/26/2014 18:26:38"
"1114","1","1","5/27/2014 12:44:33"
"1115","1","1","5/27/2014 13:55:54"
"1116","1","24","5/27/2014 14:57:35"
"1117","1","1","5/27/2014 16:46:12"
"1118","1","24","5/27/2014 17:02:33"
"1119","1","3","5/27/2014 18:39:25"
"1120","1","24","5/28/2014 12:37:24"
"1121","1","1","5/28/2014 15:16:13"
"1122","1","24","5/28/2014 16:12:04"
"1123","1","1","5/29/2014 10:46:02"
"1124","1","1","5/29/2014 17:03:06"
"1125","1","1","5/30/2014 08:35:57"
"1126","1","3","5/30/2014 18:32:44"
"1127","1","1","5/31/2014 11:44:04"
"1128","1","1","5/31/2014 13:32:49"
"1129","1","5","5/31/2014 14:24:38"
"1130","1","1","6/2/2014 14:00:47"
"1131","1","24","6/3/2014 14:21:59"
"1132","1","25","6/3/2014 16:56:32"
"1133","1","24","6/3/2014 17:24:39"
"1134","1","24","6/4/2014 12:16:09"
"1135","1","24","6/4/2014 16:59:47"
"1136","1","25","6/4/2014 17:01:30"
"1137","1","24","6/4/2014 17:22:01"
"1138","1","24","6/4/2014 17:59:31"
"1139","1","25","6/4/2014 18:04:49"
"1140","1","1","6/5/2014 12:12:17"
"1141","1","3","6/5/2014 14:53:25"
"1142","1","25","6/5/2014 17:11:38"
"1143","1","1","6/6/2014 15:27:54"
"1144","1","1","6/6/2014 15:29:10"
"1145","1","1","6/6/2014 15:33:39"
"1146","1","5","6/7/2014 13:38:41"
"1147","1","5","6/7/2014 16:04:30"
"1149","1","25","6/9/2014 09:38:47"
"1150","1","24","6/9/2014 15:19:32"
"1151","1","24","6/9/2014 15:40:28"
"1152","1","24","6/10/2014 16:32:05"
"1153","1","3","6/10/2014 18:29:02"
"1154","1","24","6/11/2014 10:12:01"
"1155","1","1","6/11/2014 12:40:58"
"1156","1","25","6/11/2014 14:52:23"
"1157","1","3","6/11/2014 17:42:12"
"1158","1","3","6/11/2014 18:11:00"
"1159","1","3","6/12/2014 12:42:30"
"1161","1","5","6/13/2014 09:09:23"
"1162","1","25","6/13/2014 10:30:55"
"1163","1","3","6/13/2014 13:16:50"
"1164","1","24","6/13/2014 17:16:46"
"1165","1","24","6/14/2014 14:43:13"
"1166","1","25","6/16/2014 13:30:26"
"1167","1","25","6/17/2014 12:11:39"
"1168","1","24","6/17/2014 18:32:53"
"1170","1","24","6/18/2014 18:12:16"
"1171","1","24","6/19/2014 11:57:36"
"1172","1","24","6/20/2014 12:08:03"
"1174","1","3","6/20/2014 18:29:17"
"1175","1","5","6/21/2014 14:57:49"
"1176","1","25","6/23/2014 12:02:03"
"1177","1","24","6/23/2014 15:26:44"
"1178","1","25","6/23/2014 15:39:19"
"1179","1","25","6/23/2014 16:20:31"
"1180","1","3","6/24/2014 11:33:38"
"1181","1","3","6/24/2014 18:09:04"
"1182","1","3","6/25/2014 18:45:17"
"1183","1","25","6/26/2014 14:33:28"
"1184","1","24","6/26/2014 14:43:50"
"1185","1","3","6/26/2014 18:21:25"
"1186","1","5","6/28/2014 10:20:02"
"1187","1","24","7/2/2014 08:58:48"
"1188","1","24","7/2/2014 10:24:44"
"1189","1","25","7/2/2014 11:49:59"
"1190","1","24","7/2/2014 14:18:32"
"1191","1","25","7/2/2014 16:07:29"
"1192","1","25","7/2/2014 17:11:07"
"1193","1","24","7/2/2014 17:14:11"
"1194","1","3","7/2/2014 18:29:15"
"1195","1","3","7/2/2014 18:43:29"
"1196","1","24","7/3/2014 12:01:07"
"1197","1","25","7/3/2014 14:30:57"
"1198","1","3","7/3/2014 16:57:36"
"1200","1","24","7/4/2014 14:28:44"
"1201","1","25","7/4/2014 15:59:15"
"1202","1","24","7/5/2014 13:05:53"
"1203","1","24","7/5/2014 13:17:42"
"1204","1","24","7/7/2014 12:17:27"
"1205","1","25","7/7/2014 13:19:23"
"1206","1","24","7/7/2014 14:38:50"
"1207","1","24","7/7/2014 16:56:33"
"1209","1","24","7/8/2014 17:05:21"
"1210","1","3","7/8/2014 17:06:11"
"1211","1","25","7/8/2014 18:16:26"
"1212","1","24","7/9/2014 11:57:29"
"1213","1","3","7/9/2014 18:41:23"
"1214","1","3","7/9/2014 18:41:57"
"1215","1","24","7/10/2014 16:46:42"
"1216","1","3","7/10/2014 17:12:04"
"1217","1","5","7/11/2014 13:24:17"
"1218","1","24","7/11/2014 16:02:34"
"1219","1","25","7/11/2014 16:24:12"
"1220","1","24","7/11/2014 17:27:09"
"1221","1","3","7/14/2014 10:07:30"
"1222","1","25","7/14/2014 13:02:32"
"1223","1","27","7/14/2014 18:13:07"
"1224","1","24","7/15/2014 14:58:28"
"1225","1","25","7/15/2014 16:41:32"
"1226","1","25","7/15/2014 17:41:50"
"1227","1","3","7/15/2014 18:15:27"
"1228","1","24","7/16/2014 11:08:43"
"1229","1","2","7/16/2014 17:17:11"
"1230","1","3","7/16/2014 18:38:47"
"1231","1","3","7/16/2014 18:43:40"
"1232","1","25","7/17/2014 16:59:26"
"1233","1","24","7/17/2014 17:47:44"
"1234","1","24","7/18/2014 11:44:12"
"1235","1","25","7/18/2014 12:46:53"
"1236","1","25","7/18/2014 18:08:34"
"1237","1","3","7/18/2014 18:27:36"
"1238","1","5","7/19/2014 09:11:58"
"1239","1","5","7/19/2014 09:19:22"
"1240","1","5","7/19/2014 09:19:50"
"1241","1","5","7/19/2014 09:19:57"
"1242","1","25","7/19/2014 10:48:06"
"1243","1","24","7/19/2014 11:14:44"
"1244","1","5","7/19/2014 15:06:02"
"1246","1","24","7/21/2014 10:58:49"
"1247","1","33","7/21/2014 15:03:11"
"1248","1","24","7/22/2014 11:02:37"
"1249","1","25","7/22/2014 11:15:28"
"1250","1","24","7/22/2014 16:51:19"
"1251","1","24","7/22/2014 18:07:03"
"1252","1","24","7/22/2014 18:09:36"
"1254","1","3","7/23/2014 09:52:13"
"1255","1","33","7/23/2014 14:31:09"
"1256","1","24","7/23/2014 15:29:56"
"1257","1","33","7/23/2014 17:11:07"
"1258","1","25","7/24/2014 08:54:59"
"1259","1","24","7/24/2014 10:31:51"
"1260","1","24","7/24/2014 15:02:03"
"1261","1","33","7/24/2014 17:59:01"
"1262","1","24","7/25/2014 16:46:30"
"1263","1","25","7/26/2014 15:33:49"
"1264","1","5","7/26/2014 15:39:36"
"1265","1","33","7/26/2014 15:52:00"
"1266","1","5","7/26/2014 16:34:28"
"1267","1","24","7/28/2014 08:23:41"
"1268","1","24","7/28/2014 09:18:18"
"1269","1","24","7/28/2014 11:48:08"
"1270","1","25","7/28/2014 17:19:42"
"1271","1","24","7/28/2014 18:04:28"
"1272","1","3","7/28/2014 18:35:45"
"1273","1","24","7/29/2014 12:20:48"
"1274","1","25","7/29/2014 13:36:10"
"1275","1","33","7/29/2014 15:45:25"
"1276","1","33","7/29/2014 16:18:28"
"1277","1","3","7/30/2014 08:43:22"
"1279","1","3","7/30/2014 09:27:16"
"1280","1","25","7/30/2014 14:32:00"
"1281","1","24","7/30/2014 15:53:27"
"1282","1","25","7/31/2014 11:40:03"
"1284","1","24","7/31/2014 16:17:15"
"1286","1","33","7/31/2014 17:30:27"
"1287","1","3","7/31/2014 19:41:39"
"1288","1","25","8/1/2014 14:15:23"
"1289","1","25","8/2/2014 10:56:46"
"1290","1","24","8/4/2014 18:03:03"
"1291","1","3","8/4/2014 19:08:23"
"1292","1","3","8/5/2014 09:44:27"
"1294","1","25","8/6/2014 15:46:37"
"1295","1","24","8/7/2014 11:52:06"
"1296","1","25","8/7/2014 15:28:29"
"1297","1","3","8/8/2014 11:38:32"
"1298","1","3","8/8/2014 11:42:41"
"1299","1","33","8/11/2014 16:50:52"
"1300","1","33","8/11/2014 16:52:48"
"1301","1","27","8/11/2014 16:58:26"
"1302","1","3","8/12/2014 12:21:30"
"1303","1","33","8/12/2014 15:08:28"
"1304","1","25","8/13/2014 12:59:08"
"1305","1","33","8/13/2014 17:16:43"
"1306","1","3","8/13/2014 18:25:20"
"1307","1","33","8/14/2014 08:28:33"
"1308","1","5","8/16/2014 09:35:32"
"1309","1","25","8/19/2014 09:25:42"
"1311","1","25","8/19/2014 11:15:51"
"1312","1","25","8/19/2014 14:43:28"
"1313","1","24","8/19/2014 16:23:40"
"1314","1","25","8/20/2014 09:14:37"
"1315","1","24","8/20/2014 15:04:36"
"1316","1","33","8/21/2014 18:32:43"
"1317","1","24","8/22/2014 09:15:34"
"1318","1","33","8/22/2014 15:59:24"
"1319","1","24","8/22/2014 17:42:44"
"1320","1","25","8/23/2014 12:19:23"
"1321","1","25","8/23/2014 12:19:56"
"1322","1","25","8/25/2014 11:14:22"
"1323","1","24","8/25/2014 14:22:39"
"1324","1","24","8/25/2014 14:47:17"
"1325","1","24","8/25/2014 15:17:17"
"1326","1","25","8/26/2014 13:29:01"
"1327","1","24","8/26/2014 13:29:47"
"1328","1","3","8/26/2014 16:14:07"
"1329","1","3","8/26/2014 18:23:56"
"1330","1","24","8/27/2014 09:07:50"
"1331","1","33","8/27/2014 10:04:17"
"1332","1","24","8/27/2014 11:15:41"
"1333","1","24","8/27/2014 16:10:20"
"1334","1","24","8/27/2014 18:33:16"
"1335","1","33","8/28/2014 11:21:22"
"1336","1","33","8/28/2014 11:45:39"
"1337","1","3","8/28/2014 16:07:14"
"1338","1","3","8/29/2014 15:13:26"
"1339","1","25","9/1/2014 11:58:10"
"1340","1","3","9/1/2014 14:09:40"
"1341","1","25","9/1/2014 14:14:13"
"1342","1","25","9/1/2014 14:24:40"
"1343","1","33","9/1/2014 14:43:46"
"1344","1","25","9/2/2014 14:37:52"
"1345","1","25","9/2/2014 16:12:57"
"1346","1","3","9/2/2014 18:41:04"
"1347","1","3","9/2/2014 18:52:54"
"1348","1","3","9/2/2014 19:11:42"
"1349","1","25","9/3/2014 11:34:49"
"1350","1","33","9/3/2014 12:27:05"
"1351","1","33","9/3/2014 15:11:58"
"1352","1","3","9/3/2014 17:33:17"
"1353","1","27","9/4/2014 11:51:07"
"1354","1","25","9/4/2014 15:16:58"
"1355","1","33","9/4/2014 18:21:53"
"1356","1","33","9/5/2014 14:13:27"
"1358","1","3","9/5/2014 17:43:12"
"1359","1","25","9/6/2014 12:34:43"
"1360","1","3","9/8/2014 17:44:15"
"1361","1","3","9/8/2014 19:12:14"
"1362","1","25","9/9/2014 11:28:54"
"1363","1","3","9/9/2014 12:28:56"
"1364","1","25","9/10/2014 08:56:11"
"1365","1","33","9/10/2014 11:40:21"
"1366","1","25","9/10/2014 12:34:55"
"1367","1","3","9/10/2014 18:57:30"
"1368","1","24","9/11/2014 12:44:10"
"1369","1","2","9/11/2014 14:43:49"
"1371","1","25","9/11/2014 15:30:17"
"1372","1","25","9/11/2014 16:51:09"
"1373","1","3","9/11/2014 17:59:05"
"1374","1","25","9/11/2014 18:03:46"
"1375","1","3","9/11/2014 18:38:13"
"1376","1","3","9/11/2014 18:50:46"
"1377","1","25","9/12/2014 12:30:33"
"1378","1","33","9/12/2014 16:36:45"
"1379","1","25","9/16/2014 16:26:23"
"1380","1","25","9/16/2014 16:47:19"
"1381","1","24","9/16/2014 17:14:05"
"1382","1","24","9/16/2014 17:15:34"
"1383","1","33","9/16/2014 17:59:46"
"1384","1","2","9/17/2014 10:32:30"
"1385","1","2","9/17/2014 10:43:03"
"1386","1","2","9/17/2014 18:04:55"
"1387","1","24","9/18/2014 16:53:28"
"1388","1","2","9/18/2014 17:02:30"
"1389","1","33","9/18/2014 17:31:22"
"1390","1","24","9/19/2014 10:03:32"
"1391","1","24","9/19/2014 15:36:22"
"1393","1","25","9/19/2014 17:18:33"
"1394","1","25","9/19/2014 17:19:40"
"1396","1","5","9/19/2014 18:06:29"
"1397","1","33","9/19/2014 18:19:40"
"1398","1","25","9/20/2014 10:45:51"
"1399","1","33","9/20/2014 15:42:28"
"1400","1","33","9/22/2014 14:21:16"
"1401","1","24","9/23/2014 10:35:11"
"1402","1","24","9/23/2014 15:22:30"
"1403","1","24","9/23/2014 15:36:28"
"1404","1","25","9/23/2014 17:22:26"
"1407","1","25","9/23/2014 17:24:01"
"1408","1","25","9/23/2014 17:50:51"
"1409","1","2","9/23/2014 18:13:02"
"1411","1","2","9/23/2014 18:46:39"
"1412","1","2","9/23/2014 18:51:11"
"1413","1","25","9/24/2014 08:42:55"
"1414","1","24","9/24/2014 10:29:57"
"1415","1","33","9/24/2014 11:51:50"
"1417","1","24","9/24/2014 13:20:00"
"1418","1","24","9/24/2014 13:54:16"
"1420","1","25","9/24/2014 17:57:43"
"1421","1","33","9/25/2014 10:37:45"
"1422","1","27","9/25/2014 11:23:27"
"1423","1","5","9/25/2014 12:53:24"
"1424","1","24","9/25/2014 15:09:37"
"1425","1","25","9/25/2014 15:56:52"
"1426","1","25","9/25/2014 16:57:00"
"1427","1","24","9/26/2014 14:02:51"
"1428","1","24","9/26/2014 18:10:34"
"1429","1","24","9/26/2014 18:24:52"
"1430","1","24","9/29/2014 08:42:03"
"1431","1","24","9/29/2014 11:16:42"
"1432","1","25","9/29/2014 14:04:54"
"1433","1","25","9/29/2014 16:53:30"
"1434","1","25","9/29/2014 16:54:26"
"1435","1","25","9/29/2014 17:23:26"
"1436","1","24","9/29/2014 17:46:27"
"1437","1","24","9/30/2014 11:02:09"
"1438","1","25","9/30/2014 14:48:56"
"1439","1","33","9/30/2014 15:07:14"
"1440","1","25","9/30/2014 16:11:48"
"1441","1","3","9/30/2014 18:01:21"
"1442","1","25","10/1/2014 14:39:35"
"1443","1","25","10/2/2014 15:49:21"
"1444","1","25","10/2/2014 16:22:25"
"1445","1","27","10/2/2014 16:55:30"
"1446","1","33","10/3/2014 14:47:12"
"1447","1","3","10/3/2014 16:55:32"
"1449","1","27","10/4/2014 11:53:46"
"1450","1","27","10/4/2014 15:06:16"
"1451","1","24","10/4/2014 18:53:20"
"1452","1","3","10/4/2014 19:18:24"
"1453","1","3","10/4/2014 19:18:45"
"1454","1","24","10/6/2014 11:43:20"
"1455","1","24","10/7/2014 09:38:23"
"1456","1","24","10/7/2014 15:29:20"
"1457","1","24","10/7/2014 17:38:35"
"1458","1","25","10/7/2014 18:16:10"
"1459","1","33","10/8/2014 10:16:26"
"1460","1","33","10/8/2014 10:50:12"
"1461","1","33","10/8/2014 11:12:03"
"1462","1","33","10/8/2014 13:01:10"
"1464","1","3","10/8/2014 16:40:41"
"1466","1","3","10/8/2014 18:15:19"
"1467","1","25","10/9/2014 09:54:44"
"1468","1","33","10/9/2014 13:24:20"
"1469","1","33","10/9/2014 16:44:23"
"1470","1","3","10/9/2014 16:47:11"
"1471","1","27","10/10/2014 11:00:40"
"1472","1","33","10/10/2014 17:09:35"
"1473","1","33","10/10/2014 17:10:04"
"1474","1","24","10/11/2014 14:41:33"
"1475","1","33","10/13/2014 16:00:08"
"1476","1","25","10/13/2014 18:17:40"
"1477","1","25","10/13/2014 18:18:31"
"1478","1","24","10/14/2014 08:51:31"
"1479","1","25","10/14/2014 14:41:23"
"1480","1","25","10/14/2014 17:37:24"
"1481","1","33","10/15/2014 11:13:44"
"1482","1","25","10/15/2014 18:01:29"
"1483","1","24","10/16/2014 13:05:50"
"1484","1","24","10/16/2014 14:45:44"
"1485","1","24","10/16/2014 14:46:18"
"1486","1","24","10/16/2014 15:33:54"
"1488","1","24","10/16/2014 16:11:22"
"1489","1","33","10/17/2014 08:57:27"
"1490","1","24","10/17/2014 11:08:51"
"1491","1","25","10/17/2014 16:44:57"
"1492","1","25","10/18/2014 15:15:38"
"1493","1","33","10/21/2014 12:16:50"
"1494","1","24","10/21/2014 16:27:36"
"1495","1","24","10/22/2014 08:49:57"
"1496","1","25","10/22/2014 14:24:36"
"1497","1","33","10/22/2014 17:22:00"
"1498","1","27","10/22/2014 17:41:02"
"1500","1","25","10/23/2014 09:23:44"
"1501","1","25","10/23/2014 10:36:28"
"1502","1","5","10/23/2014 17:00:08"
"1503","1","3","10/23/2014 18:18:52"
"1504","1","25","10/23/2014 18:49:26"
"1505","1","25","10/24/2014 07:50:12"
"1506","1","24","10/24/2014 15:18:24"
"1507","1","3","10/24/2014 15:37:23"
"1508","1","33","11/6/2014 10:43:00"
"1509","1","25","11/6/2014 11:29:27"
"1510","1","3","11/6/2014 16:33:26"
"1511","1","33","11/6/2014 17:10:55"
"1512","1","25","11/8/2014 15:52:56"
"1513","1","33","11/10/2014 16:01:40"
"1514","1","3","11/11/2014 09:43:14"
"1515","1","33","11/11/2014 10:45:01"
"1516","1","24","11/11/2014 17:02:30"
"1518","1","24","11/12/2014 14:48:52"
"1519","1","24","11/13/2014 08:24:13"
"1520","1","25","11/13/2014 08:36:56"
"1521","1","5","11/13/2014 11:13:25"
"1522","1","25","11/13/2014 15:18:31"
"1523","1","24","11/13/2014 16:02:07"
"1524","1","24","11/13/2014 17:26:54"
"1525","1","3","11/13/2014 18:24:46"
"1526","1","24","11/13/2014 18:38:57"
"1527","1","25","11/13/2014 18:49:48"
"1529","1","24","11/14/2014 16:12:09"
"1531","1","24","11/15/2014 11:13:17"
"1532","1","25","11/15/2014 12:00:59"
"1533","1","25","11/15/2014 12:28:37"
"1534","1","5","11/15/2014 15:56:34"
"1535","1","25","11/17/2014 16:11:24"
"1536","1","25","11/17/2014 16:15:00"
"1537","1","33","11/17/2014 17:45:34"
"1539","1","25","11/17/2014 18:06:41"
"1540","1","25","11/18/2014 09:54:18"
"1541","1","25","11/18/2014 09:55:37"
"1542","1","3","11/18/2014 17:55:17"
"1544","1","3","11/18/2014 18:28:34"
"1545","1","25","11/19/2014 16:01:16"
"1546","1","24","11/20/2014 16:21:29"
"1547","1","33","11/20/2014 18:23:08"
"1549","1","24","11/21/2014 11:32:37"
"1550","1","24","11/21/2014 12:27:48"
"1551","1","24","11/21/2014 15:03:17"
"1552","1","24","11/22/2014 10:58:28"
"1553","1","24","11/22/2014 12:40:55"
"1555","1","25","11/22/2014 14:18:15"
"1556","1","25","11/22/2014 16:11:45"
"1558","1","2","11/22/2014 16:23:49"
"1560","1","25","11/24/2014 16:10:59"
"1561","1","3","11/25/2014 18:29:49"
"1562","1","27","11/26/2014 11:03:10"
"1563","1","24","11/26/2014 11:40:12"
"1564","1","3","11/26/2014 18:18:40"
"1565","1","25","11/27/2014 11:06:04"
"1566","1","24","11/29/2014 12:42:51"
"1568","1","25","11/30/2014 13:32:18"
"1569","1","25","11/30/2014 14:29:32"
"1571","1","25","11/30/2014 15:33:08"
"1572","1","3","11/30/2014 18:11:25"
"1574","1","25","12/2/2014 11:05:59"
"1575","1","25","12/2/2014 17:40:15"
"1576","1","25","12/3/2014 11:01:23"
"1577","1","25","12/3/2014 11:57:16"
"1578","1","33","12/3/2014 15:55:23"
"1579","1","25","12/3/2014 17:26:36"
"1580","1","25","12/3/2014 17:31:33"
"1581","1","33","12/3/2014 17:49:36"
"1582","1","24","12/4/2014 09:00:30"
"1583","1","25","12/4/2014 09:21:08"
"1584","1","33","12/4/2014 14:47:20"
"1585","1","3","12/4/2014 18:32:03"
"1588","1","24","12/5/2014 16:10:34"
"1589","1","3","12/5/2014 17:58:33"
"1590","1","24","12/6/2014 10:40:45"
"1591","1","33","12/6/2014 14:10:40"
"1592","1","5","12/6/2014 16:20:39"
"1593","1","5","12/6/2014 16:21:42"
"1594","1","24","12/8/2014 09:01:35"
"1595","1","25","12/8/2014 14:08:02"
"1596","1","24","12/8/2014 16:56:37"
"1597","1","3","12/8/2014 18:20:30"
"1598","1","33","12/10/2014 09:25:42"
"1599","1","24","12/10/2014 11:21:21"
"1601","1","3","12/10/2014 18:15:21"
"1602","1","25","12/11/2014 13:16:31"
"1603","1","25","12/11/2014 14:24:06"
"1604","1","24","12/12/2014 11:04:32"
"1605","1","25","12/12/2014 13:45:37"
"1607","1","5","12/13/2014 09:33:57"
"1608","1","5","12/13/2014 15:04:55"
"1609","1","33","12/15/2014 12:28:55"
"1610","1","25","12/15/2014 17:54:20"
"1611","1","24","12/16/2014 13:54:03"
"1612","1","25","12/16/2014 15:40:38"
"1614","1","3","12/18/2014 19:03:19"
"1615","1","25","12/19/2014 11:54:20"
"1616","1","3","12/19/2014 15:24:26"
"1617","1","33","12/19/2014 16:17:22"
"1618","1","3","12/19/2014 18:45:26"
"1619","1","5","12/20/2014 09:29:57"
"1620","1","33","12/22/2014 10:08:13"
"1621","1","25","12/22/2014 10:09:31"
"1622","1","24","12/22/2014 14:15:51"
"1623","1","25","12/22/2014 18:31:38"
"1624","1","25","12/22/2014 18:37:11"
"1625","1","33","12/23/2014 09:40:10"
"1626","1","33","12/26/2014 11:32:11"
"1627","1","24","12/26/2014 14:06:51"
"1628","1","25","12/26/2014 17:41:55"
"1629","1","25","12/27/2014 12:21:49"
"1630","1","33","12/29/2014 12:04:15"
"1631","1","25","12/29/2014 16:41:01"
"1632","1","33","12/29/2014 17:02:22"
"1633","1","24","12/30/2014 11:04:59"
"1634","1","25","12/30/2014 11:40:04"
"1635","1","25","12/30/2014 14:42:38"
"1636","1","3","12/30/2014 17:53:26"
"1638","1","25","1/2/2015 17:56:41"
"1639","1","25","1/3/2015 11:51:49"
"1641","1","24","1/5/2015 13:31:25"
"1642","1","27","1/5/2015 14:04:16"
"1643","1","24","1/5/2015 15:43:26"
"1644","1","25","1/5/2015 17:30:44"
"1645","1","3","1/5/2015 18:40:08"
"1646","1","3","1/5/2015 18:40:40"
"1647","1","24","1/6/2015 11:49:25"
"1649","1","25","1/6/2015 18:10:17"
"1650","1","25","1/7/2015 13:26:47"
"1651","1","24","1/7/2015 16:53:15"
"1652","1","24","1/7/2015 16:53:59"
"1653","1","33","1/7/2015 17:57:42"
"1654","1","33","1/7/2015 17:59:25"
"1656","1","3","1/7/2015 18:25:16"
"1657","1","3","1/7/2015 18:26:42"
"1659","1","25","1/8/2015 13:24:08"
"1660","1","25","1/8/2015 18:33:44"
"1661","1","24","1/9/2015 15:28:50"
"1662","1","33","1/9/2015 18:21:58"
"1663","1","25","1/10/2015 11:53:59"
"1664","1","5","1/10/2015 13:41:52"
"1665","1","5","1/10/2015 13:49:19"
"1666","1","5","1/10/2015 14:21:47"
"1667","1","25","1/10/2015 15:19:33"
"1668","1","5","1/10/2015 15:24:31"
"1669","1","24","1/12/2015 09:04:21"
"1670","1","24","1/12/2015 09:05:48"
"1671","1","33","1/12/2015 11:33:03"
"1672","1","33","1/12/2015 14:39:06"
"1673","1","24","1/12/2015 14:39:08"
"1674","1","24","1/12/2015 16:41:49"
"1675","1","24","1/12/2015 17:17:06"
"1676","1","25","1/12/2015 18:20:44"
"1677","1","3","1/13/2015 18:52:18"
"1678","1","24","1/14/2015 11:39:51"
"1679","1","24","1/14/2015 13:03:48"
"1680","1","24","1/14/2015 13:49:33"
"1681","1","3","1/14/2015 18:42:45"
"1682","1","3","1/15/2015 09:11:53"
"1683","1","24","1/15/2015 10:55:00"
"1684","1","25","1/15/2015 15:17:31"
"1685","1","24","1/15/2015 15:47:25"
"1686","1","3","1/15/2015 16:37:59"
"1687","1","25","1/15/2015 17:47:29"
"1688","1","25","1/15/2015 18:45:35"
"1690","1","3","1/16/2015 09:59:50"
"1691","1","24","1/16/2015 17:48:41"
"1692","1","3","1/16/2015 19:01:10"
"1694","1","33","1/17/2015 09:46:58"
"1695","1","25","1/17/2015 10:49:12"
"1696","1","25","1/17/2015 11:08:49"
"1699","1","24","1/19/2015 15:30:51"
"1700","1","24","1/19/2015 16:54:12"
"1702","1","24","1/19/2015 17:11:22"
"1703","1","24","1/19/2015 18:09:24"
"1704","1","3","1/19/2015 19:13:29"
"1705","1","25","1/20/2015 10:46:59"
"1706","1","25","1/20/2015 11:34:14"
"1707","1","3","1/20/2015 19:15:38"
"1708","1","33","1/21/2015 10:30:59"
"1709","1","33","1/21/2015 12:22:18"
"1710","1","24","1/21/2015 16:00:39"
"1711","1","25","1/21/2015 17:16:49"
"1712","1","25","1/22/2015 09:38:24"
"1713","1","24","1/22/2015 09:58:45"
"1715","1","3","1/22/2015 16:42:39"
"1716","1","24","1/23/2015 15:59:24"
"1717","1","24","1/23/2015 17:59:43"
"1718","1","24","1/24/2015 11:51:11"
"1719","1","25","1/24/2015 12:07:05"
"1720","1","24","1/24/2015 13:18:40"
"1721","1","24","1/24/2015 13:43:51"
"1722","1","24","1/24/2015 13:44:58"
"1723","1","24","1/26/2015 10:18:17"
"1724","1","25","1/26/2015 12:06:35"
"1725","1","3","1/26/2015 12:56:05"
"1726","1","25","1/26/2015 14:25:16"
"1727","1","25","1/26/2015 14:43:32"
"1728","1","24","1/26/2015 17:52:15"
"1729","1","3","1/26/2015 18:13:24"
"1730","1","25","1/26/2015 18:41:18"
"1731","1","25","1/26/2015 18:43:34"
"1732","1","3","1/26/2015 19:18:44"
"1733","1","24","1/27/2015 15:13:25"
"1734","1","27","1/27/2015 15:25:14"
"1735","1","25","1/27/2015 18:01:10"
"1736","1","3","1/28/2015 13:27:16"
"1737","1","25","1/28/2015 14:14:30"
"1738","1","25","1/28/2015 15:40:17"
"1739","1","25","1/28/2015 16:33:28"
"1740","1","3","1/28/2015 18:49:25"
"1741","1","3","1/28/2015 19:04:21"
"1742","1","33","1/29/2015 15:02:53"
"1743","1","5","1/29/2015 16:12:54"
"1744","1","33","1/30/2015 11:17:32"
"1745","1","24","1/30/2015 14:33:59"
"1746","1","5","1/30/2015 15:22:25"
"1747","1","24","1/30/2015 16:09:58"
"1748","1","24","1/30/2015 17:02:56"
"1749","1","24","1/30/2015 17:24:53"
"1750","1","3","1/30/2015 18:08:26"
"1751","1","25","1/31/2015 12:08:30"
"1752","1","5","1/31/2015 12:34:45"
"1753","1","24","1/31/2015 12:41:06"
"1754","1","25","1/31/2015 13:02:58"
"1755","1","24","1/31/2015 14:10:45"
"1756","1","25","2/2/2015 10:16:11"
"1757","1","25","2/2/2015 12:28:05"
"1758","1","33","2/2/2015 14:57:54"
"1759","1","27","2/2/2015 15:55:44"
"1760","1","33","2/2/2015 17:42:34"
"1761","1","24","2/2/2015 18:11:39"
"1762","1","33","2/2/2015 18:20:18"
"1763","1","3","2/2/2015 19:00:12"
"1765","1","3","2/3/2015 10:28:46"
"1766","1","3","2/3/2015 13:20:38"
"1767","1","24","2/3/2015 15:20:16"
"1768","1","3","2/3/2015 19:06:50"
"1769","1","5","2/4/2015 11:47:41"
"1770","1","24","2/4/2015 14:51:01"
"1771","1","24","2/4/2015 18:31:32"
"1773","1","24","2/4/2015 18:32:21"
"1775","1","21","2/5/2015 11:58:58"
"1776","1","24","2/5/2015 13:29:02"
"1777","1","24","2/5/2015 15:04:39"
"1778","1","33","2/5/2015 15:13:55"
"1779","1","25","2/5/2015 17:37:49"
"1780","1","24","2/5/2015 17:39:03"
"1781","1","33","2/6/2015 10:47:10"
"1782","1","33","2/6/2015 14:11:20"
"1783","1","21","2/6/2015 14:18:30"
"1784","1","25","2/6/2015 16:56:13"
"1786","1","21","2/6/2015 18:05:16"
"1788","1","25","2/7/2015 12:01:24"
"1789","1","21","2/7/2015 12:05:37"
"1790","1","5","2/7/2015 16:38:04"
"1792","1","33","2/9/2015 11:51:50"
"1793","1","33","2/9/2015 14:41:58"
"1794","1","27","2/9/2015 15:04:38"
"1795","1","21","2/9/2015 18:08:20"
"1796","1","3","2/9/2015 18:43:07"
"1797","1","33","2/10/2015 08:09:36"
"1798","1","33","2/10/2015 12:39:50"
"1799","1","33","2/10/2015 16:53:49"
"1800","1","33","2/10/2015 17:17:48"
"1801","1","33","2/10/2015 17:19:46"
"1802","1","33","2/10/2015 17:30:55"
"1803","1","33","2/10/2015 17:34:08"
"1804","1","33","2/10/2015 17:53:28"
"1805","1","21","2/10/2015 18:58:42"
"1806","1","33","2/11/2015 10:08:00"
"1807","1","33","2/11/2015 10:08:58"
"1808","1","33","2/11/2015 11:31:53"
"1809","1","25","2/11/2015 13:24:46"
"1810","1","25","2/11/2015 18:08:24"
"1811","1","25","2/11/2015 19:06:00"
"1812","1","25","2/12/2015 11:05:55"
"1813","1","25","2/12/2015 13:51:10"
"1814","1","25","2/12/2015 16:41:59"
"1815","1","25","2/13/2015 14:22:16"
"1816","1","25","2/13/2015 14:22:30"
"1817","1","3","2/13/2015 15:03:30"
"1818","1","25","2/13/2015 16:55:00"
"1819","1","25","2/13/2015 17:21:02"
"1820","1","25","2/13/2015 17:50:50"
"1821","1","25","2/13/2015 19:33:33"
"1822","1","27","2/14/2015 14:47:57"
"1823","1","33","2/16/2015 10:32:22"
"1824","1","21","2/16/2015 10:33:58"
"1825","1","21","2/16/2015 16:37:53"
"1826","1","3","2/16/2015 19:09:46"
"1827","1","3","2/17/2015 10:55:35"
"1828","1","21","2/17/2015 15:18:51"
"1829","1","33","2/17/2015 16:15:01"
"1830","1","33","2/17/2015 17:26:19"
"1831","1","21","2/17/2015 17:28:29"
"1832","1","3","2/17/2015 18:21:44"
"1833","1","3","2/17/2015 18:47:26"
"1835","1","33","2/18/2015 16:58:19"
"1836","1","25","2/18/2015 18:24:42"
"1837","1","3","2/18/2015 18:27:34"
"1838","1","3","2/18/2015 18:32:19"
"1840","1","25","2/19/2015 18:19:16"
"1841","1","3","2/19/2015 18:26:31"
"1842","1","3","2/19/2015 18:31:15"
"1844","1","33","2/20/2015 08:03:21"
"1845","1","3","2/20/2015 19:24:37"
"1846","1","25","2/21/2015 11:48:27"
"1847","1","21","2/21/2015 12:03:09"
"1848","1","25","2/21/2015 12:18:21"
"1849","1","25","2/21/2015 14:16:06"
"1850","1","3","2/21/2015 15:45:31"
"1851","1","33","2/23/2015 08:56:53"
"1852","1","21","2/23/2015 11:51:23"
"1854","1","25","2/23/2015 15:47:54"
"1856","1","21","2/23/2015 17:04:38"
"1857","1","21","2/23/2015 17:09:21"
"1858","1","25","2/23/2015 18:06:16"
"1859","1","3","2/24/2015 19:10:29"
"1860","1","3","2/24/2015 19:18:50"
"1861","1","3","2/24/2015 19:21:06"
"1863","1","25","2/25/2015 13:16:31"
"1864","1","21","2/25/2015 13:55:29"
"1865","1","21","2/25/2015 15:00:36"
"1866","1","21","2/25/2015 16:32:31"
"1867","1","3","2/25/2015 18:16:00"
"1868","1","3","2/25/2015 18:42:06"
"1869","1","25","2/26/2015 09:40:32"
"1870","1","25","2/26/2015 10:15:15"
"1871","1","25","2/26/2015 10:15:29"
"1872","1","33","2/26/2015 11:12:26"
"1873","1","25","2/26/2015 17:39:30"
"1874","1","3","2/26/2015 17:53:25"
"1875","1","3","2/26/2015 17:54:11"
"1877","1","21","2/27/2015 17:48:37"
"1879","1","3","2/27/2015 18:33:37"
"1880","1","21","2/28/2015 11:35:56"
"1881","1","21","2/28/2015 15:42:15"
"1882","1","3","3/2/2015 11:41:00"
"1883","1","25","3/2/2015 14:12:47"
"1884","1","33","3/2/2015 16:26:17"
"1886","1","33","3/2/2015 18:19:46"
"1887","1","25","3/2/2015 18:25:41"
"1888","1","3","3/2/2015 18:30:58"
"1889","1","25","3/2/2015 18:34:55"
"1890","1","33","3/3/2015 14:34:24"
"1891","1","25","3/3/2015 18:30:06"
"1892","1","3","3/4/2015 08:15:41"
"1893","1","33","3/4/2015 11:24:32"
"1894","1","25","3/4/2015 16:14:13"
"1895","1","3","3/4/2015 18:37:50"
"1896","1","33","3/5/2015 09:39:04"
"1897","1","25","3/5/2015 10:54:40"
"1898","1","25","3/5/2015 13:37:07"
"1899","1","36","3/5/2015 13:58:59"
"1900","1","21","3/5/2015 17:21:10"
"1901","1","21","3/5/2015 18:10:24"
"1902","1","25","3/6/2015 10:10:16"
"1903","1","33","3/6/2015 14:18:36"
"1904","1","25","3/6/2015 14:24:51"
"1906","1","33","3/6/2015 14:58:48"
"1907","1","36","3/6/2015 14:58:53"
"1908","1","27","3/9/2015 10:27:56"
"1909","1","33","3/9/2015 11:47:15"
"1910","1","33","3/9/2015 12:23:39"
"1911","1","21","3/9/2015 15:25:21"
"1912","1","33","3/9/2015 17:43:54"
"1913","1","3","3/9/2015 18:19:42"
"1914","1","21","3/10/2015 12:51:08"
"1916","1","33","3/10/2015 14:55:16"
"1917","1","25","3/10/2015 15:20:05"
"1918","1","25","3/10/2015 15:41:54"
"1919","1","21","3/10/2015 17:30:21"
"1920","1","36","3/10/2015 17:57:44"
"1921","1","3","3/10/2015 18:46:14"
"1922","1","33","3/11/2015 14:49:19"
"1923","1","25","3/11/2015 15:37:09"
"1924","1","36","3/11/2015 18:11:31"
"1925","1","33","3/12/2015 13:28:00"
"1926","1","3","3/12/2015 18:06:55"
"1927","1","21","3/13/2015 11:27:08"
"1928","1","3","3/13/2015 14:08:12"
"1929","1","36","3/13/2015 16:29:35"
"1930","1","3","3/13/2015 18:37:36"
"1931","1","25","3/14/2015 16:21:48"
"1932","1","25","3/16/2015 11:19:02"
"1933","1","36","3/16/2015 17:11:38"
"1934","1","3","3/16/2015 18:11:23"
"1935","1","25","3/17/2015 08:31:53"
"1937","1","25","3/17/2015 10:12:45"
"1938","1","21","3/17/2015 11:04:15"
"1939","1","21","3/17/2015 13:34:02"
"1940","1","33","3/17/2015 16:28:58"
"1941","1","25","3/17/2015 18:49:02"
"1942","1","33","3/18/2015 16:59:56"
"1945","1","3","3/18/2015 18:32:54"
"1946","1","38","3/19/2015 09:43:48"
"1948","1","38","3/19/2015 09:46:36"
"1949","1","38","3/19/2015 10:09:42"
"1950","1","37","3/19/2015 11:19:09"
"1951","1","36","3/19/2015 13:10:24"
"1952","1","37","3/19/2015 15:17:07"
"1953","1","38","3/19/2015 17:45:39"
"1954","1","38","3/20/2015 11:03:38"
"1955","1","38","3/20/2015 14:03:13"
"1956","1","37","3/21/2015 13:27:45"
"1957","1","37","3/21/2015 16:04:36"
"1958","1","33","3/23/2015 08:20:25"
"1959","1","38","3/23/2015 08:27:42"
"1960","1","3","3/23/2015 18:45:06"
"1961","1","37","3/24/2015 09:32:26"
"1962","1","38","3/24/2015 10:26:54"
"1963","1","27","3/24/2015 12:27:07"
"1964","1","37","3/24/2015 12:53:09"
"1965","1","37","3/24/2015 18:38:53"
"1966","1","37","3/24/2015 18:47:04"
"1967","1","38","3/25/2015 15:54:14"
"1968","1","38","3/26/2015 16:25:23"
"1969","1","38","3/26/2015 16:26:35"
"1970","1","37","3/26/2015 18:36:37"
"1971","1","38","3/27/2015 15:46:22"
"1973","1","37","3/27/2015 17:17:50"
"1974","1","38","3/28/2015 11:02:06"
"1975","1","21","3/28/2015 12:31:59"
"1976","1","37","3/30/2015 13:31:11"
"1977","1","38","3/30/2015 16:48:09"
"1978","1","37","3/31/2015 09:54:18"
"1979","1","38","3/31/2015 15:18:14"
"1980","1","37","3/31/2015 17:56:40"
"1981","1","37","4/1/2015 15:33:57"
"1983","1","38","4/1/2015 18:13:46"
"1984","1","37","4/6/2015 14:18:07"
"1985","1","37","4/6/2015 15:30:32"
"1986","1","37","4/6/2015 18:12:46"
"1987","1","38","4/7/2015 13:03:22"
"1989","1","37","4/7/2015 14:24:45"
"1990","1","38","4/7/2015 14:25:20"
"1991","1","37","4/7/2015 15:46:36"
"1992","1","38","4/7/2015 16:01:42"
"1993","1","37","4/7/2015 17:40:22"
"1994","1","37","4/7/2015 18:47:34"
"1995","1","38","4/7/2015 18:49:19"
"1996","1","38","4/8/2015 13:08:38"
"1997","1","38","4/8/2015 14:59:25"
"1998","1","38","4/8/2015 17:05:37"
"1999","1","37","4/8/2015 18:30:15"
"2000","1","3","4/9/2015 11:09:28"
"2001","1","37","4/9/2015 11:50:27"
"2003","1","38","4/9/2015 16:22:17"
"2004","1","37","4/9/2015 16:34:22"
"2005","1","37","4/9/2015 16:37:56"
"2006","1","38","4/10/2015 10:20:46"
"2007","1","37","4/11/2015 13:11:44"
"2008","1","37","4/11/2015 13:12:44"
"2009","1","38","4/13/2015 08:50:30"
"2010","1","37","4/13/2015 13:44:46"
"2011","1","37","4/14/2015 12:38:24"
"2012","1","37","4/14/2015 16:50:15"
"2014","1","37","4/14/2015 16:53:24"
"2015","1","38","4/15/2015 10:32:03"
"2016","1","37","4/15/2015 12:51:37"
"2017","1","37","4/15/2015 13:19:52"
"2018","1","38","4/15/2015 14:37:43"
"2019","1","37","4/15/2015 14:45:34"
"2020","1","38","4/16/2015 15:45:15"
"2021","1","37","4/16/2015 17:32:20"
"2022","1","38","4/17/2015 08:43:59"
"2023","1","38","4/17/2015 17:16:54"
"2024","1","38","4/17/2015 17:51:08"
"2025","1","3","4/17/2015 18:48:42"
"2026","1","37","4/17/2015 18:50:14"
"2027","1","37","4/18/2015 09:55:36"
"2028","1","37","4/18/2015 10:43:26"
"2029","1","37","4/20/2015 10:41:53"
"2030","1","37","4/20/2015 13:20:55"
"2031","1","37","4/20/2015 15:43:23"
"2033","1","37","4/20/2015 17:39:11"
"2034","1","37","4/21/2015 09:13:54"
"2035","1","37","4/21/2015 09:54:06"
"2036","1","37","4/21/2015 12:05:09"
"2037","1","37","4/21/2015 12:31:03"
"2038","1","38","4/21/2015 16:09:27"
"2039","1","38","4/21/2015 16:54:39"
"2040","1","37","4/22/2015 13:40:51"
"2041","1","38","4/22/2015 15:46:27"
"2042","1","37","4/22/2015 16:19:21"
"2043","1","38","4/22/2015 16:52:35"
"2044","1","38","4/22/2015 18:11:17"
"2045","1","37","4/23/2015 15:01:39"
"2046","1","37","4/23/2015 17:56:47"
"2047","1","38","4/24/2015 11:11:14"
"2048","1","37","4/24/2015 12:50:07"
"2049","1","37","4/24/2015 14:56:54"
"2050","1","37","4/24/2015 15:39:21"
"2052","1","37","4/24/2015 15:47:13"
"2054","1","37","4/25/2015 09:30:16"
"2055","1","37","4/25/2015 12:10:11"
"2056","1","37","4/25/2015 13:29:59"
"2057","1","37","4/25/2015 14:56:44"
"2058","1","38","4/27/2015 15:28:17"
"2059","1","37","4/27/2015 18:21:52"
"2060","1","37","4/28/2015 15:32:02"
"2061","1","37","4/28/2015 16:31:11"
"2062","1","37","4/28/2015 18:17:13"
"2063","1","37","4/28/2015 18:35:22"
"2064","1","3","4/28/2015 19:11:47"
"2065","1","37","4/29/2015 09:14:16"
"2066","1","37","4/29/2015 09:15:07"
"2068","1","37","4/29/2015 16:57:13"
"2069","1","38","4/29/2015 17:12:01"
"2071","1","37","4/29/2015 18:02:29"
"2073","1","37","4/30/2015 12:01:47"
"2074","1","37","4/30/2015 12:09:36"
"2075","1","37","4/30/2015 16:43:46"
"2076","1","37","4/30/2015 17:39:41"
"2077","1","37","4/30/2015 18:28:37"
"2078","1","37","4/30/2015 18:32:23"
"2080","1","3","4/30/2015 19:18:44"
"2081","1","33","5/2/2015 13:44:01"
"2082","1","5","5/2/2015 15:36:55"
"2083","1","37","5/2/2015 15:52:07"
"2084","1","37","5/4/2015 12:15:11"
"2085","1","38","5/4/2015 15:03:47"
"2086","1","37","5/4/2015 15:40:53"
"2087","1","38","5/4/2015 17:23:50"
"2088","1","37","5/4/2015 17:41:21"
"2092","1","37","5/5/2015 12:03:52"
"2093","1","37","5/5/2015 17:51:34"
"2095","1","37","5/5/2015 17:59:26"
"2096","1","37","5/6/2015 15:45:37"
"2097","1","3","5/6/2015 19:02:25"
"2099","1","37","5/7/2015 17:26:12"
"2100","1","38","5/7/2015 17:32:34"
"2101","1","3","5/7/2015 18:53:37"
"2102","1","37","5/8/2015 14:09:12"
"2103","1","33","5/8/2015 14:27:52"
"2104","1","38","5/8/2015 15:32:58"
"2106","1","37","5/8/2015 18:19:18"
"2107","1","38","5/9/2015 10:52:20"
"2108","1","37","5/9/2015 14:25:22"
"2110","1","37","5/11/2015 18:22:40"
"2111","1","38","5/12/2015 12:35:45"
"2112","1","37","5/12/2015 17:04:04"
"2114","1","37","5/12/2015 18:54:38"
"2115","1","37","5/12/2015 18:57:18"
"2116","1","38","5/13/2015 11:19:43"
"2117","1","38","5/13/2015 12:34:43"
"2118","1","37","5/13/2015 15:04:15"
"2119","1","37","5/13/2015 15:37:06"
"2120","1","38","5/13/2015 15:50:23"
"2122","1","37","5/13/2015 17:14:38"
"2123","1","33","5/14/2015 14:59:50"
"2124","1","38","5/14/2015 18:10:57"
"2125","1","37","5/14/2015 18:13:39"
"2126","1","38","5/15/2015 12:09:12"
"2127","1","38","5/15/2015 15:53:01"
"2128","1","37","5/15/2015 16:44:05"
"2129","1","37","5/15/2015 18:43:14"
"2130","1","37","5/16/2015 16:17:00"
"2131","1","37","5/16/2015 16:19:48"
"2132","1","38","5/18/2015 10:56:15"
"2133","1","38","5/18/2015 11:58:51"
"2134","1","37","5/18/2015 15:43:36"
"2135","1","37","5/18/2015 17:18:32"
"2136","1","38","5/18/2015 17:53:03"
"2138","1","37","5/19/2015 09:47:53"
"2139","1","37","5/19/2015 12:34:38"
"2140","1","37","5/19/2015 13:24:16"
"2141","1","3","5/19/2015 18:54:35"
"2142","1","37","5/20/2015 12:19:22"
"2143","1","38","5/20/2015 14:26:35"
"2144","1","37","5/20/2015 14:39:57"
"2145","1","37","5/20/2015 15:44:29"
"2146","1","37","5/21/2015 09:28:10"
"2147","1","37","5/21/2015 10:45:23"
"2148","1","37","5/21/2015 11:39:45"
"2149","1","37","5/21/2015 17:36:10"
"2151","1","3","5/21/2015 19:05:52"
"2152","1","38","5/22/2015 10:40:09"
"2153","1","38","5/22/2015 11:49:08"
"2154","1","38","5/22/2015 15:52:46"
"2155","1","38","5/22/2015 16:20:20"
"2156","1","37","5/22/2015 16:29:16"
"2157","1","38","5/23/2015 11:24:53"
"2158","1","37","5/23/2015 11:42:45"
"2159","1","37","5/23/2015 12:12:22"
"2160","1","38","5/25/2015 12:22:25"
"2163","1","37","5/25/2015 13:52:52"
"2164","1","33","5/25/2015 16:31:18"
"2165","1","38","5/25/2015 17:53:58"
"2166","1","37","5/25/2015 17:55:00"
"2167","1","37","5/26/2015 16:05:05"
"2168","1","3","5/26/2015 18:47:16"
"2169","1","37","5/27/2015 09:11:27"
"2170","1","37","5/27/2015 11:21:58"
"2171","1","38","5/27/2015 15:43:17"
"2172","1","38","5/28/2015 12:58:03"
"2173","1","38","5/28/2015 17:18:57"
"2174","1","37","5/28/2015 18:22:15"
"2175","1","38","5/28/2015 18:22:24"
"2176","1","38","5/29/2015 10:54:25"
"2177","1","37","5/29/2015 18:13:32"
"2178","1","38","5/29/2015 18:13:45"
"2179","1","37","5/30/2015 10:55:51"
"2180","1","37","5/30/2015 15:14:17"
"2181","1","37","5/30/2015 15:34:02"
"2182","1","25","6/1/2015 18:36:08"
"2183","1","3","6/1/2015 18:56:00"
